Kp_Saat_Ini,Ki_Saat_Ini,Kd_Saat_Ini,Overshoot_Riil,RiseTime_Riil,SettlingTime_Riil,SteadyStateError,Is_Stable,Rekomendasi_Aksi
14.3892609646069,27.9374715636025,7.99851727135939,4.03778870974114,0.0868310610136566,1.96555014880359,2.22044604925031e-16,1,SISTEM_SUDAH_IDEAL
16.6537367998618,22.1225852985949,5.67439883879176,3.65890016738935,0.088426856945411,1.75384344190459,1.11022302462516e-16,1,SISTEM_SUDAH_IDEAL
0.903183357457871,12.7654366481308,0.293784350191676,999,999,999,1,0,TURUNKAN_KP_DAN_KI
39.3088330374165,29.4244451509111,6.89944192745695,1.4040465107142,0.081840512309003,0.110568262120438,2.22044604925031e-16,1,SISTEM_SUDAH_IDEAL
39.0842689020362,17.9393553026966,2.84609461712204,9.39016002556616,0.0815730330047778,0.37808880209787,3.33066907387547e-16,1,SISTEM_SUDAH_IDEAL
37.4127408526122,20.8162274316181,4.42523147513293,3.14422661383729,0.081836023179238,0.366790276642267,0,1,SISTEM_SUDAH_IDEAL
21.0564154074454,4.52314126259338,5.40292024958021,0.690101206899252,0.0874975671866265,0.371274634733165,1.11022302462516e-16,1,SISTEM_SUDAH_IDEAL
9.91801331810216,22.4754801478897,7.15660247509676,5.32956556363238,0.0888021289626617,2.25471910406138,3.33066907387547e-16,1,SISTEM_SUDAH_IDEAL
35.3248521726272,22.088620594042,6.56687144816026,1.28352370007758,0.0826749735382745,0.145171718561485,2.22044604925031e-16,1,SISTEM_SUDAH_IDEAL
44.6548073442544,14.7323852973598,3.41777207792887,7.25936472188877,0.0791063057618637,0.338362602859175,2.22044604925031e-16,1,SISTEM_SUDAH_IDEAL
48.235436878943,3.74832962906149,2.08612260908165,14.7171466752514,0.0774930745146731,0.294050839399253,7.04106661864046e-09,1,SISTEM_SUDAH_IDEAL
7.84850855706566,24.2281459673147,0.673665741623887,33.5971167776179,0.209647891842778,1.61924589590577,2.22044604925031e-16,1,TURUNKAN_KP_ATAU_NAIKKAN_KD
24.6301588852743,17.9525452649543,3.65020173235539,2.54516676316918,0.0882729344507585,0.90428637701593,0,1,SISTEM_SUDAH_IDEAL
34.5279455534287,25.7072143593116,9.00638468315614,1.32031653471278,0.0830266934245235,0.194319784425286,0,1,SISTEM_SUDAH_IDEAL
47.6747771573735,27.0014047195185,0.0653692660244798,54.9701503628322,0.08236381806226,1.30479209627161,2.22044604925031e-16,1,TURUNKAN_KP_ATAU_NAIKKAN_KD
2.19661016180975,26.1267653199282,4.44400581676349,16.7346376314203,0.31177300918864,15.9248959445755,1.05838338093633e-10,1,SISTEM_SUDAH_IDEAL
22.2270266254704,9.91795862560074,9.39673106189928,1.13769268944759,0.0849670976039605,0.456131838989083,2.22044604925031e-16,1,SISTEM_SUDAH_IDEAL
35.7420631154848,28.1672106377673,5.30955940353526,1.89132989470773,0.0822997928820147,0.118950562370523,3.33066907387547e-16,1,SISTEM_SUDAH_IDEAL
1.19014908897959,24.6117324355135,2.87496057774423,27.6621679778842,0.35834953293972,96.575862763867,0.0026431621309404,1,TURUNKAN_KP_ATAU_NAIKKAN_KD
43.4689833063641,25.80632436711,5.50632368521707,2.23142092834863,0.0804092883855755,0.253270005983856,2.22044604925031e-16,1,SISTEM_SUDAH_IDEAL
22.9619249116969,25.5007330052205,3.47778352084427,3.90408968538987,0.0937574797738142,1.12465401851585,2.22044604925031e-16,1,SISTEM_SUDAH_IDEAL
12.0230499142965,1.52813424785925,1.34958498237535,2.59141547548636,0.188858406581617,0.58236366022758,2.78022049826632e-11,1,SISTEM_SUDAH_IDEAL
29.0066687930603,27.1310830141622,7.71166371913549,1.85900548890567,0.0839177010214761,0.216918018670794,2.22044604925031e-16,1,SISTEM_SUDAH_IDEAL
35.3071556847287,12.6723317236467,9.57856554459203,0.67863276841329,0.0830737383707501,0.232991506343678,0,1,SISTEM_SUDAH_IDEAL
37.8794622056484,10.9801043627868,5.50614142181343,0.751146553517268,0.0820446193770741,0.115419600231038,2.22044604925031e-16,1,SISTEM_SUDAH_IDEAL
11.1714722127603,7.67834379381708,7.35253439081163,2.58450842075717,0.0884780748445874,3.04208797342639,3.33066907387547e-16,1,SISTEM_SUDAH_IDEAL
15.8772611142534,12.672159157051,7.4844197103062,2.34166372041,0.0870582090015342,2.1308165888696,1.11022302462516e-16,1,SISTEM_SUDAH_IDEAL
17.7544516773255,13.3937558293337,0.339350721194552,32.0174831831326,0.146984619264354,1.16625172449491,2.22044604925031e-16,1,TURUNKAN_KP_ATAU_NAIKKAN_KD
36.50072254081,18.6412757283084,1.25794699349698,24.0342095385637,0.0876134647732345,0.489131692753811,0,1,TURUNKAN_KP_ATAU_NAIKKAN_KD
10.872796156669,9.25131807767342,0.309519093633485,25.8150830422294,0.195330462821933,1.63908106589753,2.22044604925031e-16,1,TURUNKAN_KP_ATAU_NAIKKAN_KD
10.1727546167269,2.02289368764649,0.00152249575564478,26.0069101793568,0.208516125974749,1.46861439454777,8.88178419700125e-16,1,TURUNKAN_KP_ATAU_NAIKKAN_KD
31.9214725020133,24.0826182424632,3.94338065680218,3.29391524979674,0.0840392729621784,0.591593118300043,1.11022302462516e-16,1,SISTEM_SUDAH_IDEAL
13.2367925081166,8.51485067262069,7.1364432283962,2.27548323939299,0.088114306460861,2.50991189474623,2.22044604925031e-16,1,SISTEM_SUDAH_IDEAL
9.80723442736927,17.4024131673673,2.47472456999387,8.80502848282734,0.187237795989279,1.67932522936377,0,1,SISTEM_SUDAH_IDEAL
46.8953398790769,16.9367048215071,8.79609091101584,0.573987535868037,0.0814431919533997,0.0997679101429146,2.22044604925031e-16,1,SISTEM_SUDAH_IDEAL
49.7338069215633,28.3875874618141,4.78376283649921,4.34694272970761,0.0783136135722592,0.331620719051494,3.33066907387547e-16,1,SISTEM_SUDAH_IDEAL
6.34971201276718,1.92467956752289,3.86664880532908,2.47837173459375,0.412338672588671,4.31631329185321,2.22044604925031e-16,1,SISTEM_SUDAH_IDEAL
28.0122845639848,27.6728767452482,9.3430846141486,1.81273404025006,0.0839278752228556,0.269234252184817,2.22044604925031e-16,1,SISTEM_SUDAH_IDEAL
41.3405969101227,5.50746375176645,3.93108093448545,4.36577574782711,0.0807088691400864,0.296754645763667,3.80784292985936e-12,1,SISTEM_SUDAH_IDEAL
45.7391073524298,16.0251087716344,4.51461598784967,4.01331030165233,0.0793595237080933,0.300946624941175,2.22044604925031e-16,1,SISTEM_SUDAH_IDEAL
14.3798266736234,18.6832229232325,1.81772486372029,8.59788441069385,0.157244847241326,1.33941215216098,1.11022302462516e-16,1,SISTEM_SUDAH_IDEAL
46.4572964202534,21.419208778333,8.32367769827503,0.747551597487295,0.0812935408912499,0.0995845875917811,2.22044604925031e-16,1,SISTEM_SUDAH_IDEAL
24.9241301144335,28.8965065619352,8.43314200065084,2.25702417447322,0.084540061601416,1.36956568673607,0,1,SISTEM_SUDAH_IDEAL
5.79487782190401,28.0853781170791,6.88364344521786,8.3772859707095,0.146410052879277,5.14591002188989,3.33066907387547e-16,1,SISTEM_SUDAH_IDEAL
15.4555895644571,25.8196365735972,9.48458494460394,3.29336417097019,0.085859852252214,2.09814609917068,1.11022302462516e-16,1,SISTEM_SUDAH_IDEAL
34.1920614264767,16.8958530854868,1.49974089105093,19.438247251764,0.0886626860563326,0.379320412812271,1.11022302462516e-16,1,SISTEM_SUDAH_IDEAL
49.4105131728683,24.450715801205,9.1221997710983,0.742506409568056,0.0811887321103292,0.0994561968351533,2.22044604925031e-16,1,SISTEM_SUDAH_IDEAL
34.2982950949624,9.09092371567247,7.31797418841154,0.552697489742715,0.0831385610651225,0.185763220727802,1.11022302462516e-16,1,SISTEM_SUDAH_IDEAL
13.9105176296063,18.457161724357,2.94852119850955,5.66703923848004,0.154030719737962,1.59216604569082,2.22044604925031e-16,1,SISTEM_SUDAH_IDEAL
26.0137735243747,22.1677135112277,7.44021085639173,1.86453260965089,0.0846265300008583,0.261864621803774,1.11022302462516e-16,1,SISTEM_SUDAH_IDEAL
20.2729721038812,4.82785262632967,0.224009672093312,32.7572602688989,0.141097860750936,1.01631259245985,0,1,TURUNKAN_KP_ATAU_NAIKKAN_KD
5.39392833901064,27.959970803528,6.1554945634954,9.46003476082384,0.178814669738952,4.99645256730706,1.11022302462516e-16,1,SISTEM_SUDAH_IDEAL
31.764200413878,0.200614561559767,2.14865677674565,9.73465291725051,0.0884596072935622,0.371281271357598,0.000412711713326464,1,SISTEM_SUDAH_IDEAL
4.15016127052824,4.84394472781167,0.918035632789459,14.5009718833288,0.420416026027315,2.60730873098772,2.22044604925031e-16,1,SISTEM_SUDAH_IDEAL
6.80666505392705,2.15388526429265,2.68847330928543,2.71815602469541,0.379522360024727,3.64013977628101,3.33066907387547e-16,1,SISTEM_SUDAH_IDEAL
2.10333525876638,22.3224030959048,9.44833135835646,8.53211873411841,0.0883664132507316,17.4197494224341,1.19450606739235e-07,1,SISTEM_SUDAH_IDEAL
11.1680268820293,18.0169610942829,4.36093243649487,5.69102774661536,0.160773111872405,1.98413803586524,2.22044604925031e-16,1,SISTEM_SUDAH_IDEAL
8.77802748252998,5.84681948562567,1.89120836332638,4.95514911553985,0.247939949551737,2.49966262740832,2.22044604925031e-16,1,SISTEM_SUDAH_IDEAL
46.594582745951,14.71631405285,7.96324414387007,0.522157175757032,0.08120424922489,0.0994752053004903,2.22044604925031e-16,1,SISTEM_SUDAH_IDEAL
9.33995573080523,6.8335354545306,8.49808373296731,2.7588779351519,0.087868757820297,3.70195093475549,5.55111512312578e-16,1,SISTEM_SUDAH_IDEAL
24.8143535233752,29.5721602734818,1.7222661804526,13.4807036525684,0.112527254682467,0.667819043583495,2.22044604925031e-16,1,SISTEM_SUDAH_IDEAL
47.6051531801571,11.4700527696705,4.47633358936399,4.09625573756272,0.0788878851816306,0.289414710635356,0,1,SISTEM_SUDAH_IDEAL
18.0945653452978,4.33401035527955,8.16638916199155,0.790256452343341,0.0862493705933631,0.610086724390752,1.11022302462516e-16,1,SISTEM_SUDAH_IDEAL
9.18557449887476,24.9891837776507,4.06295642965692,8.61768904899691,0.17515051915261,2.75052550282539,2.22044604925031e-16,1,SISTEM_SUDAH_IDEAL
21.1725404406974,15.9976254743559,4.30317476657299,2.42327996381653,0.0888192976436446,1.24824138468029,2.22044604925031e-16,1,SISTEM_SUDAH_IDEAL
0.2210653709591,19.9397823425826,2.5678792415858,999,999,999,1,0,TURUNKAN_KP_DAN_KI
29.696168869609,10.7354886513658,5.48053679601372,0.912104391997204,0.0843870272827389,0.178866779164264,1.11022302462516e-16,1,SISTEM_SUDAH_IDEAL
39.1344285612971,16.7664101726139,3.01692338655292,8.37023851334426,0.0814729538897935,0.376113289638766,1.11022302462516e-16,1,SISTEM_SUDAH_IDEAL
23.1307412250117,27.6275495911951,8.86181035202805,2.33102290525664,0.084768190850472,1.52096396197833,2.22044604925031e-16,1,SISTEM_SUDAH_IDEAL
44.0736907290199,29.1102927582382,7.52305177514364,1.13678664583698,0.0812466239855736,0.0995271143823277,2.22044604925031e-16,1,SISTEM_SUDAH_IDEAL
0.877164515967255,29.7702576009808,4.55763165741066,29.9485233225837,0.141288411496342,149.578482097943,0.0805672443515193,1,TURUNKAN_KP_ATAU_NAIKKAN_KD
26.1249127465062,2.66679070718441,7.85104577952912,0.215913012898139,0.0847644575966035,0.390056493965738,3.69440478209526e-10,1,SISTEM_SUDAH_IDEAL
35.984691539543,16.3620471472608,7.44135687805869,0.899352785450103,0.0827441746060274,0.163592764707794,3.33066907387547e-16,1,SISTEM_SUDAH_IDEAL
34.4661646730924,18.3388065267628,0.823415217677902,30.3919060846703,0.098244427168728,0.763748108048927,2.22044604925031e-16,1,TURUNKAN_KP_ATAU_NAIKKAN_KD
18.9501227727677,12.1490894578688,6.87377998840093,1.86433513058999,0.0867140332869823,0.416191428890903,2.22044604925031e-16,1,SISTEM_SUDAH_IDEAL
20.3507341369815,16.63400025158,6.18265479941905,2.2435140438879,0.0867525992408102,1.49947511980741,4.44089209850063e-16,1,SISTEM_SUDAH_IDEAL
20.9730877298573,25.3463627078142,5.51509917695376,3.13287931181105,0.0869717788016264,1.44715853387793,0,1,SISTEM_SUDAH_IDEAL
40.757488786242,9.46185004908899,8.59363018117095,0.405860355721832,0.0822651728999619,0.154192787443094,0,1,SISTEM_SUDAH_IDEAL
10.9682526212699,3.46067011653315,0.858715075213294,8.05340569926052,0.206176229598258,0.954965328077966,2.22044604925031e-16,1,SISTEM_SUDAH_IDEAL
7.83162885357915,24.0654019513296,9.6447223448495,5.27356978535851,0.0871089684381703,4.27091054904641,2.22044604925031e-16,1,SISTEM_SUDAH_IDEAL
9.93960685196992,23.3414876816366,0.264828584948619,42.3506595052977,0.185871312774201,1.60166275811774,0,1,TURUNKAN_KP_ATAU_NAIKKAN_KD
5.79394377613972,5.59867750227238,9.25405285188395,3.76148734046955,0.0879998037413899,4.96206342344518,4.44089209850063e-16,1,SISTEM_SUDAH_IDEAL
27.5854968500318,0.935197722298224,8.76555436656059,0,0.0843449665277824,0.407498328636251,9.81097902474914e-07,1,SISTEM_SUDAH_IDEAL
47.6106164087604,14.4840250860869,4.32901384373766,4.6005989928348,0.0787132431342362,0.299056178126087,2.22044604925031e-16,1,SISTEM_SUDAH_IDEAL
31.0903844840775,6.90768610687472,7.00548478254102,0.499245456006547,0.0838205454177931,0.223353297122911,1.11022302462516e-16,1,SISTEM_SUDAH_IDEAL
49.1496251467846,4.90545593895567,6.30784608459855,1.08909825309964,0.080028044865501,0.0980343549602387,3.43116202117244e-10,1,SISTEM_SUDAH_IDEAL
32.1895621407802,19.095816214719,9.8721476759212,1.10560307723904,0.0834133516176439,0.2591535328522,0,1,SISTEM_SUDAH_IDEAL
19.4456981934052,7.85173539451271,4.57808636855341,1.42522110123613,0.0961794580119363,0.317097574608078,2.22044604925031e-16,1,SISTEM_SUDAH_IDEAL
5.81871209851504,10.7431456677368,7.85349003959282,5.44632820494049,0.121052137451857,5.55253263955689,1.11022302462516e-16,1,SISTEM_SUDAH_IDEAL
15.3557754690031,21.9202199836848,6.45077851674213,3.73106173556645,0.0879558949035279,1.91930091062851,3.33066907387547e-16,1,SISTEM_SUDAH_IDEAL
42.0682782337722,15.6183078949682,3.81409152890155,5.47137725840439,0.080194593143497,0.347188900874283,3.33066907387547e-16,1,SISTEM_SUDAH_IDEAL
31.0622624886108,18.1428065110975,5.35554668956034,1.43023711905172,0.0838632478216556,0.159643989795146,2.22044604925031e-16,1,SISTEM_SUDAH_IDEAL
36.6055823297,11.2893985381934,1.21741879892213,23.626434957238,0.0881070382330195,0.508748429236852,0,1,TURUNKAN_KP_ATAU_NAIKKAN_KD
18.4461159310455,24.3233914545546,8.97703963322814,2.74952071627685,0.085573032525126,1.89704212701693,2.22044604925031e-16,1,SISTEM_SUDAH_IDEAL
17.4357131951778,0.477089751412866,0.287833455846664,25.5956856848669,0.153823663643912,0.792091929445314,1.11313976873806e-05,1,TURUNKAN_KP_ATAU_NAIKKAN_KD
42.582113637607,28.1867708785853,7.6270576933756,1.14538479703903,0.0815316335604271,0.0998762511115232,1.11022302462516e-16,1,SISTEM_SUDAH_IDEAL
48.390132445103,14.781527311697,5.54943155189496,2.30901544638424,0.0794948948208209,0.23175636073129,3.33066907387547e-16,1,SISTEM_SUDAH_IDEAL
32.7118587989503,29.1938717362159,9.03729654703445,1.56755478723138,0.0832501687790757,0.205910889696326,1.11022302462516e-16,1,SISTEM_SUDAH_IDEAL
1.35223667064678,17.2296906490406,7.2937575122949,11.2255990666069,0.292824697429037,28.468520539914,4.89808914050371e-06,1,SISTEM_SUDAH_IDEAL
7.68351519302557,1.4844727326848,5.34938684616384,1.32485062418584,0.268186884219459,1.27627247988079,1.11022302462516e-16,1,SISTEM_SUDAH_IDEAL
2.09340138841923,14.99939240825,2.10334424527367,26.3390935010611,0.416240560625837,12.8742080676528,1.55431223447522e-15,1,TURUNKAN_KP_ATAU_NAIKKAN_KD
23.8995366627507,19.6214812269144,0.489727921781804,30.7454725161343,0.126205457303135,0.976193328141878,2.22044604925031e-16,1,TURUNKAN_KP_ATAU_NAIKKAN_KD
43.0156673108076,1.18524800867678,6.40554824221822,0.0995227656793274,0.0813124448960765,0.0996077449976937,4.22304678748819e-06,1,SISTEM_SUDAH_IDEAL
25.4217270979456,17.3134773594675,8.79054663776528,1.49087663055001,0.0845160592765926,0.329843579883044,0,1,SISTEM_SUDAH_IDEAL
9.3176723840779,6.0437201613944,1.31960453296543,5.87618943303758,0.231130552670401,2.23245236150991,3.33066907387547e-16,1,SISTEM_SUDAH_IDEAL
41.2103382297274,22.0602900431736,8.93487566440367,0.897352594661394,0.0821506775245245,0.141556615732292,0,1,SISTEM_SUDAH_IDEAL
8.08424402485139,12.6687593694803,6.28907730951406,5.17927548257557,0.160943972042904,2.85132305976485,4.44089209850063e-16,1,SISTEM_SUDAH_IDEAL
29.9390655500143,8.87218405690533,7.82024018012094,0.673762463232919,0.0839602302584546,0.27085807637505,2.22044604925031e-16,1,SISTEM_SUDAH_IDEAL
19.1886117135888,29.5431357661469,2.05127979839682,10.1925850186007,0.129245281027769,1.02126734076583,2.22044604925031e-16,1,SISTEM_SUDAH_IDEAL
39.0875147477065,25.3505940535446,4.61285128551582,3.26537767044204,0.0812244054403087,0.386556244899826,2.22044604925031e-16,1,SISTEM_SUDAH_IDEAL
34.0562728254361,23.9146464224442,2.35574809183403,11.803225241576,0.0851630230752101,0.440794293411186,4.44089209850063e-16,1,SISTEM_SUDAH_IDEAL
37.7114859123069,27.6018650467422,9.94638399943021,1.18752461496809,0.0826740413222658,0.183031593002509,2.22044604925031e-16,1,SISTEM_SUDAH_IDEAL
44.2481536493397,15.1020571592155,0.0588020711096782,53.4813774164494,0.087722913230762,1.04581332202173,0,1,TURUNKAN_KP_ATAU_NAIKKAN_KD
0.854319277832804,2.87810508094831,7.8696019161028,9.11019883990607,0.695299314268356,34.0878566247719,9.44402320297577e-05,1,SISTEM_SUDAH_IDEAL
27.7796296524532,21.5855740837335,2.28478481601982,9.07291603472902,0.0959709091807796,0.585030313878139,1.11022302462516e-16,1,SISTEM_SUDAH_IDEAL
0.734594884917861,3.60671548806029,6.32978247387977,11.5817657441162,0.905896044844448,40.7225945534438,4.96102573599444e-05,1,SISTEM_SUDAH_IDEAL
0.860539930115744,28.207974038244,9.99565802166347,9.48713473275273,0.0879462762793609,72.7687956203502,0.00135677391067113,1,SISTEM_SUDAH_IDEAL
19.0109288976257,26.8561748705047,5.90050046123053,3.52565179445761,0.0872394481042734,1.57160371800836,2.22044604925031e-16,1,SISTEM_SUDAH_IDEAL
41.8527834004778,14.4703768126118,0.594410432308502,37.6881617817744,0.0862001698903738,0.695169268705796,2.22044604925031e-16,1,TURUNKAN_KP_ATAU_NAIKKAN_KD
23.1168135951749,9.56131577759458,9.1016044841047,1.05148087171159,0.0849078319836371,0.432334318108163,1.11022302462516e-16,1,SISTEM_SUDAH_IDEAL
44.9930569069066,19.5350426583891,2.46053122675982,12.8958466681217,0.0786720306085511,0.339504506559759,6.66133814775094e-16,1,SISTEM_SUDAH_IDEAL
11.8012271953813,16.4530498444281,3.92823359037477,5.34780467059681,0.162253959718269,1.94893538580863,3.33066907387547e-16,1,SISTEM_SUDAH_IDEAL
37.8397391713787,11.7771825033841,2.65420538102781,9.7260299016048,0.0826192360312103,0.369486877977347,1.11022302462516e-16,1,SISTEM_SUDAH_IDEAL
17.4445612506208,28.0278792970174,3.73853220283368,5.26803699542642,0.117853729491378,1.36438150151421,0,1,SISTEM_SUDAH_IDEAL
24.2263229175884,7.14643812606242,5.31249059103078,0.864796532235212,0.0863754685374335,0.263294715121227,2.22044604925031e-16,1,SISTEM_SUDAH_IDEAL
10.6060871951704,8.8562118816658,5.31985952222649,3.46921052069533,0.160452522529791,2.76906796940028,2.22044604925031e-16,1,SISTEM_SUDAH_IDEAL
25.4792150446809,14.9736152093114,9.11497518362777,1.30954156305083,0.0844706223445758,0.350733753671842,0,1,SISTEM_SUDAH_IDEAL
36.6171703839669,26.9913654293303,8.04924830340285,1.32307711345412,0.0826008056061737,0.157818813765221,3.33066907387547e-16,1,SISTEM_SUDAH_IDEAL
22.4967101207027,7.05017212661171,0.671237238004009,22.4390268960778,0.133016456277771,0.648015091551825,1.11022302462516e-16,1,TURUNKAN_KP_ATAU_NAIKKAN_KD
14.309937987296,12.9521378371574,4.55124342543594,3.3554458338551,0.134446769557538,2.00651870750378,2.22044604925031e-16,1,SISTEM_SUDAH_IDEAL
49.0675939165197,27.8071693536986,5.97573739079201,2.24666517073935,0.0794994091710325,0.24077900021684,1.11022302462516e-16,1,SISTEM_SUDAH_IDEAL
29.2839928043623,3.39216169053713,3.99199706004797,0.852173124746569,0.0857085907347264,0.162822921754733,5.9106275429599e-11,1,SISTEM_SUDAH_IDEAL
47.2439628750224,6.42973982605119,1.70452381814166,18.6341411621993,0.0781620674446678,0.437797134814465,2.55351295663786e-12,1,SISTEM_SUDAH_IDEAL
17.4442312061428,18.6056778030337,4.35735285074457,3.51157792351542,0.110764864572692,1.60898374990723,1.11022302462516e-16,1,SISTEM_SUDAH_IDEAL
20.8914035419388,8.55588803779202,9.05089493578955,1.11851774288161,0.0853024717838848,0.489838861138614,0,1,SISTEM_SUDAH_IDEAL
34.2388921622344,3.12789183384697,0.834784966143705,27.2878514777273,0.101041845676249,0.554407299737347,1.71472236409898e-09,1,TURUNKAN_KP_ATAU_NAIKKAN_KD
0.769699401727492,27.5628472995969,3.67572926123221,999,999,999,1,0,TURUNKAN_KP_DAN_KI
21.2012492000318,17.271287284155,1.86023054801502,9.4561480582392,0.127424441931282,0.951882892081778,1.11022302462516e-16,1,SISTEM_SUDAH_IDEAL
1.21131786789693,19.7400167692527,4.58649359616453,17.470048493752,0.39688801410888,36.8334071031729,6.60764720827878e-07,1,SISTEM_SUDAH_IDEAL
10.0994406060857,5.89558579409466,6.93574123660097,2.50941252930321,0.109344347109439,3.31655858810122,2.22044604925031e-16,1,SISTEM_SUDAH_IDEAL
37.4708575239474,16.3000285355553,5.25856285931273,1.24940877052151,0.082014289127232,0.112324221370133,0,1,SISTEM_SUDAH_IDEAL
20.4357208202046,16.7091694481282,7.30630899175558,2.09193913638199,0.0860048283663075,1.51459969768162,2.22044604925031e-16,1,SISTEM_SUDAH_IDEAL
14.7755921890724,23.5366535949734,0.758188793319802,23.9174020571183,0.155114888723169,0.72136468263744,2.22044604925031e-16,1,TURUNKAN_KP_ATAU_NAIKKAN_KD
23.6840231619596,11.9746833173978,9.11111718012147,1.2194298268126,0.0847879130104337,0.398766060593026,0,1,SISTEM_SUDAH_IDEAL
21.5011124562917,28.3525241899297,4.0452928424998,4.01048332703251,0.0888330446008492,1.24578511480591,2.22044604925031e-16,1,SISTEM_SUDAH_IDEAL
12.2248332488742,26.1785763449957,4.93988294187869,6.07795090124268,0.13321545240237,1.74179624351361,0,1,SISTEM_SUDAH_IDEAL
21.2786924240265,16.5709938305584,2.48568987407723,5.2856123306563,0.121078397186064,1.04091035841005,2.22044604925031e-16,1,SISTEM_SUDAH_IDEAL
12.9579448799469,6.29206275760098,5.80623328857634,2.02176408366583,0.12027439513263,2.08110043978566,1.11022302462516e-16,1,SISTEM_SUDAH_IDEAL
41.8575436077602,25.5797999216046,6.43897083290837,1.21038091214714,0.0812258350652019,0.0995016479548723,0,1,SISTEM_SUDAH_IDEAL
49.3503882684145,29.3694580223898,6.82626155323271,1.3508600628845,0.0800310719419134,0.0980380631288438,0,1,SISTEM_SUDAH_IDEAL
39.3738873485997,10.4639371186129,7.80514693239935,0.491985277229068,0.0822969508433876,0.147838595181104,2.22044604925031e-16,1,SISTEM_SUDAH_IDEAL
2.41986691511675,10.5849791920395,3.56997824976063,15.2284194012279,0.48921922976798,10.4323011336144,6.66133814775094e-16,1,SISTEM_SUDAH_IDEAL
6.58675192180753,29.4673883407201,4.15753843769049,11.6606758530714,0.200409742007083,3.98023108362862,2.22044604925031e-16,1,SISTEM_SUDAH_IDEAL
20.4242632920072,23.480721935731,4.33204076200704,3.47606881747484,0.0894743217652015,1.36981386575902,0,1,SISTEM_SUDAH_IDEAL
28.9139066792154,19.514049962555,0.330107895199593,35.560930835108,0.115284099715494,0.869132791918974,1.11022302462516e-16,1,TURUNKAN_KP_ATAU_NAIKKAN_KD
20.3005843351504,28.7683271131486,5.95519789208454,3.42935441265477,0.0867295800881318,1.49059748685505,0,1,SISTEM_SUDAH_IDEAL
46.7539223603409,28.1112240541625,7.55739132102865,1.0171793522715,0.0808609036002264,0.0990546069102773,0,1,SISTEM_SUDAH_IDEAL
27.0457092698008,24.7287399477322,0.107468467941946,40.6795073732477,0.119052427046905,1.34279639570551,3.33066907387547e-16,1,TURUNKAN_KP_ATAU_NAIKKAN_KD
37.425948063965,3.09104314426708,0.484107839062488,36.6247352659289,0.0977092308133405,0.72789677486616,4.96957430762279e-09,1,TURUNKAN_KP_ATAU_NAIKKAN_KD
9.38455594084661,14.1851912878309,0.0963562412951458,39.9734269969381,0.199944309236949,1.63938531989814,2.22044604925031e-16,1,TURUNKAN_KP_ATAU_NAIKKAN_KD
43.0090243752054,14.2046857885253,1.4993475024806,21.6580632954241,0.0811095250930189,0.449876857014443,0,1,TURUNKAN_KP_ATAU_NAIKKAN_KD
12.3727322816922,1.70373430418884,2.05244797760049,0.755455993164911,0.182082063667781,0.355171271433169,4.95758989416117e-12,1,SISTEM_SUDAH_IDEAL
23.374456959464,13.8292553451806,3.5105607458574,2.16570320142597,0.0944706810019541,0.750037820741774,0,1,SISTEM_SUDAH_IDEAL
22.150138596192,9.88221102234644,5.72097266663225,1.33126307211755,0.0866861271745332,0.312505138350206,3.33066907387547e-16,1,SISTEM_SUDAH_IDEAL
49.7176647128625,21.5355247417761,3.60995549494396,7.32754084138632,0.0772976604791624,0.325312591438415,3.33066907387547e-16,1,SISTEM_SUDAH_IDEAL
28.7364265543348,11.410038486948,3.72083265954268,2.08214348308451,0.0861178783303951,0.320919569053217,0,1,SISTEM_SUDAH_IDEAL
21.3137322039606,22.293806712724,3.60080485980249,3.59307794162849,0.101093821459919,1.23726271226737,0,1,SISTEM_SUDAH_IDEAL
31.4244626299935,25.5860909398218,1.20024751155449,23.2583730208867,0.100065675323652,0.393822262170366,1.11022302462516e-16,1,TURUNKAN_KP_ATAU_NAIKKAN_KD
8.81713305117434,28.5188339218462,9.77501474464618,5.15444708011432,0.0868051970176029,3.88996693965716,0,1,SISTEM_SUDAH_IDEAL
12.7002437510004,8.53861399014157,8.38286322237171,2.24798897830558,0.0872023487905972,2.75013898670022,4.44089209850063e-16,1,SISTEM_SUDAH_IDEAL
40.2050370323325,11.098839758209,3.62810980898383,5.51123692977482,0.080986491553055,0.341718713342544,2.22044604925031e-16,1,SISTEM_SUDAH_IDEAL
13.687064018432,7.78407920460052,9.9439437647829,1.79658563288125,0.0861296138987212,0.748858191676374,3.33066907387547e-16,1,SISTEM_SUDAH_IDEAL
2.41316607595038,20.2899936828352,5.01684647694468,13.9202860875092,0.33472305706376,13.6575618535243,1.81188397618826e-12,1,SISTEM_SUDAH_IDEAL
5.76440022623578,13.8394398302629,7.18630508731383,6.38531733661374,0.160398563995828,5.06977906272422,3.33066907387547e-16,1,SISTEM_SUDAH_IDEAL
48.1301403487002,15.8670032150627,9.35416699007273,0.504366505256715,0.0814792073263474,0.0998120289747755,3.33066907387547e-16,1,SISTEM_SUDAH_IDEAL
49.5793473359074,13.9714762277184,3.63796463511712,6.81586639129015,0.0775220374437917,0.303696241678101,0,1,SISTEM_SUDAH_IDEAL
4.61679290198654,25.3261127313833,4.13706063980533,13.3514450709406,0.256530666116414,5.76192858321828,1.11022302462516e-16,1,SISTEM_SUDAH_IDEAL
37.9679223161497,16.6210017515638,4.76240269518994,2.26391789510272,0.0817743661529906,0.254136429910643,2.22044604925031e-16,1,SISTEM_SUDAH_IDEAL
13.4295231737981,4.05832419144404,0.777007824223893,12.1359472267969,0.173936772675381,0.681217164415304,2.22044604925031e-16,1,SISTEM_SUDAH_IDEAL
42.4296724050915,10.1112890302353,6.73993808562364,0.437678988663204,0.0814443829865583,0.0997693691585339,2.22044604925031e-16,1,SISTEM_SUDAH_IDEAL
5.32163763602718,17.6209761351694,1.14802921597286,25.1563543330906,0.269318872464053,3.2127956373787,1.11022302462516e-16,1,TURUNKAN_KP_ATAU_NAIKKAN_KD
12.5672673562667,12.4251815844818,7.15466741055474,3.10063635123556,0.0882181557037031,2.57242955196096,0,1,SISTEM_SUDAH_IDEAL
43.5835290256602,24.4628371425178,2.32449226704971,14.2085572048534,0.0793140272830102,0.352433120478257,0,1,SISTEM_SUDAH_IDEAL
17.4167616051534,28.8183709201396,3.01312799865969,6.31806712110283,0.127873575335729,1.24572058716836,0,1,SISTEM_SUDAH_IDEAL
7.80981357020066,22.3330946691968,2.82894819213423,11.7759535758357,0.21094760228617,2.67038103341979,1.11022302462516e-16,1,SISTEM_SUDAH_IDEAL
16.5419717053193,0.0399569797279808,5.63913502706923,0,0.0888492894777775,0.644856522817922,0.00159443073521115,1,SISTEM_SUDAH_IDEAL
22.3066833236159,4.84088918026978,7.03462073076674,0.631290366535953,0.0858685116996973,0.425935850655346,1.11022302462516e-16,1,SISTEM_SUDAH_IDEAL
27.3015541045872,7.63859163131663,3.93110846323697,1.03675402127508,0.0866299693475,0.169774999172356,1.11022302462516e-16,1,SISTEM_SUDAH_IDEAL
12.3309544175825,17.480669665494,0.527434728531885,27.3850069499726,0.171481326544035,1.33334721322057,0,1,TURUNKAN_KP_ATAU_NAIKKAN_KD
30.2146337323383,1.19912426875816,8.62410181147088,0.00466002417602862,0.0839332864867519,0.34279133168294,1.32206535052859e-07,1,SISTEM_SUDAH_IDEAL
17.2554930642063,3.36700400559058,5.93426579335789,0.713944040317527,0.0882674033855228,0.549112553566322,0,1,SISTEM_SUDAH_IDEAL
31.6038371813174,23.441412858656,7.36514128965626,1.50654616709633,0.0834781743443641,0.188062019983989,2.22044604925031e-16,1,SISTEM_SUDAH_IDEAL
39.6798574796659,19.4613401277196,9.11908320418669,0.844562561669648,0.0824062846533697,0.162403972359316,5.55111512312578e-16,1,SISTEM_SUDAH_IDEAL
30.4038047025704,22.0933677719277,7.13251525249648,1.53374979707896,0.0837477378979104,0.194209951181039,1.11022302462516e-16,1,SISTEM_SUDAH_IDEAL
34.5993596756075,27.5960961421425,9.69545932645271,1.34917059166231,0.0830329487855909,0.204678577364672,3.33066907387547e-16,1,SISTEM_SUDAH_IDEAL
16.5463035610588,2.84447205181893,8.06532724290416,0.604666786888686,0.0866560713407582,0.710046270011618,3.5527136788005e-15,1,SISTEM_SUDAH_IDEAL
34.2367400910706,5.19740924839877,4.81009947957728,0.710773516635044,0.0832068416245568,0.140616158520225,2.62678767626312e-13,1,SISTEM_SUDAH_IDEAL
47.0669248104091,4.14217059439387,6.5965397071256,0.545094179843542,0.0805959720584622,0.0987300657716162,1.76121717210265e-09,1,SISTEM_SUDAH_IDEAL
9.80196270843798,18.7945193222531,6.20735066746049,5.38423775867007,0.130443765195326,2.3051896692407,1.11022302462516e-16,1,SISTEM_SUDAH_IDEAL
22.1488591145302,19.7684200030762,4.47152214920952,2.67655169134722,0.0879453761908107,1.25848869057232,4.44089209850063e-16,1,SISTEM_SUDAH_IDEAL
42.6802199502533,21.2197550220722,4.28546091239153,4.45533662065911,0.080049601550187,0.353833026133937,3.33066907387547e-16,1,SISTEM_SUDAH_IDEAL
31.1098503689826,19.2357693082941,8.87750113999928,1.21482486171776,0.0835872345582766,0.248095160782675,0,1,SISTEM_SUDAH_IDEAL
49.7802234437786,21.8506140891243,5.05822776802076,3.53492042223529,0.0786639517861343,0.292487815783575,1.11022302462516e-16,1,SISTEM_SUDAH_IDEAL
2.54644887565012,3.24655910461118,8.58296316129758,5.70151287438661,0.181172734799815,11.6353479336409,2.53411513995161e-10,1,SISTEM_SUDAH_IDEAL
45.8972242964086,20.1497952884857,4.62335572822978,3.97420663939692,0.0793176555212448,0.31627848643458,2.22044604925031e-16,1,SISTEM_SUDAH_IDEAL
48.1694864728466,2.39751728030815,3.85913478373219,5.35612674133705,0.078399464645878,0.287659562581046,1.3739326232276e-07,1,SISTEM_SUDAH_IDEAL
0.921810501794407,17.7572144997535,5.68236306327787,14.8748427762085,0.400702689008017,52.1068487517128,0.000168484318571083,1,SISTEM_SUDAH_IDEAL
0.71353452986081,17.6941592984015,3.60216531887583,20.5706645902994,0.495906065704967,148.853461181689,0.019183783973729,1,TURUNKAN_KP_ATAU_NAIKKAN_KD
1.3717335392367,29.3573928371462,1.32194080589215,999,999,999,1,0,TURUNKAN_KP_DAN_KI
27.6288282471391,25.9031426237378,6.82540688819793,2.02751068346334,0.0843472168668066,0.96749152089573,0,1,SISTEM_SUDAH_IDEAL
1.84845984148223,13.2059362846249,4.39827126578504,15.2365870122096,0.460901505136712,16.1683074820844,5.56615864510945e-11,1,SISTEM_SUDAH_IDEAL
38.4055860837301,29.9951785797401,2.57465988333992,12.0012800915267,0.0818316830043632,0.397834056202115,1.11022302462516e-16,1,SISTEM_SUDAH_IDEAL
44.390716043189,1.49164713101699,3.31655770309879,6.79757155738212,0.0794829488042506,0.299346008978525,7.42622034310969e-07,1,SISTEM_SUDAH_IDEAL
36.5776842316311,14.9610532133691,5.46659594797732,0.96559096821156,0.0823186096361868,0.123294293506358,0,1,SISTEM_SUDAH_IDEAL
11.3319680667757,3.68941999227743,4.85211990253694,1.6767520639138,0.169218123911878,0.72004953375569,2.22044604925031e-16,1,SISTEM_SUDAH_IDEAL
43.8021145844871,19.2427575210417,4.48237264729561,4.00287918378786,0.0798438879252741,0.327391628343494,1.11022302462516e-16,1,SISTEM_SUDAH_IDEAL
6.95718768734883,4.23477787941991,9.82595787707881,2.66860525732675,0.0873638977670816,5.11530332871716,0,1,SISTEM_SUDAH_IDEAL
48.6942129640054,12.8667764259942,7.56038510062081,0.434695564878629,0.0807400254932988,0.0989065312292911,1.11022302462516e-16,1,SISTEM_SUDAH_IDEAL
28.0295324746337,22.699631821645,9.75920093113044,1.53622475820623,0.0839311500676062,0.292868316963911,1.11022302462516e-16,1,SISTEM_SUDAH_IDEAL
2.19370244553725,10.5301049837008,4.76647962674611,12.7893174144251,0.483780256263686,11.9664585502758,1.87527771089435e-12,1,SISTEM_SUDAH_IDEAL
8.84676656955242,10.6771363028422,8.88469466735866,3.62228005130705,0.0876132578579863,3.39581855117934,1.11022302462516e-16,1,SISTEM_SUDAH_IDEAL
3.55765245949829,2.78242303014888,2.05804181169517,8.53308885272261,0.637029089455341,4.31205371785648,2.22044604925031e-16,1,SISTEM_SUDAH_IDEAL
30.8599489886768,8.20296151553572,7.47785372301515,0.596868056072752,0.0838185075693093,0.245294621361181,2.22044604925031e-16,1,SISTEM_SUDAH_IDEAL
15.3863165158033,22.9633308248562,2.5288573138143,6.83281241027787,0.145768347448843,1.33792629518859,1.11022302462516e-16,1,SISTEM_SUDAH_IDEAL
33.6507987702925,3.95742323055385,9.42448397517158,0.207467339569711,0.0833683099335334,0.28521147147214,3.06759062596029e-11,1,SISTEM_SUDAH_IDEAL
22.3291591501895,10.7398601686821,1.69800958046254,9.52992057093973,0.126756339386244,0.557151082221796,2.22044604925031e-16,1,SISTEM_SUDAH_IDEAL
25.0537032648504,13.5649860113684,0.662159801850896,24.1385011082951,0.124006170984955,0.920831404395844,0,1,TURUNKAN_KP_ATAU_NAIKKAN_KD
44.4940837320101,27.2335237770404,7.82654328509083,1.02982884390523,0.081322802269811,0.0996204327805184,4.44089209850063e-16,1,SISTEM_SUDAH_IDEAL
23.6971779606447,23.884269112529,8.7564738845527,2.06936457392901,0.0847394535053883,1.37338805008055,0,1,SISTEM_SUDAH_IDEAL
33.7125781085349,2.11148207077497,1.2447190516367,20.3232359861835,0.0967049062352294,0.5309382959124,6.06445973438952e-08,1,TURUNKAN_KP_ATAU_NAIKKAN_KD
21.3683091674687,23.4799730618148,5.89146545218194,2.79306651302462,0.0865385942844751,1.46338653215015,0,1,SISTEM_SUDAH_IDEAL
23.7067953193284,1.01365413936251,1.80073535625725,6.77988716228339,0.123946264099946,0.431078569400632,3.05233040176489e-07,1,SISTEM_SUDAH_IDEAL
46.6909829394506,17.7229202760684,5.06335507400454,3.04971271523622,0.0794732099717324,0.279869340041914,1.11022302462516e-16,1,SISTEM_SUDAH_IDEAL
11.0219428354468,28.5615310782021,3.62259513867018,8.58492308271508,0.160391597207243,1.50828700958222,0,1,SISTEM_SUDAH_IDEAL
23.0273377351585,24.9243041394471,7.90665029293851,2.31466382512415,0.0850794542669215,1.46690157808423,1.11022302462516e-16,1,SISTEM_SUDAH_IDEAL
22.1511366638211,18.7210138134543,9.55508256317789,1.82344271734733,0.0848469727010163,0.389981209908238,1.11022302462516e-16,1,SISTEM_SUDAH_IDEAL
33.2739329234566,7.99472830093064,7.23154840215161,0.511263483279367,0.083349022136531,0.194395276871237,2.22044604925031e-16,1,SISTEM_SUDAH_IDEAL
28.1538943172228,29.1894200206079,3.00872644671042,5.93156183006702,0.0872940843360462,0.812412759234213,5.55111512312578e-16,1,SISTEM_SUDAH_IDEAL
24.9510249143676,8.5186232525404,0.742080047906911,21.0933117482617,0.125166320819824,0.811168355791724,3.33066907387547e-16,1,TURUNKAN_KP_ATAU_NAIKKAN_KD
5.66985936792046,2.25920807911752,9.96192027605659,2.28025262343459,0.0875171294508207,6.4318713222708,0,1,SISTEM_SUDAH_IDEAL
30.0798839971352,23.6690404014736,8.61268639611926,1.52047962292388,0.0837107530411075,0.240267840520117,0,1,SISTEM_SUDAH_IDEAL
41.4534133141369,28.1077119581345,0.358534605987286,46.0651147534195,0.087871168172109,1.03413138125932,2.22044604925031e-16,1,TURUNKAN_KP_ATAU_NAIKKAN_KD
7.08553934142885,21.7632624262253,8.72094169044431,5.80269498132704,0.0879739646151178,4.38823072796952,2.22044604925031e-16,1,SISTEM_SUDAH_IDEAL
18.8051635763574,6.48562551712766,5.7601009917298,1.18135444725493,0.0878655230289892,0.430878318446827,2.22044604925031e-16,1,SISTEM_SUDAH_IDEAL
1.3823377539352,1.30514773798304,9.33449284045686,5.71159280959932,0.0888831141135713,19.7151295548396,2.0378278045019e-06,1,SISTEM_SUDAH_IDEAL
20.1825964133517,23.5476230459504,2.42628568324623,6.63232603733086,0.123874485059491,1.12571423554877,0,1,SISTEM_SUDAH_IDEAL
30.5271362480709,26.7955172851325,6.29419861274986,1.8941478531177,0.0837145635884151,0.170983536638994,2.22044604925031e-16,1,SISTEM_SUDAH_IDEAL
46.3073435675751,29.8741371510315,1.5008987270811,23.3911475558827,0.0782020321165728,0.44241356173734,2.22044604925031e-16,1,TURUNKAN_KP_ATAU_NAIKKAN_KD
1.33984498821057,27.3379229360836,1.4799745847627,999,999,999,1,0,TURUNKAN_KP_DAN_KI
4.59715286445742,21.4708079745374,1.750144087214,23.5452962545424,0.276619202059297,4.51587006890162,0,1,TURUNKAN_KP_ATAU_NAIKKAN_KD
8.08607950882544,14.3679643150108,9.48731651592942,4.28871419315879,0.087278670417065,3.17830298351029,2.22044604925031e-16,1,SISTEM_SUDAH_IDEAL
37.15350707292,20.1700038639216,0.703452477692121,34.633377406769,0.0929211586941641,0.749800146138118,0,1,TURUNKAN_KP_ATAU_NAIKKAN_KD
15.4052742667888,28.1049916654874,8.56937003671443,3.66489500891451,0.0862784233304842,1.96702719687485,3.33066907387547e-16,1,SISTEM_SUDAH_IDEAL
44.6423690368572,17.6576075651284,1.62586327547285,20.5656592769583,0.0795693538101063,0.432985855737813,2.22044604925031e-16,1,TURUNKAN_KP_ATAU_NAIKKAN_KD
8.90225599035493,22.4269084399706,9.45285815976482,4.80456353059298,0.0870589430725198,2.57564709661646,0,1,SISTEM_SUDAH_IDEAL
32.9989894501252,16.3149593084813,5.97653088285055,1.12081412656837,0.0832748120761263,0.158355369695757,2.22044604925031e-16,1,SISTEM_SUDAH_IDEAL
11.8301446004184,24.5930319415588,7.88495533288682,4.53752761411153,0.087554858515046,2.17095607750491,0,1,SISTEM_SUDAH_IDEAL
29.552980658817,13.0877933452049,5.49739427769825,1.1114544335429,0.0843816112588494,0.17756486630791,1.11022302462516e-16,1,SISTEM_SUDAH_IDEAL
17.7484352967752,29.8737358058661,3.64963600015756,5.50961316993592,0.116740797429918,1.31135455460325,0,1,SISTEM_SUDAH_IDEAL
48.4087245758755,0.742226188581546,7.77839114133281,0,0.0810099938525368,0.0992372424693576,5.03127643541879e-05,1,SISTEM_SUDAH_IDEAL
22.1091059675746,18.9149978490304,3.1402469620271,3.53508593005456,0.106767564095073,1.10489123308778,0,1,SISTEM_SUDAH_IDEAL
46.1907642253872,6.69973861558158,3.7448627185821,5.74696637848087,0.0788901261719556,0.298163330723764,6.42597086653041e-13,1,SISTEM_SUDAH_IDEAL
15.5072191186691,1.13467422368817,6.05169674511657,0.199043373280028,0.0887749520859501,0.712745825697792,3.14990937777537e-08,1,SISTEM_SUDAH_IDEAL
41.8932184679829,17.647566984407,3.63454795408988,6.20489598767062,0.0801708481702041,0.360183467711441,2.22044604925031e-16,1,SISTEM_SUDAH_IDEAL
7.09425918097789,3.49601164612422,9.81217434069437,2.33870670054339,0.0873573310064349,5.1524541561039,3.33066907387547e-16,1,SISTEM_SUDAH_IDEAL
27.1846174515185,2.59529725315568,2.56096227788964,4.76764574977675,0.0981518957462902,0.382814486989512,1.15504317221848e-09,1,SISTEM_SUDAH_IDEAL
10.5887505418141,9.43829410814115,9.03751596102294,2.82816657948726,0.0871695759096235,3.27312850709994,2.22044604925031e-16,1,SISTEM_SUDAH_IDEAL
26.1348153563598,4.86708030036662,1.4361220751327,12.3368985765289,0.117559678934164,0.431295169496096,2.66453525910038e-15,1,SISTEM_SUDAH_IDEAL
3.30265377390456,25.6393637587081,9.74456785593373,7.64923470676866,0.0878460465857442,10.3939032066308,6.60138610442118e-12,1,SISTEM_SUDAH_IDEAL
46.5512551777291,12.2856066382326,9.01611220034849,0.415418660247546,0.0815947153517703,0.0999535263059187,0,1,SISTEM_SUDAH_IDEAL
24.3248614391153,14.0902152071217,1.6782819888636,10.7128449879992,0.118738382390967,0.52295474376535,3.33066907387547e-16,1,SISTEM_SUDAH_IDEAL
4.24292365511995,18.9948376510229,3.10978917444454,15.513529147567,0.309418492657053,5.81971824141034,0,1,SISTEM_SUDAH_IDEAL
23.4177017374629,6.33208265438147,0.014457196440969,41.0489207282531,0.131157457390601,1.11835588525572,2.22044604925031e-16,1,TURUNKAN_KP_ATAU_NAIKKAN_KD
39.9805632511465,11.0414227826745,0.151375722100053,48.5866509323472,0.0954678292828562,1.06436613939203,2.22044604925031e-16,1,TURUNKAN_KP_ATAU_NAIKKAN_KD
35.8489233235069,6.55736286235176,6.88717269625175,0.36049923179402,0.0828236023303859,0.165326717741954,1.55431223447522e-15,1,SISTEM_SUDAH_IDEAL
12.4003610633194,7.98254563766025,1.32070823774348,7.10279829293348,0.177469670180818,1.70927473530342,0,1,SISTEM_SUDAH_IDEAL
17.3105167716575,22.6316995136534,8.89238646634628,2.83277808566034,0.0858296166225057,2.00080347474631,4.44089209850063e-16,1,SISTEM_SUDAH_IDEAL
35.6218188323921,7.39425075721453,4.51389348495065,1.75867388988367,0.0827325079068543,0.125739868576352,2.22044604925031e-16,1,SISTEM_SUDAH_IDEAL
46.6612137142443,18.4700274060508,2.58289980493455,12.0780499103185,0.0778953391581923,0.328163153865269,2.22044604925031e-16,1,SISTEM_SUDAH_IDEAL
31.6551587028622,20.8659658250722,4.03659878091701,2.71689094355871,0.084165384815151,0.500991481991318,0,1,SISTEM_SUDAH_IDEAL
9.77409287065583,9.21222674139547,6.92954513388275,3.44941266576464,0.110712847760386,3.13197270521803,2.22044604925031e-16,1,SISTEM_SUDAH_IDEAL
31.6179782738118,7.49471966521991,0.434220177335936,33.7787061047802,0.110825708644498,0.800509983150885,0,1,TURUNKAN_KP_ATAU_NAIKKAN_KD
26.672572680741,5.28604343935782,5.21902037473046,0.528771854414067,0.0856206959642307,0.205043689564829,4.44089209850063e-16,1,SISTEM_SUDAH_IDEAL
43.6641067846413,18.4083847825396,2.71432121466628,10.975908234162,0.0793230737325071,0.350635142923141,0,1,SISTEM_SUDAH_IDEAL
42.8269805110249,4.72380418817705,2.59418638129986,10.5463696241665,0.0801548564772777,0.327065194932224,1.00695229932057e-10,1,SISTEM_SUDAH_IDEAL
33.6290240306462,6.77872178600589,8.25966529550158,0.40847370136714,0.0833287662740441,0.236276158740096,2.22044604925031e-16,1,SISTEM_SUDAH_IDEAL
16.3048141157675,14.6515972747832,7.63723753369187,2.47705899278872,0.0868185431029683,2.10000204632969,0,1,SISTEM_SUDAH_IDEAL
36.9837751166327,19.0807783865223,2.49140939135425,11.2507959700648,0.0831285166259567,0.387602650052946,1.11022302462516e-16,1,SISTEM_SUDAH_IDEAL
36.8158413891909,10.1851541377351,3.0276783839018,7.22659293711978,0.0828236235082866,0.368202067299859,2.22044604925031e-16,1,SISTEM_SUDAH_IDEAL
6.45709944915588,0.304208961785498,9.24928777054715,0.119244152669284,0.0879364231053259,2.52003851830501,1.13078009622569e-06,1,SISTEM_SUDAH_IDEAL
45.6003097813272,11.4644373665673,7.01392065887907,0.44367866647137,0.0809784629304507,0.0991986170898021,1.11022302462516e-16,1,SISTEM_SUDAH_IDEAL
33.7170964547304,3.83022390474556,2.00969038593963,12.2090890030452,0.08727923295959,0.371223897178591,8.04332156434384e-11,1,SISTEM_SUDAH_IDEAL
45.2413271776731,26.7550892489178,3.77681734866925,6.66299199566902,0.0788165818672957,0.368932143448448,0,1,SISTEM_SUDAH_IDEAL
12.6096450658722,18.0810444069406,6.25450545463954,4.13255328180087,0.0973999801342529,2.18927925088939,1.11022302462516e-16,1,SISTEM_SUDAH_IDEAL
1.08414447394374,24.5919780721208,5.17944571318759,16.4036539877259,0.342900043413197,53.8011978170083,0.000479720841837894,1,SISTEM_SUDAH_IDEAL
45.5717122084834,3.55874902155437,9.46149041256063,0.082631839299907,0.0819001351768425,0.131154656781693,6.39518504819137e-09,1,SISTEM_SUDAH_IDEAL
46.4522408858604,2.84415033640077,4.1525738914511,4.35088466562155,0.0791466685115784,0.282496533224652,5.05157697894276e-08,1,SISTEM_SUDAH_IDEAL
16.2431158373434,25.3876067812121,9.47950319602612,3.11562592435093,0.085736095927148,2.06092412032892,2.22044604925031e-16,1,SISTEM_SUDAH_IDEAL
36.5610288717113,20.515491743265,6.41411905643839,1.15902102658079,0.082401583634867,0.133699374204095,1.11022302462516e-16,1,SISTEM_SUDAH_IDEAL
15.8941300279792,21.9644032044569,1.57648409491942,11.6669544975715,0.148959975231687,1.15170928038463,1.11022302462516e-16,1,SISTEM_SUDAH_IDEAL
38.1035345614168,2.75729709519222,9.6765399195703,0.0833355918812728,0.0828199205757953,0.228754028601116,1.54883119662941e-08,1,SISTEM_SUDAH_IDEAL
30.5483174173227,26.8485732082625,1.94146530723079,14.1056270738663,0.0907534998499188,0.476400168792735,2.22044604925031e-16,1,SISTEM_SUDAH_IDEAL
49.5028971024201,7.2394458472185,2.23420955768555,13.8003700733718,0.0767593943223782,0.293317140406273,5.59774449016004e-13,1,SISTEM_SUDAH_IDEAL
20.199897089236,23.4271909650107,8.3921201293691,2.50915363644482,0.0854856164178153,1.72961515843985,3.33066907387547e-16,1,SISTEM_SUDAH_IDEAL
20.5749887278567,12.0720159773925,7.71750033223037,1.58852677469707,0.0858379855623764,0.41552202762828,2.22044604925031e-16,1,SISTEM_SUDAH_IDEAL
12.5562343156399,25.9722319393694,6.82186066810687,4.84460820818764,0.0883413460235331,1.9748675060253,2.22044604925031e-16,1,SISTEM_SUDAH_IDEAL
48.969649020428,5.56571716631987,2.16182760513138,14.2433061853652,0.0770585794384401,0.293465949336962,5.68556313140789e-11,1,SISTEM_SUDAH_IDEAL
15.7460929096746,22.5603611317719,3.67736606860203,5.04377678637025,0.131930427230311,1.52632855288519,3.33066907387547e-16,1,SISTEM_SUDAH_IDEAL
30.3228001769571,11.5030467422263,5.50487829259962,0.942032417806993,0.0841736402541949,0.174067362028528,1.11022302462516e-16,1,SISTEM_SUDAH_IDEAL
19.3721210857442,19.9630509982048,0.14714163546339,43.3051107029264,0.138673118061776,1.09086093276893,2.22044604925031e-16,1,TURUNKAN_KP_ATAU_NAIKKAN_KD
40.7562234379943,10.4956792448761,7.15515525264852,0.476205938284502,0.0818918177751207,0.117414127203791,3.33066907387547e-16,1,SISTEM_SUDAH_IDEAL
48.044690193931,15.222513621548,6.66168220267888,0.948221755301359,0.0803208552916863,0.0983930477323157,2.22044604925031e-16,1,SISTEM_SUDAH_IDEAL
21.5732717181098,25.4849563070473,6.54233377284434,2.78813979323322,0.0859955884544005,1.49686148621356,3.33066907387547e-16,1,SISTEM_SUDAH_IDEAL
25.3128873796096,11.0554817859214,6.85249429019409,1.12951816935165,0.0851148835584376,0.297612445909582,1.11022302462516e-16,1,SISTEM_SUDAH_IDEAL
5.06037575878783,1.4294051090026,8.6933591497735,2.03776836856475,0.0887199449237764,6.49142093808688,2.22044604925031e-16,1,SISTEM_SUDAH_IDEAL
32.6933682931944,18.3137610361765,4.21945705248746,2.36110951259632,0.0836829358856537,0.376435549473264,0,1,SISTEM_SUDAH_IDEAL
25.2853687478885,4.92422770127393,0.931721295240463,16.869407851435,0.124117140763074,0.596630261808704,8.88178419700125e-16,1,SISTEM_SUDAH_IDEAL
34.3662432260974,4.28013894260722,5.28711653269026,0.246709236099996,0.0831291008001102,0.147588211624598,1.39939171361902e-11,1,SISTEM_SUDAH_IDEAL
0.278638666213771,12.7517337280494,2.2434090517641,999,999,999,1,0,TURUNKAN_KP_DAN_KI
33.0971066156743,15.0930568913901,6.00057239807837,1.03444472575451,0.0832690277335018,0.159334311327295,4.44089209850063e-16,1,SISTEM_SUDAH_IDEAL
10.1086829430216,4.12203056172732,0.237890286343844,20.6032988995745,0.212942085869282,1.69778685371765,2.22044604925031e-16,1,TURUNKAN_KP_ATAU_NAIKKAN_KD
47.0771349110442,20.8650397137012,5.54233183009153,2.41162214434603,0.0796854907879838,0.250169366960734,0,1,SISTEM_SUDAH_IDEAL
14.8707144559532,1.27895242517052,8.53760208334462,0.264214665330176,0.0867412964102851,0.89856091462933,4.78451545049552e-09,1,SISTEM_SUDAH_IDEAL
29.934105042071,0.555803389288118,9.3319096187148,0,0.0839171186099079,0.376284027501076,4.28235025951018e-05,1,SISTEM_SUDAH_IDEAL
0.589416213343596,19.2286661888447,7.88685383549152,12.7977836315026,0.158594568630225,148.077488557311,0.0105518805057453,1,SISTEM_SUDAH_IDEAL
26.425147211552,8.73745251843702,6.28328540883956,0.867746022848603,0.0850770226406323,0.26627045864541,3.33066907387547e-16,1,SISTEM_SUDAH_IDEAL
21.3734335775882,16.3911108981764,1.90797083318664,8.91626849723464,0.126666847694394,0.918734950532374,3.33066907387547e-16,1,SISTEM_SUDAH_IDEAL
37.3244418504763,6.38568657834513,1.00122455877196,26.6796433247891,0.0891907992317467,0.526302675556719,2.1316282072803e-14,1,TURUNKAN_KP_ATAU_NAIKKAN_KD
44.9192493148756,24.6701092616321,8.82783750050209,0.876335873826739,0.0816265987693495,0.0999925834924531,2.22044604925031e-16,1,SISTEM_SUDAH_IDEAL
4.50621477060825,21.0056294322267,1.70224223729873,24.0504277517692,0.280054026184179,4.53857896225605,2.22044604925031e-16,1,TURUNKAN_KP_ATAU_NAIKKAN_KD
41.7522135526525,21.8417125416533,7.75893015135978,0.923194663598226,0.081776963692844,0.110088009979597,1.11022302462516e-16,1,SISTEM_SUDAH_IDEAL
38.2747625724576,1.71298396724159,6.09847721618856,0.0166049287129377,0.082227049011103,0.129900553300394,2.06844684713658e-07,1,SISTEM_SUDAH_IDEAL
45.0235900224192,15.4839217352764,5.06171538067419,2.75608978184703,0.0799267678145716,0.266965804212855,0,1,SISTEM_SUDAH_IDEAL
12.8808278205329,29.1480940487561,5.81123922450753,5.55064283540032,0.102760276072601,1.7546426890984,0,1,SISTEM_SUDAH_IDEAL
48.5193207168328,1.24315118762693,1.88628229362153,16.3074485858284,0.0774589436022978,0.426569042484613,5.96856536516643e-06,1,SISTEM_SUDAH_IDEAL
26.0880029534018,19.2256175898854,3.40731322525365,3.31518082476303,0.087935010267233,0.80440457387752,1.11022302462516e-16,1,SISTEM_SUDAH_IDEAL
32.5164909603842,10.6631389663875,8.50430024041377,0.683264941509631,0.0834676069086367,0.247450152621704,1.11022302462516e-16,1,SISTEM_SUDAH_IDEAL
27.2402340620611,20.1924026238228,2.56572579313377,6.81581425732993,0.0932912083055606,0.649587751849784,1.11022302462516e-16,1,SISTEM_SUDAH_IDEAL
6.16691383539677,1.21819337581022,8.87943133089476,1.35408634127725,0.0883020687913344,1.98701105940153,2.22044604925031e-16,1,SISTEM_SUDAH_IDEAL
37.7593657915866,24.062375550788,4.41405626647267,3.42760281740242,0.0816501147689739,0.398675463595628,2.22044604925031e-16,1,SISTEM_SUDAH_IDEAL
3.85862928581102,4.62689091863081,2.47244148394022,9.79979589519131,0.537461684906655,3.55764282399803,0,1,SISTEM_SUDAH_IDEAL
4.06129934270511,25.5947868940249,1.5717685529079,30.0405904404592,0.270412026317051,5.96693323532034,0,1,TURUNKAN_KP_ATAU_NAIKKAN_KD
30.9331341844479,15.8534983337682,1.91219823355632,13.156973020302,0.0919497090252091,0.426724831424897,0,1,SISTEM_SUDAH_IDEAL
38.0875380113695,18.4499527647863,1.52063606777082,20.8866304778962,0.0848585311422552,0.3598495602508,2.22044604925031e-16,1,TURUNKAN_KP_ATAU_NAIKKAN_KD
22.8318723429078,20.4629279942688,2.81259121575909,4.88437516736382,0.108244880076397,1.02731311654886,0,1,SISTEM_SUDAH_IDEAL
31.3431560407269,28.2519036780425,5.66803336047469,2.03958772822792,0.0835416606710991,0.727356299433096,1.11022302462516e-16,1,SISTEM_SUDAH_IDEAL
34.7557799552589,29.3575923310297,8.99117378675088,1.45200667558989,0.0829577838488903,0.1870824714551,1.11022302462516e-16,1,SISTEM_SUDAH_IDEAL
32.5239948007665,29.4876244483488,1.63814968179811,18.6755364727277,0.0891015623331454,0.41373965022651,1.11022302462516e-16,1,SISTEM_SUDAH_IDEAL
25.5893428613787,18.8204528896831,8.00000906333289,1.63562885734467,0.0846301107457478,0.295773519500206,2.22044604925031e-16,1,SISTEM_SUDAH_IDEAL
20.9884543053628,1.64503295681342,5.19144193650956,0.176749830501133,0.0878424103522455,0.395215387397194,1.29211075172719e-08,1,SISTEM_SUDAH_IDEAL
6.82660678441543,11.0092330393512,6.9662088740343,5.25811882780403,0.157034027907092,3.25805378683087,2.22044604925031e-16,1,SISTEM_SUDAH_IDEAL
6.57917623585375,23.5754858996235,0.503089735963517,42.1788942147664,0.224738837715554,2.28732641065075,0,1,TURUNKAN_KP_ATAU_NAIKKAN_KD
40.8807759850346,26.0081658737806,1.96896453653625,17.2151037703848,0.0812569406834314,0.361132108717593,0,1,SISTEM_SUDAH_IDEAL
30.4696900563389,29.9003925565861,0.423743274600825,37.9109353641707,0.109725329437962,0.855103149700476,2.22044604925031e-16,1,TURUNKAN_KP_ATAU_NAIKKAN_KD
7.04115015647033,6.68861922273674,5.8301047796428,4.39063126108818,0.22796995058545,3.69562758434513,1.11022302462516e-16,1,SISTEM_SUDAH_IDEAL
33.6553243427808,21.6958795535467,5.0443851298613,1.63099488477985,0.0830397922974315,0.135120575449389,0,1,SISTEM_SUDAH_IDEAL
32.3315131415574,1.09108022028126,1.93851825334961,11.7855711448116,0.0888894211871583,0.371927221550221,9.74037033918407e-07,1,SISTEM_SUDAH_IDEAL
37.5772856051412,9.24535127534675,7.49052151824695,0.474499772827919,0.0825533547690328,0.15964293920498,0,1,SISTEM_SUDAH_IDEAL
42.7018660676005,2.98066429148388,5.97778198787964,0.568667862757355,0.0811675913897437,0.0994302994524361,2.00903200742175e-08,1,SISTEM_SUDAH_IDEAL
36.1301127882162,17.0614149634641,2.3511009108531,11.8319727619903,0.0840003151333219,0.386506961667401,2.22044604925031e-16,1,SISTEM_SUDAH_IDEAL
45.6318113204342,28.518592712862,5.16315294819808,3.20014799702502,0.0796299263549917,0.330734847045116,0,1,SISTEM_SUDAH_IDEAL
35.4544065128586,23.9638557882091,1.99689366652775,15.3763638355476,0.0851394905613814,0.391496420800275,1.11022302462516e-16,1,SISTEM_SUDAH_IDEAL
5.44202577248523,18.5572452994743,0.222239407823022,53.4927823346606,0.243071627273399,3.01545394967128,1.11022302462516e-16,1,TURUNKAN_KP_ATAU_NAIKKAN_KD
1.97810218441595,3.46092364764062,8.18697240446273,6.84831071744918,0.345238439460013,15.815666667509,1.26320969240368e-08,1,SISTEM_SUDAH_IDEAL
18.944961290156,6.8746893640848,3.681399130369,1.40440619210034,0.120532986537124,0.266368453296614,0,1,SISTEM_SUDAH_IDEAL
8.82702119356681,23.2433891649821,3.30030614354014,9.79555835869168,0.186102221618323,2.62238391355639,0,1,SISTEM_SUDAH_IDEAL
15.889006996423,21.7376070187944,5.84954983442022,3.76718567290004,0.0884844529055559,1.82577433716203,2.22044604925031e-16,1,SISTEM_SUDAH_IDEAL
38.9877762133584,10.787291629519,1.84733001916479,16.462341230319,0.0833882564704226,0.353767834299399,1.11022302462516e-16,1,SISTEM_SUDAH_IDEAL
28.7844554064331,14.4928375369434,4.21626940454074,1.57498631726443,0.085412054889606,0.160176155905045,1.11022302462516e-16,1,SISTEM_SUDAH_IDEAL
15.9662596190701,29.1771452157954,2.58222640836992,8.01544981033386,0.139155623128435,1.20164741114401,2.22044604925031e-16,1,SISTEM_SUDAH_IDEAL
28.4549949823216,10.5620071422295,3.12029608919655,3.75138417949743,0.0874435498812051,0.422005495472289,1.11022302462516e-16,1,SISTEM_SUDAH_IDEAL
0.569880137869572,20.0438247610744,8.85687680497191,11.8649772958,0.0882101415206332,148.527682433032,0.0124149467508929,1,SISTEM_SUDAH_IDEAL
21.1658863235834,25.7574015820397,9.47992491692748,2.38839812032094,0.084945630844257,1.70424843498838,0,1,SISTEM_SUDAH_IDEAL
18.9053387398529,6.09879745469516,1.79169495241401,6.14691302014165,0.141901285248844,0.582219922760604,0,1,SISTEM_SUDAH_IDEAL
15.4147041670605,25.5093580699841,5.25602531044741,4.57277725416818,0.099885611572749,1.68606117256378,1.11022302462516e-16,1,SISTEM_SUDAH_IDEAL
41.5221125940106,3.20629376621742,6.17142031700498,0.186309175017474,0.0815010146793529,0.0998387429822073,8.15010570143215e-09,1,SISTEM_SUDAH_IDEAL
28.4413259283216,7.8280847072083,0.0230811043293844,38.6004766893161,0.119556726749825,1.26766625278976,1.11022302462516e-16,1,TURUNKAN_KP_ATAU_NAIKKAN_KD
14.4627531439908,24.6381024737032,8.95115404680466,3.53131640190063,0.0863011057286113,2.14169944047168,2.22044604925031e-16,1,SISTEM_SUDAH_IDEAL
49.8903954803115,0.253152054211014,7.32843238440102,0.171403561506422,0.0805530107704225,0.0986774381937676,0.000328832786381517,1,SISTEM_SUDAH_IDEAL
4.33086339712662,19.0004570429761,8.0508642560858,7.5714505545784,0.122252977491811,6.81161878043607,0,1,SISTEM_SUDAH_IDEAL
41.5982443217534,17.0166434917182,2.60043390493052,11.314401766895,0.0804432822951667,0.358944340607235,1.11022302462516e-16,1,SISTEM_SUDAH_IDEAL
39.3266024700832,5.07616002063288,2.74258345175233,8.97846817446546,0.0818981656900804,0.344902529372447,7.66142704833328e-12,1,SISTEM_SUDAH_IDEAL
0.345159714428139,11.9268372158412,0.265515532308013,999,999,999,1,0,TURUNKAN_KP_DAN_KI
42.8349524904938,6.14675067490084,8.60350581097684,0.222643909623277,0.0820153637663,0.136461451748222,6.11732886568461e-13,1,SISTEM_SUDAH_IDEAL
2.90623544027744,6.70535317099172,0.452805178083929,33.7330039518111,0.423413996040898,4.37972140824844,0,1,TURUNKAN_KP_ATAU_NAIKKAN_KD
37.6495886556307,20.9416913979063,9.18787889121137,0.972309786211545,0.0826653931563187,0.179247269326808,0,1,SISTEM_SUDAH_IDEAL
45.5461302166079,24.1657156963368,9.99677445374649,0.801424675498597,0.0818483118067346,0.121150749573826,0,1,SISTEM_SUDAH_IDEAL
40.1383137877272,9.6874599793239,0.251445841444535,45.3767751099652,0.0938815596645976,1.00371082432851,1.11022302462516e-16,1,TURUNKAN_KP_ATAU_NAIKKAN_KD
36.7411735641895,14.1836011364457,3.92588402165001,3.9681178801952,0.0822685110034502,0.354447072001753,1.11022302462516e-16,1,SISTEM_SUDAH_IDEAL
43.1007013906673,1.72384947361845,3.84545138525541,4.70504945960895,0.0801308293694488,0.290311624468127,9.08045398873014e-08,1,SISTEM_SUDAH_IDEAL
7.1920210183428,1.37044193325053,6.97994732962103,1.27517704116336,0.173655214848562,1.55890722962214,1.11022302462516e-16,1,SISTEM_SUDAH_IDEAL
45.7755751034096,11.5063689687183,2.43110817299358,12.5372306861127,0.0785047116098284,0.319896811960557,0,1,SISTEM_SUDAH_IDEAL
45.4548866323882,21.0605373860425,8.95637886893663,0.738986714781387,0.0816306451773936,0.0999975403423072,0,1,SISTEM_SUDAH_IDEAL
47.4986779621346,28.1007587529726,9.96786631011984,0.861071817374004,0.0816094383269756,0.0999715619505451,2.22044604925031e-16,1,SISTEM_SUDAH_IDEAL
19.9471235950962,19.7980934812792,8.22950297949471,2.30337771271232,0.0856440894756948,1.72862971630164,1.11022302462516e-16,1,SISTEM_SUDAH_IDEAL
31.2183365003141,21.0151895443488,4.89515104713947,1.74465052036596,0.083889200971858,0.149580173439419,4.44089209850063e-16,1,SISTEM_SUDAH_IDEAL
25.5408400620359,23.3913988667959,0.404857761628601,32.9437572906506,0.1216475308594,0.944553424329779,0,1,TURUNKAN_KP_ATAU_NAIKKAN_KD
45.1503701283057,21.9613716336306,6.15783068479236,1.39313022313705,0.0804745465494062,0.0985813195230226,2.22044604925031e-16,1,SISTEM_SUDAH_IDEAL
37.8594022234984,8.53401556782519,2.06249114576936,13.8446177996153,0.0837558678546676,0.359275170021333,3.33066907387547e-16,1,SISTEM_SUDAH_IDEAL
32.7093106454593,27.843598139422,8.0457351484991,1.59142881083716,0.083235378833331,0.187218810099755,1.11022302462516e-16,1,SISTEM_SUDAH_IDEAL
17.6218031551114,8.10565217986791,7.44617713123743,1.46393862826555,0.0867263060990409,0.522522877472917,2.22044604925031e-16,1,SISTEM_SUDAH_IDEAL
36.249605502177,25.7016106762235,9.18819323643678,1.22275922857098,0.0828051532363652,0.183996164658358,0,1,SISTEM_SUDAH_IDEAL
13.5504184582509,20.6445533808601,6.17997051690114,4.18634154654851,0.0891077105764908,2.02699677135044,3.33066907387547e-16,1,SISTEM_SUDAH_IDEAL
3.67767364697137,5.65194704966493,3.35569468860859,9.66060768755463,0.528965822127167,5.86658600374687,2.22044604925031e-16,1,SISTEM_SUDAH_IDEAL
15.6522910479568,12.6061205388173,0.877387990616133,16.6751438532463,0.156407569936668,1.29476259018871,0,1,SISTEM_SUDAH_IDEAL
28.0934241453505,20.0287574958712,1.15301713639157,20.2671471244364,0.110846885269143,0.433700315191882,4.44089209850063e-16,1,TURUNKAN_KP_ATAU_NAIKKAN_KD
15.8830194599495,29.4238902719195,8.85869537711305,3.57896093776433,0.0860266537540086,1.93846443547632,0,1,SISTEM_SUDAH_IDEAL
1.23791647137456,25.8985651572403,2.44993620883412,38.0579279442092,0.296944685635567,149.686875199247,0.0475160081454736,1,TURUNKAN_KP_ATAU_NAIKKAN_KD
21.780086461898,4.0612860498992,2.15599998231807,4.64328963768397,0.127334680687819,0.461884761565718,2.44249065417534e-15,1,SISTEM_SUDAH_IDEAL
38.8364457554001,2.61558782805754,4.00377825330332,3.47586610603166,0.0817071695173218,0.280085954933963,3.0076668711132e-08,1,SISTEM_SUDAH_IDEAL
29.605548377679,5.8957070721884,6.96812464244864,0.460966536172358,0.0841638307535875,0.255391537749293,0,1,SISTEM_SUDAH_IDEAL
29.748465746335,13.925699271788,2.4115494785945,8.41434234482523,0.0885474205141076,0.45941170950158,2.22044604925031e-16,1,SISTEM_SUDAH_IDEAL
20.7385227251938,23.1148341224236,0.353388916446334,37.4228856425474,0.133981779921328,1.06467832414234,1.11022302462516e-16,1,TURUNKAN_KP_ATAU_NAIKKAN_KD
30.4775149566731,2.38420946694033,4.15376455043999,0.739336576723693,0.0850306055484236,0.15884141706132,9.80715597620474e-09,1,SISTEM_SUDAH_IDEAL
49.3738788104802,25.279453058309,0.524026021080585,40.5387288629272,0.0782080265188487,0.651975317525908,1.11022302462516e-16,1,TURUNKAN_KP_ATAU_NAIKKAN_KD
36.4758955415555,3.44874089236644,4.85380961589241,1.06886182236738,0.0825064761705608,0.125273216487208,9.41748901084338e-10,1,SISTEM_SUDAH_IDEAL
43.5297183911469,0.501116373410913,8.18908378037653,0,0.0818574467550304,0.122421304116267,0.000115804895260196,1,SISTEM_SUDAH_IDEAL
39.2936836204919,5.81123198632465,9.12844291315192,0.246115182125095,0.0825857054472752,0.18721722118723,3.08642000845794e-13,1,SISTEM_SUDAH_IDEAL
34.2844970830538,26.6518052558305,7.12869704398642,1.52141450559555,0.0828966428188889,0.159073738390371,1.11022302462516e-16,1,SISTEM_SUDAH_IDEAL
24.3446010770874,24.9965412798046,0.907464207730675,23.0581179585636,0.121856037346201,0.956355205635283,0,1,TURUNKAN_KP_ATAU_NAIKKAN_KD
1.37458782526825,10.0718361256846,4.86922626333375,14.4569431415052,0.547896918787612,21.825459741688,4.69200444053186e-08,1,SISTEM_SUDAH_IDEAL
11.3681413647174,16.6412639846855,6.81148392757953,4.18124756056637,0.0888803360800388,2.41344451014203,1.11022302462516e-16,1,SISTEM_SUDAH_IDEAL
41.8471604209999,26.8761843966881,4.37597918328548,4.38969251242884,0.0802438474207842,0.386493559933007,1.11022302462516e-16,1,SISTEM_SUDAH_IDEAL
20.0827644425183,13.2035986240363,3.09626357593902,2.69106771000722,0.120167397242201,1.13431670493755,0,1,SISTEM_SUDAH_IDEAL
22.4476686018305,28.9317036974339,4.62348232342065,3.5436932013599,0.087351903219767,1.26179663801857,3.33066907387547e-16,1,SISTEM_SUDAH_IDEAL
24.8996006192982,0.646196783706199,1.92285131466523,6.53334057150301,0.118131755465917,0.411254808934904,1.07610634423327e-05,1,SISTEM_SUDAH_IDEAL
45.0067130264798,11.6787667026195,1.0204615407611,28.814991020383,0.0809519526248263,0.633473966271521,1.11022302462516e-16,1,TURUNKAN_KP_ATAU_NAIKKAN_KD
17.5849290839,5.35638273325872,2.49091062376147,1.68443252109334,0.144214921619445,0.212575818897459,1.11022302462516e-16,1,SISTEM_SUDAH_IDEAL
32.1492224942321,29.272624804992,9.20663851687385,1.59473214729713,0.0833307130334681,0.216630502512115,3.33066907387547e-16,1,SISTEM_SUDAH_IDEAL
2.79034642500896,27.0925403703313,1.89999378694629,31.7209914432563,0.2954723045578,12.3755408283812,8.88178419700125e-16,1,TURUNKAN_KP_ATAU_NAIKKAN_KD
49.7307598862089,9.79498786773491,2.2754349577409,13.6755429771282,0.0765926417440128,0.294096690233942,4.44089209850063e-16,1,SISTEM_SUDAH_IDEAL
47.2855364627933,24.325406224103,9.24444160009448,0.785081469694493,0.0814695554152473,0.0998002053836779,0,1,SISTEM_SUDAH_IDEAL
36.0251000197184,26.3776968377167,8.65061767470056,1.29062935648827,0.0827763860926699,0.174868383557545,2.22044604925031e-16,1,SISTEM_SUDAH_IDEAL
17.9712544223955,4.08829405051908,8.0578040932757,0.757548450742385,0.0863367286821135,0.616150102860469,1.11022302462516e-16,1,SISTEM_SUDAH_IDEAL
34.1562423343635,12.9416134911955,9.47115419019467,0.732502266911794,0.0832172398677082,0.244744678657536,4.44089209850063e-16,1,SISTEM_SUDAH_IDEAL
47.6586368498791,0.962418219545988,2.76166759932479,9.80539041043937,0.0779425624423345,0.295371011689038,1.94887675442068e-05,1,SISTEM_SUDAH_IDEAL
3.48765065664046,24.8084790517162,3.96323445233256,15.6367412529876,0.290466340213933,8.44601375793958,3.33066907387547e-16,1,SISTEM_SUDAH_IDEAL
29.1588355806142,10.3060133997656,9.71209743582416,0.76577960432791,0.0838992264667068,0.33355576368708,0,1,SISTEM_SUDAH_IDEAL
30.2702902823749,20.0292344988865,8.63325161148393,1.31866263516913,0.0837188688174244,0.249554309305903,1.11022302462516e-16,1,SISTEM_SUDAH_IDEAL
21.1043524212083,2.20233006624926,8.71397058169332,0.263813084807407,0.0854537615679247,0.576300616912837,2.7482816022939e-10,1,SISTEM_SUDAH_IDEAL
34.8327121750468,25.2427406827851,6.76245834592188,1.45274630236447,0.0827618058538965,0.149515639995584,3.33066907387547e-16,1,SISTEM_SUDAH_IDEAL
35.1700854366887,26.8625165157618,5.87413929825187,1.655010052987,0.0825446524944666,0.131004004785343,1.11022302462516e-16,1,SISTEM_SUDAH_IDEAL
16.3597681294609,29.8455193703776,2.07538426637717,10.3480499554809,0.140690704982294,1.08438352539413,0,1,SISTEM_SUDAH_IDEAL
14.4126308109054,24.993250158162,7.7024774743615,3.89295850232287,0.0870722949011155,2.01600725823314,0,1,SISTEM_SUDAH_IDEAL
10.1289553860073,22.9429888971424,6.15923392714844,5.81386836693121,0.123747798069261,2.09448661896871,2.22044604925031e-16,1,SISTEM_SUDAH_IDEAL
48.313370799186,15.1107377682661,4.78701822787988,3.64980149323233,0.0788917331019242,0.286768142081531,0,1,SISTEM_SUDAH_IDEAL
29.3848426926321,29.3877517839915,3.49099088670411,4.55374390119347,0.0856169658708723,0.805535589118162,0,1,SISTEM_SUDAH_IDEAL
13.1501378436892,17.6982724609747,7.45384843673345,3.57265850737809,0.0876943113387078,2.31616006892006,1.11022302462516e-16,1,SISTEM_SUDAH_IDEAL
4.19919521361433,11.2486751641012,0.870084443419643,26.4474821905664,0.333610982278286,3.65433361799273,3.33066907387547e-16,1,TURUNKAN_KP_ATAU_NAIKKAN_KD
16.0075702740503,13.5968983673222,1.61080905246452,8.31655784459313,0.152522224913951,1.33535868582174,1.11022302462516e-16,1,SISTEM_SUDAH_IDEAL
3.0934074348034,13.3459565343928,2.8527376756492,17.1051092930992,0.405456079723848,6.99476643663034,1.11022302462516e-16,1,SISTEM_SUDAH_IDEAL
10.0589111624588,15.2943568657008,0.194784330073147,36.1726070388082,0.194049975502135,1.56856253220101,0,1,TURUNKAN_KP_ATAU_NAIKKAN_KD
41.6051297543756,6.01156689510215,4.26563226284877,3.51000522130396,0.080694793630616,0.28177821865592,7.23865412055602e-13,1,SISTEM_SUDAH_IDEAL
36.7544246708383,15.8039031879571,2.69298511266955,9.55152380735633,0.0830720028574904,0.385220444377109,3.33066907387547e-16,1,SISTEM_SUDAH_IDEAL
38.491761387519,28.6323742152353,1.17687371272035,27.3905062236408,0.0855684962288257,0.712710356630156,0,1,TURUNKAN_KP_ATAU_NAIKKAN_KD
1.34441100455192,12.6612034366558,0.643839604461038,61.5797649295882,0.427147624009323,66.4518916049742,0.00026637977412558,1,TURUNKAN_KP_ATAU_NAIKKAN_KD
6.3801327927486,2.77253261521781,2.3268927348069,3.87491447509756,0.387307301676115,3.74536403392751,1.11022302462516e-16,1,SISTEM_SUDAH_IDEAL
10.6596530581704,18.2943294150279,3.94527052707534,6.36089097111252,0.170238367029176,1.91943290991209,1.11022302462516e-16,1,SISTEM_SUDAH_IDEAL
36.4349195942972,28.8389446154893,7.50217204340688,1.45871571595522,0.0825199666874381,0.146845249164601,0,1,SISTEM_SUDAH_IDEAL
4.03698864398075,26.0385915335415,3.62770863871237,16.0136072955045,0.273056378194492,6.70315884612526,2.22044604925031e-16,1,SISTEM_SUDAH_IDEAL
39.9503563596247,23.5916156370511,3.3135474760017,7.59230762776326,0.0808157637071261,0.391686207003611,1.11022302462516e-16,1,SISTEM_SUDAH_IDEAL
47.5995727659054,24.8546893046537,6.29129747005007,1.608769761435,0.0800434832173699,0.0980532669412781,0,1,SISTEM_SUDAH_IDEAL
14.8811815965035,18.5101357255213,9.88503430641176,2.78797922325902,0.0858576127490741,2.37427099344249,1.11022302462516e-16,1,SISTEM_SUDAH_IDEAL
17.3004446030643,7.18933998742854,0.00397105906740247,39.2197260769184,0.149769729270997,1.14147611216699,1.11022302462516e-16,1,TURUNKAN_KP_ATAU_NAIKKAN_KD
45.5644926149868,18.8262137176058,7.86229298280286,0.696019493709366,0.0812690730101594,0.0995546144374452,1.11022302462516e-16,1,SISTEM_SUDAH_IDEAL
37.5358168001881,18.5069290279082,1.83401581196979,17.0635356271439,0.084236370223413,0.36980274427415,1.11022302462516e-16,1,SISTEM_SUDAH_IDEAL
42.2796623535184,21.4797881834903,6.51801335577001,0.997372172051181,0.0812316218290114,0.099508736740539,2.22044604925031e-16,1,SISTEM_SUDAH_IDEAL
30.7403535796423,26.2135841167871,7.92677271821998,1.6543161651877,0.0835966425353281,0.203871818449765,2.22044604925031e-16,1,SISTEM_SUDAH_IDEAL
36.3212487983835,12.2746328778881,9.97653402297484,0.622556952217024,0.0829691393976497,0.231125060530617,1.11022302462516e-16,1,SISTEM_SUDAH_IDEAL
31.2904251807775,10.5949576075705,1.82723141204326,13.4510781897568,0.0932343313169443,0.3952853423994,2.22044604925031e-16,1,SISTEM_SUDAH_IDEAL
16.1452175669131,7.66820299353154,9.41084747291136,1.46429239630816,0.0859735592459508,0.648647560459244,2.22044604925031e-16,1,SISTEM_SUDAH_IDEAL
44.7453337780111,29.6415632388101,9.52471975063841,1.00345761421645,0.0817858544601976,0.113517468255086,5.55111512312578e-16,1,SISTEM_SUDAH_IDEAL
43.8103458819045,4.86730502198236,1.46688413160472,21.1320901601698,0.0809337341108366,0.462772798492493,9.18092268875625e-11,1,TURUNKAN_KP_ATAU_NAIKKAN_KD
32.5901550184142,23.7025782342615,0.723016092073964,32.0543829392274,0.103268277772247,0.812859627226438,0,1,TURUNKAN_KP_ATAU_NAIKKAN_KD
12.3259720184119,0.321214561546768,2.32541408581099,0,0.18339191333946,0.464174998901613,2.10364363257831e-05,1,SISTEM_SUDAH_IDEAL
12.842743950141,27.3656388557876,3.67546572759846,7.19178267115346,0.147761060194212,1.50153645554183,1.11022302462516e-16,1,SISTEM_SUDAH_IDEAL
2.00170117626064,19.5249694976322,8.16366863596328,9.59394538673282,0.17131852017706,17.4626591097223,1.31890601773321e-08,1,SISTEM_SUDAH_IDEAL
4.28752040167138,0.344431421383373,3.65615322319801,0.739736300958338,0.751499050667787,2.24123950383991,2.70272448865683e-08,1,SISTEM_SUDAH_IDEAL
20.7382721096986,12.4806296987422,4.63376014974758,1.94755387813959,0.0885165248799087,0.262678630909166,0,1,SISTEM_SUDAH_IDEAL
23.4003256274825,16.444755970537,5.32690921787102,1.95681790898614,0.0864654144259221,0.234901346152959,0,1,SISTEM_SUDAH_IDEAL
25.4846277037106,23.4327398406591,2.89965147981413,5.42339195996311,0.0937564217676438,0.893389311827693,1.11022302462516e-16,1,SISTEM_SUDAH_IDEAL
27.6250940622565,17.2399599187032,2.03891508109562,10.2204186042926,0.101670771194619,0.494259193912423,2.22044604925031e-16,1,SISTEM_SUDAH_IDEAL
27.8618486206271,6.42348071685588,5.49156722038551,0.597270003680728,0.0850398640748858,0.197611779580897,0,1,SISTEM_SUDAH_IDEAL
3.58849149594245,25.8134254344637,2.08382707321565,26.0052817252597,0.283643293106225,7.5733290631151,1.11022302462516e-16,1,TURUNKAN_KP_ATAU_NAIKKAN_KD
12.0316047835246,11.4175564583583,2.87366391786694,4.69029981046198,0.173370739427633,1.9743424556669,0,1,SISTEM_SUDAH_IDEAL
37.6261564710854,9.56816913751064,1.07369675336952,26.072047245843,0.0879992560523854,0.51750943433934,0,1,TURUNKAN_KP_ATAU_NAIKKAN_KD
40.4067934168282,7.56175363412702,5.03904852055424,1.73433242901513,0.0812877214011416,0.0995774587163984,1.33226762955019e-15,1,SISTEM_SUDAH_IDEAL
2.09254193955451,18.7258126263446,3.8744160768852,17.6069597804258,0.383159557798406,14.5823831903404,7.61501972590395e-12,1,SISTEM_SUDAH_IDEAL
15.5136924842874,9.96149887142998,9.31593246376367,1.86647433525207,0.086099940701989,0.618871086076445,0,1,SISTEM_SUDAH_IDEAL
23.4994780155048,0.00212979580363148,7.25780504048086,0,0.0854086207955901,0.447832988773913,0.00169049753215,1,SISTEM_SUDAH_IDEAL
20.0741459636534,0.687709019200915,6.37742389070658,0,0.0869660382984399,0.536144653182835,1.17060713711314e-06,1,SISTEM_SUDAH_IDEAL
22.0676006356929,17.7530740914267,6.17984610357016,2.12060109899854,0.0862151621413625,1.30585524188417,2.22044604925031e-16,1,SISTEM_SUDAH_IDEAL
22.8048336242593,1.47255827689793,7.19694172744749,0.105969630324232,0.0857210193543353,0.469384578069062,6.52677967227788e-08,1,SISTEM_SUDAH_IDEAL
37.1046431192389,12.1439638378673,0.514125253940096,37.4587501951863,0.0968572143728683,0.745962429858535,1.11022302462516e-16,1,TURUNKAN_KP_ATAU_NAIKKAN_KD
47.5002326671759,26.3216055070623,8.27649947688969,0.884041927363799,0.0810888348952107,0.099333822746633,0,1,SISTEM_SUDAH_IDEAL
22.5318296663396,26.5342414258385,8.53718337359077,2.38242089371028,0.084968856767608,1.54948692451801,0,1,SISTEM_SUDAH_IDEAL
32.4868372057521,15.2034980116689,0.760229085454986,29.594696602101,0.104445073757358,0.784259909154915,0,1,TURUNKAN_KP_ATAU_NAIKKAN_KD
18.2203442250053,6.93273467415455,8.60180503723948,1.17204254558114,0.0859773483901905,0.570830953661479,2.22044604925031e-16,1,SISTEM_SUDAH_IDEAL
31.8195027918541,21.9437134433294,1.56355283373281,18.1234681629305,0.0939797881851063,0.399750569166027,2.22044604925031e-16,1,SISTEM_SUDAH_IDEAL
47.5823468956326,12.0126886131859,6.11386675351746,1.37554273226475,0.0801019404154215,0.0981248770088914,2.22044604925031e-16,1,SISTEM_SUDAH_IDEAL
40.0244616434836,20.5910945856071,0.00048344557509572,55.6105335218136,0.0962678271774461,1.11336729866489,0,1,TURUNKAN_KP_ATAU_NAIKKAN_KD
25.2328827176821,29.5685998726179,0.0700372094719215,46.62972888999,0.121853724924736,1.40667678866873,2.22044604925031e-16,1,TURUNKAN_KP_ATAU_NAIKKAN_KD
2.14646621886859,3.10268734005585,6.03406558356747,7.81556328056723,0.709308046100257,10.6243713198679,2.38347119818627e-11,1,SISTEM_SUDAH_IDEAL
2.4095143163118,12.6561583446453,3.55863103245393,16.1041392432264,0.45047676377806,9.75401889079011,8.88178419700125e-16,1,SISTEM_SUDAH_IDEAL
34.9835228528584,10.8893317714387,3.24555047630042,5.74641229511494,0.0835373963800495,0.374875490431669,1.11022302462516e-16,1,SISTEM_SUDAH_IDEAL
33.9737871576911,17.4975710956307,2.4045479726547,10.7426928757497,0.085325379616174,0.406674949992791,0,1,SISTEM_SUDAH_IDEAL
18.8433283166079,6.1420383810441,2.58642084677665,1.93603037514471,0.136244689872199,0.19611470951329,0,1,SISTEM_SUDAH_IDEAL
42.4657246245958,12.8112282713976,6.56982963005712,0.578697701046216,0.0813331852447867,0.0996331519248638,0,1,SISTEM_SUDAH_IDEAL
26.6635874019651,28.1105712223508,3.33422420094046,4.6722230408325,0.087479370172811,0.92110981827503,1.11022302462516e-16,1,SISTEM_SUDAH_IDEAL
18.1455916126902,22.3948062136657,8.63929468768405,2.70880493337824,0.0857875584913773,1.92095670260548,2.22044604925031e-16,1,SISTEM_SUDAH_IDEAL
1.20268849672214,25.4857178129168,8.07625427184444,10.9370180594678,0.17966196656655,39.5357573212761,0.000159689457971735,1,SISTEM_SUDAH_IDEAL
27.2391472729377,13.0134922419084,6.02436919119053,1.21503684673709,0.0848780465954538,0.21655503744804,0,1,SISTEM_SUDAH_IDEAL
16.8552601516942,23.3432161424823,0.967197534128158,20.9064672016512,0.146130435453257,0.710524195879459,1.11022302462516e-16,1,TURUNKAN_KP_ATAU_NAIKKAN_KD
22.6977487000402,22.8584719628367,6.25833233228555,2.46664807679364,0.0858908980064166,1.38710091370839,0,1,SISTEM_SUDAH_IDEAL
0.174576162782614,0.515172154522564,4.56854072168927,15.8550401965249,3.22715145206173,116.887866234057,0.00296969119610013,1,SISTEM_SUDAH_IDEAL
11.1782028197662,11.1426205740762,4.41232164258044,4.13190828852072,0.167959960126235,2.37358424337355,0,1,SISTEM_SUDAH_IDEAL
3.13447735105002,10.921271224115,3.76869074010979,13.0246790822245,0.44005230641139,6.66350545424303,2.22044604925031e-16,1,SISTEM_SUDAH_IDEAL
15.1620118629172,27.5516754044477,4.77350675771568,5.18584276618952,0.112812764517043,1.58754441784457,2.22044604925031e-16,1,SISTEM_SUDAH_IDEAL
9.1196219014829,8.91112918388177,8.2929947365432,3.32401542359162,0.0880670200836396,3.47668652463059,4.44089209850063e-16,1,SISTEM_SUDAH_IDEAL
31.0061996452123,19.9079862453385,6.16203411816305,1.45418466842238,0.0837167966967145,0.172633411797681,1.11022302462516e-16,1,SISTEM_SUDAH_IDEAL
13.163336218906,26.174961499503,0.0536812740368875,51.9627039335374,0.158823571360274,1.62669894458853,3.33066907387547e-16,1,TURUNKAN_KP_ATAU_NAIKKAN_KD
18.3627645931112,17.75915515201,9.24839059321826,2.23685546231107,0.0855570352794173,1.94044543839255,2.22044604925031e-16,1,SISTEM_SUDAH_IDEAL
23.000244879386,12.726246728932,6.54961612063972,1.49464272790987,0.0858146818264654,0.318307393995761,2.22044604925031e-16,1,SISTEM_SUDAH_IDEAL
38.3118154206984,11.3893069924167,4.54068967068252,2.52615329398274,0.0817354188074531,0.261856514434365,1.11022302462516e-16,1,SISTEM_SUDAH_IDEAL
32.2901006146903,22.0546357901416,6.33821562872391,1.48265753059067,0.0833545713699318,0.164279552987295,0,1,SISTEM_SUDAH_IDEAL
39.2472135932114,1.03461057962838,1.00862339158675,26.5082900597907,0.0870766686462904,0.518641586286651,6.23619791062513e-06,1,TURUNKAN_KP_ATAU_NAIKKAN_KD
2.18703893790643,4.81555270221279,8.35002947100983,7.01482877286352,0.248276988134217,13.7593129404879,3.50995033038259e-09,1,SISTEM_SUDAH_IDEAL
28.0717041230824,5.16065099477493,9.38799009118024,0.416171628258977,0.0841374788205369,0.378237449173504,8.88178419700125e-16,1,SISTEM_SUDAH_IDEAL
27.2079664451214,24.9077356840884,3.17443770333258,4.82580410203528,0.0876241290429433,0.840000164297978,2.22044604925031e-16,1,SISTEM_SUDAH_IDEAL
11.7369678225057,21.0598143748599,5.19783648059401,5.36896993089224,0.136393408405503,1.96617945263032,2.22044604925031e-16,1,SISTEM_SUDAH_IDEAL
14.4073145791053,0.830187801160095,1.52802902265912,2.9338640016316,0.169371134536165,0.493076100385987,2.35586417485223e-07,1,SISTEM_SUDAH_IDEAL
39.2961304855452,15.5625566938564,4.16822862672221,3.89163156820407,0.0812665454042506,0.339383370287971,2.22044604925031e-16,1,SISTEM_SUDAH_IDEAL
5.52737784922553,18.942830252712,1.26733568056866,24.010802719376,0.261979940696649,3.19232192715113,0,1,TURUNKAN_KP_ATAU_NAIKKAN_KD
29.1321831756683,5.53501126637824,4.94911090203233,0.478212034280157,0.0849167575767737,0.177851293416493,6.66133814775094e-16,1,SISTEM_SUDAH_IDEAL
16.8720309158086,6.205463094777,1.05165521104586,12.4179201919395,0.153685655151714,0.596740934479721,0,1,SISTEM_SUDAH_IDEAL
7.78162589844278,26.1998864984273,7.24371498334733,6.69320130387689,0.10462327161655,3.70196025027818,2.22044604925031e-16,1,SISTEM_SUDAH_IDEAL
0.279208800806285,24.3124571403618,2.45622407967823,999,999,999,1,0,TURUNKAN_KP_DAN_KI
44.3968274407696,25.1784194842561,3.55567385189081,7.31130287778108,0.0790301128453972,0.369245668244086,2.22044604925031e-16,1,SISTEM_SUDAH_IDEAL
15.8623558416101,4.62558925017347,3.88423229604318,1.26180147343025,0.140437060886977,0.403916881680301,0,1,SISTEM_SUDAH_IDEAL
15.3719924099473,24.6352743921906,2.79882346584207,6.71073558168025,0.142788059201903,1.34942256825451,1.11022302462516e-16,1,SISTEM_SUDAH_IDEAL
42.6726973880147,5.85855467893392,3.55002466794182,5.89908619315991,0.0801196894755595,0.313657214189315,2.11519690651585e-12,1,SISTEM_SUDAH_IDEAL
17.3987790549444,17.5689405391794,4.56250795406776,3.28410201411531,0.106935869893584,1.65234089522758,4.44089209850063e-16,1,SISTEM_SUDAH_IDEAL
2.02243558191861,11.4004678304069,5.46487045006288,12.0914999964429,0.449541081730538,14.4420673781452,1.72230452122335e-10,1,SISTEM_SUDAH_IDEAL
3.51290333126762,6.39679395016138,7.71897567107188,6.31307394742109,0.233439887950098,7.94494889435158,1.67643676718399e-14,1,SISTEM_SUDAH_IDEAL
31.618968466767,24.2616408216209,0.214900082320982,43.0804519517156,0.109737458798728,1.22309350905969,2.22044604925031e-16,1,TURUNKAN_KP_ATAU_NAIKKAN_KD
0.687844394403897,11.9638999557806,2.09695674834458,31.2434038527987,0.566946440734179,148.831957318688,0.0177197340097726,1,TURUNKAN_KP_ATAU_NAIKKAN_KD
29.4957370088859,24.6816568525898,7.49075982358463,1.7100156902055,0.0838726807292567,0.209307485053675,2.22044604925031e-16,1,SISTEM_SUDAH_IDEAL
46.5572457366167,15.7363660296506,5.38645416634196,2.39583730791406,0.0797695136380047,0.241852141695263,1.11022302462516e-16,1,SISTEM_SUDAH_IDEAL
33.464724969033,26.1378359022471,1.81324929181593,16.7171333453424,0.087369115043371,0.402333149633007,3.33066907387547e-16,1,SISTEM_SUDAH_IDEAL
35.055331229548,5.66730609785771,1.99816212424685,13.1116285164462,0.0861612931964749,0.368184531602411,8.01581023779363e-14,1,SISTEM_SUDAH_IDEAL
38.6482974553396,15.896885646158,0.0471463719527176,52.2939916789225,0.098878406954027,1.12504556113043,2.22044604925031e-16,1,TURUNKAN_KP_ATAU_NAIKKAN_KD
47.8680525036029,26.3183700145752,8.72308896383523,0.850096166247494,0.0812123494561496,0.0994851280837832,2.22044604925031e-16,1,SISTEM_SUDAH_IDEAL
24.8012617451795,15.9330507807862,0.322607179908051,33.4799815666043,0.125282361598771,0.949271896604258,2.22044604925031e-16,1,TURUNKAN_KP_ATAU_NAIKKAN_KD
37.6078354159793,22.7505603875775,5.83562739006172,1.3220849810982,0.0819980301347921,0.113802411207156,0,1,SISTEM_SUDAH_IDEAL
18.6058504133056,14.7599981253296,5.27182458093841,2.47116897862514,0.0883876273193547,1.60493215079915,2.22044604925031e-16,1,SISTEM_SUDAH_IDEAL
22.5362232687843,4.27202715444822,6.52743732329403,0.549962698729556,0.0860941910736133,0.39915201159484,2.22044604925031e-16,1,SISTEM_SUDAH_IDEAL
33.8335144191068,22.4928832467515,3.059258561246,7.22353200812993,0.0840294460942,0.477286322718747,0,1,SISTEM_SUDAH_IDEAL
40.3173796064304,8.99900395596166,2.74086675032318,9.53403422462415,0.0812581078045461,0.350105859190244,1.11022302462516e-16,1,SISTEM_SUDAH_IDEAL
13.6242491031332,22.9047278783724,3.1857521544177,6.505018556042,0.150770261682958,1.51321209211631,0,1,SISTEM_SUDAH_IDEAL
17.9502224136739,20.2644563137616,0.335382250580746,36.0433326440907,0.143617962694821,1.15966497269433,0,1,TURUNKAN_KP_ATAU_NAIKKAN_KD
7.60112720289142,12.6465036628692,2.12894144789799,10.0217100988915,0.248923420318257,1.930801188928,3.33066907387547e-16,1,SISTEM_SUDAH_IDEAL
38.1036062269286,19.2991840966643,8.39646713945293,0.918212395278784,0.082509783797479,0.16161845055287,1.11022302462516e-16,1,SISTEM_SUDAH_IDEAL
10.4897882386184,13.1504277818313,7.32119751641718,3.82216017076449,0.0886106208232661,2.77132416651426,3.33066907387547e-16,1,SISTEM_SUDAH_IDEAL
5.33758592916694,13.3369414247207,4.90552705674478,8.50122131020028,0.287114246788237,4.4962501104928,4.44089209850063e-16,1,SISTEM_SUDAH_IDEAL
34.8213176642171,27.9242395644556,1.55150775370797,20.5657203491417,0.0872666403631379,0.384997134651309,1.11022302462516e-16,1,TURUNKAN_KP_ATAU_NAIKKAN_KD
2.73406103340835,18.2602935912292,2.42940784548139,22.744726379277,0.361138396422252,9.56146337838116,0,1,TURUNKAN_KP_ATAU_NAIKKAN_KD
28.0151098215804,20.3550202329663,4.66504768523564,1.9906621491508,0.0852019965435284,0.166136535458831,1.11022302462516e-16,1,SISTEM_SUDAH_IDEAL
33.0202532914976,24.2504801677185,8.56439235517049,1.36817648584793,0.0832433303932211,0.200080687633703,2.22044604925031e-16,1,SISTEM_SUDAH_IDEAL
35.643895701228,7.90000847287448,2.96107240124455,7.02806112170544,0.0835915592790635,0.366335463113999,3.33066907387547e-16,1,SISTEM_SUDAH_IDEAL
9.39226247104818,17.9813011970973,7.78297442119277,4.75660548517629,0.0883470418267316,2.59276536742554,2.22044604925031e-16,1,SISTEM_SUDAH_IDEAL
4.88831140460342,12.2992934652873,6.31245711201028,7.40790791915449,0.246629631148003,5.24832694496765,1.11022302462516e-16,1,SISTEM_SUDAH_IDEAL
38.3656682445598,15.4682009988063,0.467893532856348,39.8574130452521,0.0941141572096397,0.740288228675751,2.22044604925031e-16,1,TURUNKAN_KP_ATAU_NAIKKAN_KD
22.1319810915834,23.4380725148581,9.9114597391613,2.08818298849771,0.0847164140928722,1.57054767837668,0,1,SISTEM_SUDAH_IDEAL
42.563950155704,1.79958916328287,7.66725198143708,0.00907231224962501,0.0818455899698832,0.118653524055249,1.66847870186615e-07,1,SISTEM_SUDAH_IDEAL
36.3453281284701,22.6404872330466,2.01431457169383,15.3546935700636,0.0844637428308159,0.385213725782038,2.22044604925031e-16,1,SISTEM_SUDAH_IDEAL
16.2919286426123,17.912365270991,9.77113562894548,2.50341538872902,0.0856889613263451,2.23129560566986,3.33066907387547e-16,1,SISTEM_SUDAH_IDEAL
22.6714169868429,14.8891620851956,9.71656138539336,1.49637339602842,0.0847679103347757,0.411447660122444,2.22044604925031e-16,1,SISTEM_SUDAH_IDEAL
38.2502296050245,29.3929600004513,2.0283133878472,16.4606636382314,0.0828112577126495,0.380903569994956,1.11022302462516e-16,1,SISTEM_SUDAH_IDEAL
1.6834306630837,4.74444086085706,7.19703401884927,8.66923417853003,0.528869775453843,17.1419579668497,4.3465624210981e-08,1,SISTEM_SUDAH_IDEAL
38.964118085898,19.3487333510255,3.38064658578324,6.80516821392925,0.0813420106184148,0.385335021748041,0,1,SISTEM_SUDAH_IDEAL
32.8326164060976,1.36969048028057,8.67484780088114,0.0101093954412601,0.0835167542842957,0.288931916739721,2.07806208241124e-07,1,SISTEM_SUDAH_IDEAL
5.24808747440583,28.4090800710126,3.79497748848172,13.9934067306602,0.234856595833094,5.15664440464979,0,1,SISTEM_SUDAH_IDEAL
6.82604480018149,9.38639498503536,8.98684091136074,4.21178510498268,0.0879646487302524,3.84712150909148,3.33066907387547e-16,1,SISTEM_SUDAH_IDEAL
39.1395198541013,5.79123971594928,1.73940827932019,17.0800028432272,0.0837623780364652,0.345653454536775,5.48228129559902e-13,1,SISTEM_SUDAH_IDEAL
44.7658109912114,23.1229352272308,7.92116942050586,0.870655058468772,0.0813624994285269,0.0996690617999455,0,1,SISTEM_SUDAH_IDEAL
10.7778926256039,5.80118028627313,6.46739082572099,2.34915724345119,0.122845900830951,3.01599891712339,1.11022302462516e-16,1,SISTEM_SUDAH_IDEAL
5.66434684788963,15.1773756217741,6.84921572433946,6.90161228320834,0.176600761160921,4.82941903322623,2.22044604925031e-16,1,SISTEM_SUDAH_IDEAL
7.95137841053052,11.2012390890017,8.08372197161161,4.2868143244547,0.0885094914316918,3.31775370483332,1.11022302462516e-16,1,SISTEM_SUDAH_IDEAL
45.5660965621621,4.82068609452238,7.37947882076883,0.142976667435568,0.0812266459601464,0.0995026413011793,1.53509427391896e-10,1,SISTEM_SUDAH_IDEAL
27.8847816660639,5.63569790674402,6.90014354052756,0.492576173373771,0.0845711368744678,0.285166488048345,1.11022302462516e-16,1,SISTEM_SUDAH_IDEAL
15.0908156560531,18.9680423270098,2.35783501434267,6.28849702372143,0.150746386370818,1.41519330738597,1.11022302462516e-16,1,SISTEM_SUDAH_IDEAL
24.5671550418052,22.7479264992691,6.20207419584395,2.23214645546288,0.0853894323154809,1.21123120638864,0,1,SISTEM_SUDAH_IDEAL
12.4887640216873,19.5962375303859,3.30785884081767,6.24189536004625,0.159958301998361,1.67826754782538,2.22044604925031e-16,1,SISTEM_SUDAH_IDEAL
6.06015805725518,19.7056860929061,9.47319888498822,5.77379045860698,0.0876056989946975,4.90057163470402,1.11022302462516e-16,1,SISTEM_SUDAH_IDEAL
42.1577168678796,4.39164215335032,6.87492784344319,0.150651482760833,0.081620056973822,0.0999845697929319,2.07831307719175e-10,1,SISTEM_SUDAH_IDEAL
33.3106541936422,15.3146755120268,4.34721893205686,2.02528699561484,0.0834521577253897,0.219671566347393,2.22044604925031e-16,1,SISTEM_SUDAH_IDEAL
19.279413190556,25.2688270339688,2.50835018159834,6.64760815539127,0.126252312797898,1.15818412828621,1.11022302462516e-16,1,SISTEM_SUDAH_IDEAL
14.6739900506581,16.8290654781294,6.26663690335705,3.36419989340819,0.0884797645584254,2.09057251637288,3.33066907387547e-16,1,SISTEM_SUDAH_IDEAL
22.5859728075122,25.9327596747633,9.53957119592283,2.21863279483652,0.0847123708570403,1.57520943990452,1.11022302462516e-16,1,SISTEM_SUDAH_IDEAL
40.9263670933234,21.6018933628206,1.2204180665446,26.2851172576565,0.0833951039013355,0.603831271178968,1.11022302462516e-16,1,TURUNKAN_KP_ATAU_NAIKKAN_KD
4.24771139160062,25.1737000796988,3.50551199871815,15.8519310938206,0.272848894890048,6.53713867241828,2.22044604925031e-16,1,SISTEM_SUDAH_IDEAL
45.381847892759,17.336741982998,0.510865325536103,40.4456262612294,0.0825960977268989,0.670914237700294,1.11022302462516e-16,1,TURUNKAN_KP_ATAU_NAIKKAN_KD
10.8827037012438,4.40053696379998,4.16301340868488,2.17061532060026,0.183388943590095,2.38332181343238,1.11022302462516e-16,1,SISTEM_SUDAH_IDEAL
43.977914574428,2.78876117004716,9.29844942371153,0.0545945027101702,0.082057609942126,0.146732108921858,4.02955306899599e-08,1,SISTEM_SUDAH_IDEAL
46.8918858759239,7.96073804626124,0.356788697102947,43.0113161094111,0.0823228094274767,0.814555789881467,2.26485497023532e-14,1,TURUNKAN_KP_ATAU_NAIKKAN_KD
23.4233609189715,17.5313999157548,7.26742793899485,1.8141746262236,0.0853132029272505,0.311227088601153,5.55111512312578e-16,1,SISTEM_SUDAH_IDEAL
16.7747184549369,1.91046800181497,8.91637497750506,0.358856340547931,0.0861588691442151,0.774750250696489,6.28002094771318e-11,1,SISTEM_SUDAH_IDEAL
41.5481291175157,11.188487479204,7.6546316699376,0.482410813437895,0.0818982552892938,0.120063244359829,4.44089209850063e-16,1,SISTEM_SUDAH_IDEAL
21.9700480533006,15.548151416154,5.6018892690641,1.9972587552366,0.0867396842565847,0.277100902243903,0,1,SISTEM_SUDAH_IDEAL
12.3752940782831,3.84915866297582,6.10483289226905,1.42133555733217,0.118720315089198,0.758171504764779,0,1,SISTEM_SUDAH_IDEAL
30.7783853489345,7.0479391194921,8.57609951030176,0.498239532799616,0.0837820801368483,0.290528705503384,1.11022302462516e-16,1,SISTEM_SUDAH_IDEAL
5.86523365604308,26.4754505068414,3.88909110536336,12.4843711657593,0.227509667585013,4.16943653718701,2.22044604925031e-16,1,SISTEM_SUDAH_IDEAL
15.0911219010644,22.587424293524,2.65169501451006,6.64147159675845,0.146665099942602,1.37853997878832,1.11022302462516e-16,1,SISTEM_SUDAH_IDEAL
26.3774162269872,6.8770415316178,0.563855511862896,24.1202712332989,0.12259605457202,0.852030310595337,0,1,TURUNKAN_KP_ATAU_NAIKKAN_KD
41.4890525967744,3.47442341080417,5.41923001030613,1.12180854513959,0.0812088941259811,0.0994808953043269,3.54114337852707e-09,1,SISTEM_SUDAH_IDEAL
31.334198290488,0.0112746656818175,1.63615120180612,14.0002652455615,0.0981914260219596,0.376433973970474,0.00120965798739325,1,SISTEM_SUDAH_IDEAL
0.575828229139885,22.5900436424566,7.03709754708172,16.0448046527781,0.133884867454712,149.45095901827,0.0256364308307431,1,SISTEM_SUDAH_IDEAL
17.9170530390068,20.1123634426315,0.909950542389956,21.3451420456706,0.143463705889701,1.13218734135826,1.11022302462516e-16,1,TURUNKAN_KP_ATAU_NAIKKAN_KD
41.2327495215304,12.6965992250172,1.01588188651332,28.6093170464232,0.0844166259701256,0.640440028951081,2.22044604925031e-16,1,TURUNKAN_KP_ATAU_NAIKKAN_KD
4.97946779144878,3.19071988224615,6.1869887641475,4.00759039604828,0.352579397846431,5.49023413384223,0,1,SISTEM_SUDAH_IDEAL
10.149367596481,12.695941074106,8.09022153547126,3.66601971749059,0.0879522858872661,2.9455868529586,2.22044604925031e-16,1,SISTEM_SUDAH_IDEAL
16.5458236235902,8.20049479306094,8.1882881119962,1.56521581657838,0.0865114383844691,0.581341712437297,0,1,SISTEM_SUDAH_IDEAL
10.4233196380028,19.6370054172535,5.76013077936972,5.45575562764236,0.136676278428769,2.16789437901662,0,1,SISTEM_SUDAH_IDEAL
28.2856383556259,9.44032458396918,1.45663820743122,14.9113569247736,0.109256181654122,0.41920742126014,2.22044604925031e-16,1,SISTEM_SUDAH_IDEAL
6.61084235552453,25.2800012098581,4.74611689556818,9.85634343138519,0.200257591964278,3.27036013738191,3.33066907387547e-16,1,SISTEM_SUDAH_IDEAL
11.6848674681385,23.4312615740203,6.82424363146733,4.89052387366329,0.0886467558298692,2.09713990966354,1.11022302462516e-16,1,SISTEM_SUDAH_IDEAL
8.16092824289183,4.23581149455068,6.68742830514843,2.64755437819826,0.159992914905216,4.04513488612194,0,1,SISTEM_SUDAH_IDEAL
33.0366442387921,19.3141781010002,1.86787962837116,15.1048183868087,0.0877985531684457,0.397776930553239,0,1,SISTEM_SUDAH_IDEAL
41.204923239035,18.4123822539123,9.3222198934305,0.750845218751417,0.082257940262917,0.154159892257509,0,1,SISTEM_SUDAH_IDEAL
33.1708079529893,7.47609494588237,0.466922013939649,34.6588998198499,0.107075427782168,0.776087208358497,2.22044604925031e-16,1,TURUNKAN_KP_ATAU_NAIKKAN_KD
1.95702685133884,21.5480773133618,2.43418098449157,27.1801789469924,0.359063212380569,18.8673481015444,5.18198817189841e-11,1,TURUNKAN_KP_ATAU_NAIKKAN_KD
7.38381584159307,1.31865455334064,8.0883045311085,1.12931635935976,0.0887906722458791,1.65265376782074,0,1,SISTEM_SUDAH_IDEAL
42.1361874054451,6.88551090410435,7.47839046310075,0.272792978514858,0.0817980550305871,0.113015864484776,3.30846461338297e-14,1,SISTEM_SUDAH_IDEAL
14.1973468824421,10.1475453992371,3.29206178196116,3.21998906888663,0.155534883659429,1.86067835814641,0,1,SISTEM_SUDAH_IDEAL
3.43172026302095,2.31460360156855,4.94831629552557,5.41438754642238,0.658590206019132,6.30315746321387,1.11022302462516e-16,1,SISTEM_SUDAH_IDEAL
18.9048334700381,12.4975994634585,6.19685177791168,1.99015590029585,0.0872661445956728,0.384343790432815,2.22044604925031e-16,1,SISTEM_SUDAH_IDEAL
33.2764764368555,19.0652734372078,3.40201638270653,5.22289719679223,0.0840136098177889,0.459446381801286,2.22044604925031e-16,1,SISTEM_SUDAH_IDEAL
37.3377621393067,20.8651680077593,5.86577046055119,1.2137064747566,0.082100904714522,0.117919609587403,1.11022302462516e-16,1,SISTEM_SUDAH_IDEAL
44.2371135253331,28.7162757543239,8.60079167276577,1.03768395145269,0.0816081595457969,0.0999699954436013,2.22044604925031e-16,1,SISTEM_SUDAH_IDEAL
16.1181172107699,19.907639511934,9.05632646992071,2.80271772916358,0.0860024746229699,2.16199780458666,1.11022302462516e-16,1,SISTEM_SUDAH_IDEAL
34.3705603201955,29.9737427530975,4.99394031705946,2.23425757652997,0.0826595419228575,0.608107668954341,2.22044604925031e-16,1,SISTEM_SUDAH_IDEAL
13.7449858552109,20.8023100269549,9.95012528480035,3.18303903966242,0.0859843027185611,2.40077990969042,2.22044604925031e-16,1,SISTEM_SUDAH_IDEAL
10.6188803607539,12.4719219951834,1.62007507128176,8.33706679569182,0.189051040130344,1.69267134466084,4.44089209850063e-16,1,SISTEM_SUDAH_IDEAL
12.5860988553916,11.8112304677338,3.40166660641936,4.1939290472353,0.165346356202791,2.01526624083865,2.22044604925031e-16,1,SISTEM_SUDAH_IDEAL
46.5262441833844,13.5817156122947,5.26566576652555,2.50200350606251,0.0797255373722041,0.246454786629644,1.11022302462516e-16,1,SISTEM_SUDAH_IDEAL
25.1577062562768,24.3097914440558,8.04838200476692,2.02159254146104,0.0846334192162088,1.17334271976234,0,1,SISTEM_SUDAH_IDEAL
5.99104161554529,18.5505068676182,7.72727522655687,6.58840082212604,0.113615553156585,4.62887352687423,1.11022302462516e-16,1,SISTEM_SUDAH_IDEAL
14.3419227429909,8.07360713506419,4.66116253270852,2.29957086157571,0.136131501404284,1.95589156678208,0,1,SISTEM_SUDAH_IDEAL
18.6625162417683,14.3772200036602,4.38207686734609,2.60239378509253,0.103827794677866,1.50198923434214,1.11022302462516e-16,1,SISTEM_SUDAH_IDEAL
12.8613097931806,4.23412930920464,2.66171959539122,1.82974486765271,0.174531011171218,0.382219504622062,2.22044604925031e-16,1,SISTEM_SUDAH_IDEAL
17.5241861102938,7.57565895047639,0.17718028432933,33.5177892919,0.149813325890545,1.13863292922813,0,1,TURUNKAN_KP_ATAU_NAIKKAN_KD
22.6373744541244,27.137450869571,6.57064984368632,2.74136419964786,0.0856642517543691,1.42696871937623,2.22044604925031e-16,1,SISTEM_SUDAH_IDEAL
7.27161904923023,7.75490509755906,7.91264715699055,3.92844540596997,0.0905650977690341,3.88283454540243,2.22044604925031e-16,1,SISTEM_SUDAH_IDEAL
36.4689945089449,24.6935557629488,9.36302772522354,1.1643395089618,0.0828011644514876,0.186844647297198,2.22044604925031e-16,1,SISTEM_SUDAH_IDEAL
9.65857960042474,15.8083098212526,2.80609960608241,7.75271831370181,0.191750070974035,1.84310226536645,2.22044604925031e-16,1,SISTEM_SUDAH_IDEAL
20.5193713397229,7.19558722636677,3.5755558177561,1.30733338465925,0.11240961685839,0.21425776205466,0,1,SISTEM_SUDAH_IDEAL
8.31604956532169,0.0758908343363662,4.0665802731883,0,0.301651494337571,1.32124476206914,0.000947949267838144,1,SISTEM_SUDAH_IDEAL
14.0808834416674,5.31826560786243,5.85657977062575,1.55694209467323,0.10635028466887,0.612331480766938,2.22044604925031e-16,1,SISTEM_SUDAH_IDEAL
36.1759094416178,21.6378274412643,5.08586119635723,1.66527759484578,0.0822677272275514,0.117592739919471,5.55111512312578e-16,1,SISTEM_SUDAH_IDEAL
16.3962914709442,13.6451369176673,2.96880598335777,3.61082995262452,0.14187853465303,1.54386999798993,2.22044604925031e-16,1,SISTEM_SUDAH_IDEAL
34.2513427034147,27.7418442958522,2.91745652672231,8.56020324498055,0.0838334187427254,0.496256952423236,0,1,SISTEM_SUDAH_IDEAL
23.8997117534987,11.7463302333266,3.18895884309893,2.48697548306116,0.0991415284989514,0.535462175752834,1.11022302462516e-16,1,SISTEM_SUDAH_IDEAL
20.1092913560758,26.3277761955728,9.53160377075742,2.55365361850464,0.0850888221906954,1.78879266567638,2.22044604925031e-16,1,SISTEM_SUDAH_IDEAL
0.319171912722893,18.042844187763,7.85577616211084,23.0891410701285,0.0825307653301485,149.543701214439,0.0902436043239858,1,TURUNKAN_KP_ATAU_NAIKKAN_KD
32.0253313312768,3.51044371833286,7.10512764054586,0.203544810597878,0.0836639475930105,0.22562272783513,1.14817488849894e-10,1,SISTEM_SUDAH_IDEAL
4.98748692906589,17.5429682536174,8.47564771084339,6.66888868069706,0.0887335092470004,6.82585311576414,0,1,SISTEM_SUDAH_IDEAL
11.6362684776111,5.87963737998304,0.378281575337927,20.986585349477,0.191474197563179,1.58161356275392,2.22044604925031e-16,1,TURUNKAN_KP_ATAU_NAIKKAN_KD
41.477335048705,0.847850213160418,3.67238611045286,4.93552581869439,0.0807192557244957,0.294513050887516,2.12611787243633e-05,1,SISTEM_SUDAH_IDEAL
8.84057331822272,15.1221902747062,4.95986198002481,6.00202047170848,0.180629797663927,2.36697894039475,3.33066907387547e-16,1,SISTEM_SUDAH_IDEAL
43.3440716850047,17.1341874934455,1.71015581462748,19.4208703598201,0.0803373373269892,0.412363048482737,1.11022302462516e-16,1,SISTEM_SUDAH_IDEAL
45.5176500666444,19.9091318084178,5.02688991892321,3.07574773331825,0.0797046199810703,0.289032877847405,2.22044604925031e-16,1,SISTEM_SUDAH_IDEAL
41.2042485098703,8.63090513568889,8.80965097265547,0.357761684799685,0.0822550799846235,0.15601331230418,2.22044604925031e-16,1,SISTEM_SUDAH_IDEAL
26.6719069296398,2.77780931380828,4.83544266284841,0.232906941147792,0.0859771186749861,0.195271359949604,3.17713189090796e-10,1,SISTEM_SUDAH_IDEAL
16.1898576176863,16.2924193972027,9.5670387506052,2.40896299602342,0.0858055934662451,2.24475327833839,4.44089209850063e-16,1,SISTEM_SUDAH_IDEAL
18.4762088800116,0.793820519513403,7.39510538613349,0.0243054117179398,0.0866612124380487,0.661637006173378,4.25109834889525e-07,1,SISTEM_SUDAH_IDEAL
16.3442484038314,19.9585960328549,4.97846294918713,3.74012984838119,0.103105554730067,1.73537734608468,0,1,SISTEM_SUDAH_IDEAL
42.9842586288105,22.45895897011,3.97915820333789,5.4664230162538,0.0797847982089704,0.366801490298243,0,1,SISTEM_SUDAH_IDEAL
25.8057177629206,17.5126898371605,5.08243785545476,1.84200577984215,0.0857763519664457,0.189469388375466,1.11022302462516e-16,1,SISTEM_SUDAH_IDEAL
36.7935404852552,21.8577020021403,1.94129736213402,16.1178554874773,0.0843627448167833,0.379876091016079,1.11022302462516e-16,1,SISTEM_SUDAH_IDEAL
22.8446341039672,15.5584891599369,1.49085761067097,12.7593328576317,0.124996820590082,0.563055069600648,2.22044604925031e-16,1,SISTEM_SUDAH_IDEAL
39.1969970756202,4.96298938608987,4.95223961095246,1.53775593809728,0.0816578643249149,0.10084800083489,9.68536362222494e-12,1,SISTEM_SUDAH_IDEAL
13.0587514869296,18.6527621092409,4.57111774492219,4.80581873176507,0.139858163274831,1.90042692342843,2.22044604925031e-16,1,SISTEM_SUDAH_IDEAL
12.8727895559139,16.0320186771675,0.916214964714942,17.619874046295,0.169158755029435,1.29014399145923,0,1,SISTEM_SUDAH_IDEAL
28.1766492178283,25.5659963077264,7.27490602774095,1.89618678403198,0.0841543848263193,0.217033385166652,0,1,SISTEM_SUDAH_IDEAL
27.0348755580042,20.1485122771382,8.60682517484911,1.55392236628649,0.0842473737549119,0.288301416700451,0,1,SISTEM_SUDAH_IDEAL
27.6963856509395,27.320493458486,5.56749508305831,2.34498311328883,0.0846632838658469,1.02398854181513,0,1,SISTEM_SUDAH_IDEAL
43.0168913079603,13.5828841672291,1.60615906297805,20.2437465197263,0.0808900468033117,0.435416584588477,0,1,TURUNKAN_KP_ATAU_NAIKKAN_KD
11.9607546897267,18.3523012582222,4.33721706699308,5.37819943533051,0.153584537559605,1.9292084856241,1.11022302462516e-16,1,SISTEM_SUDAH_IDEAL
30.4577657447396,7.09967505407223,9.33524933977363,0.502137476204423,0.0837814667748926,0.319510467002751,3.33066907387547e-16,1,SISTEM_SUDAH_IDEAL
35.2704477392707,20.2690577323236,3.93635814325175,3.97859976086334,0.0827177571891651,0.418953209453162,0,1,SISTEM_SUDAH_IDEAL
32.4751868389425,13.4776545160257,9.89971796830069,0.814050737957372,0.0834267919135803,0.274792313027676,2.22044604925031e-16,1,SISTEM_SUDAH_IDEAL
4.78074063929249,14.0512215650573,6.93682230951478,7.35954287725209,0.198602374849422,5.18470531676693,2.22044604925031e-16,1,SISTEM_SUDAH_IDEAL
47.1909099518234,18.9453497645811,6.17115987180577,1.50540086770776,0.080121488999636,0.0981488240245541,2.22044604925031e-16,1,SISTEM_SUDAH_IDEAL
32.2764450903366,4.54598210417528,2.44668226240985,8.37887761658307,0.0868797818201027,0.377527954289741,1.68220992691204e-12,1,SISTEM_SUDAH_IDEAL
27.6071144338536,7.23922853665301,5.04063842083072,0.707612314160988,0.0853706350264753,0.188166019110876,3.33066907387547e-16,1,SISTEM_SUDAH_IDEAL
40.1625918989984,19.9054511463774,0.367733645148635,44.0200695124531,0.090906756326762,0.815158469500166,4.44089209850063e-16,1,TURUNKAN_KP_ATAU_NAIKKAN_KD
10.5014885093563,12.0936945289509,9.18238226617969,3.23616577578854,0.0870580177060485,3.09286513285302,3.33066907387547e-16,1,SISTEM_SUDAH_IDEAL
30.4995693412239,6.54899924302531,3.48915500369601,2.90450038786558,0.0856833939941828,0.326164483139594,2.22044604925031e-16,1,SISTEM_SUDAH_IDEAL
13.4959690183955,11.5615778264208,8.7827511374199,2.48710904244249,0.0867384233324911,2.63895875317199,3.33066907387547e-16,1,SISTEM_SUDAH_IDEAL
27.8512388118741,9.74724198314539,6.4853574184727,0.875983999614882,0.0846203827022312,0.245221483681581,2.22044604925031e-16,1,SISTEM_SUDAH_IDEAL
30.6201809695283,2.66887887429148,3.66805487372507,2.06840023992794,0.0854814786567459,0.212368305168147,3.0681861495907e-09,1,SISTEM_SUDAH_IDEAL
47.09762124813,27.6844053769905,2.6085728854189,12.5889296945906,0.0774624494917546,0.340079719423999,0,1,SISTEM_SUDAH_IDEAL
13.3286645776477,23.4099239161443,4.01907791609731,5.89320072835136,0.142882900443234,1.64813357885777,0,1,SISTEM_SUDAH_IDEAL
44.422795831273,13.5656119192977,4.96988526732737,2.76377340183951,0.0800577105445196,0.264903350947691,1.11022302462516e-16,1,SISTEM_SUDAH_IDEAL
18.7480933034443,11.4512862572576,4.58085650913121,2.10289513284581,0.0996419796885447,1.31543027097228,2.22044604925031e-16,1,SISTEM_SUDAH_IDEAL
35.9892472882497,21.8985380548627,3.36132063162444,6.38790268258389,0.0826477800183384,0.440251300244383,1.11022302462516e-16,1,SISTEM_SUDAH_IDEAL
23.3148973018641,11.3311713784951,0.639498248076031,24.5443601830422,0.129451432716046,0.945423041488496,6.66133814775094e-16,1,TURUNKAN_KP_ATAU_NAIKKAN_KD
49.2350976883708,17.8887954656818,4.50136834000043,4.4870036936338,0.0783525831197584,0.299321412679654,2.22044604925031e-16,1,SISTEM_SUDAH_IDEAL
48.7005294298747,20.659631810317,4.87983368736516,3.73526869776868,0.0787822024680693,0.296730000655659,0,1,SISTEM_SUDAH_IDEAL
17.9673230420865,12.9446383554393,2.06194770704721,5.50460346976296,0.141334661615699,1.21922203903766,0,1,SISTEM_SUDAH_IDEAL
27.3424954739847,28.7250626258206,1.87005169668815,13.0463570126277,0.102599549475137,0.572238793714705,1.11022302462516e-16,1,SISTEM_SUDAH_IDEAL
38.6102397669045,25.1214150313302,9.08313740355502,1.09820800889338,0.0824866808372722,0.163611790229437,0,1,SISTEM_SUDAH_IDEAL
31.6331535338245,17.8078334677502,7.72602644287646,1.16685452334131,0.0835407843684944,0.207463992061355,0,1,SISTEM_SUDAH_IDEAL
13.7534324310623,0.247128451292755,2.68418804699654,0,0.171226887747546,0.44638255977064,0.000105802350567674,1,SISTEM_SUDAH_IDEAL
26.7927319596825,6.75423394410129,9.12491011918331,0.602726146594779,0.084350904183963,0.382733258181994,2.22044604925031e-16,1,SISTEM_SUDAH_IDEAL
5.73692705164338,7.99026129632191,4.79796067595697,6.4685855540902,0.322864930169101,3.34000232249794,2.22044604925031e-16,1,SISTEM_SUDAH_IDEAL
33.1467161452461,25.0784127393522,6.34712730305659,1.60103196799135,0.0831045354790474,0.155059671769737,0,1,SISTEM_SUDAH_IDEAL
40.4420308472473,17.1726100922918,4.91711306913113,2.43341107185868,0.0810635690498119,0.263510190840079,0,1,SISTEM_SUDAH_IDEAL
40.1756833658516,13.2315420149067,0.488697271856416,39.6348063526982,0.0896242836527125,0.718603365688294,3.33066907387547e-16,1,TURUNKAN_KP_ATAU_NAIKKAN_KD
49.4730145452878,22.4774843503556,5.78644771837704,2.35641748101736,0.0793448801151826,0.243405666515496,0,1,SISTEM_SUDAH_IDEAL
16.8083294136025,17.800559787535,9.01644291983509,2.50838042884869,0.0859213363470965,2.12456680451755,0,1,SISTEM_SUDAH_IDEAL
42.2472570158981,26.052484017637,1.03637198398485,30.1944637404683,0.0827450941310269,0.680025278468153,0,1,TURUNKAN_KP_ATAU_NAIKKAN_KD
39.4655304748193,12.1788268395697,3.06966845680945,7.81813058417806,0.0814088192904726,0.361229312708357,1.11022302462516e-16,1,SISTEM_SUDAH_IDEAL
1.42601622882518,21.3136762693709,8.43627569565131,10.0481161629899,0.157488390349227,29.3167706689322,7.63880505483261e-06,1,SISTEM_SUDAH_IDEAL
2.59439026411198,7.36894209165333,9.50156813805664,6.55908032272396,0.0884025045723134,11.8262683348769,5.78434633524694e-10,1,SISTEM_SUDAH_IDEAL
5.60401920502819,28.7392496481674,3.45386033657317,14.5670621768255,0.230021162662605,4.7524649209638,1.11022302462516e-16,1,SISTEM_SUDAH_IDEAL
44.1224098078562,8.28088522470555,7.14448536660363,0.316285001788441,0.0813266119315442,0.0996250996161416,8.88178419700125e-16,1,SISTEM_SUDAH_IDEAL
2.58578723745269,3.21760686467337,8.58990753529828,5.63073091358097,0.177856112216758,11.629197440058,2.03272287890854e-10,1,SISTEM_SUDAH_IDEAL
21.3139734055886,16.8757705501702,7.32724594304781,1.99025593258473,0.085784963099096,0.35317921841774,2.22044604925031e-16,1,SISTEM_SUDAH_IDEAL
48.144149123054,1.77404951669609,1.19566088014961,24.7293926016392,0.0783874553054549,0.464436585591596,1.47896080604504e-07,1,TURUNKAN_KP_ATAU_NAIKKAN_KD
6.64000758182752,24.0816154654954,1.60170857168564,20.8946576938186,0.229301677760945,2.92678577317054,0,1,TURUNKAN_KP_ATAU_NAIKKAN_KD
26.3765127241105,21.2577645875216,9.90396200524505,1.57745471929061,0.084150193191438,0.323988515801013,0,1,SISTEM_SUDAH_IDEAL
30.6217584650854,8.74746891956126,5.50880163600681,0.700833588025995,0.0841328642071739,0.1750919177699,3.33066907387547e-16,1,SISTEM_SUDAH_IDEAL
27.1355294995619,27.0154881258215,0.709286455369771,27.5070330241952,0.115602585080026,0.912187515560512,2.22044604925031e-16,1,TURUNKAN_KP_ATAU_NAIKKAN_KD
49.287580301627,27.1708201519186,9.38992607052662,0.812039793581643,0.0812678215264455,0.0995530813698958,2.22044604925031e-16,1,SISTEM_SUDAH_IDEAL
33.6930199127252,21.7966056245083,0.933698254443055,28.4628106485145,0.0982092353215285,0.770570094942611,0,1,TURUNKAN_KP_ATAU_NAIKKAN_KD
6.87367007978374,24.3192924482237,8.45292595807665,6.2738546506685,0.0882239822939742,4.18267981403971,3.33066907387547e-16,1,SISTEM_SUDAH_IDEAL
5.24859308138224,22.6768998333712,3.21173753759313,14.3690726641955,0.261794600584481,4.22124142714343,2.22044604925031e-16,1,SISTEM_SUDAH_IDEAL
12.0118783528653,25.1879978669653,4.21444094809798,6.64919308774212,0.148685144926761,1.66931901766768,1.11022302462516e-16,1,SISTEM_SUDAH_IDEAL
33.0979385884019,1.07336097637316,7.40803062954404,0,0.0834761956833623,0.232369635010375,1.41582488832892e-06,1,SISTEM_SUDAH_IDEAL
49.9783293343663,11.5244182917388,5.29256640953674,2.74083304078279,0.0789864578597014,0.252456921456031,1.11022302462516e-16,1,SISTEM_SUDAH_IDEAL
39.308212420559,4.86602407244066,9.01419515298764,0.195915589008266,0.0825775308477355,0.186135831795335,1.17088561069068e-11,1,SISTEM_SUDAH_IDEAL
15.6144017732971,20.3792794267729,4.59185379484139,4.16242096517241,0.11781692076944,1.71638352436961,0,1,SISTEM_SUDAH_IDEAL
33.309204403026,20.4869495117771,2.42328684688291,10.6678811105123,0.0856333324724015,0.441796125585697,3.33066907387547e-16,1,SISTEM_SUDAH_IDEAL
27.2864982539463,4.92688897302898,9.06588660712387,0.420101930321115,0.0843030370557735,0.385966740279645,1.55431223447522e-15,1,SISTEM_SUDAH_IDEAL
28.7361009021282,25.3584236693853,9.7570218980676,1.61508785965347,0.0838114638208495,0.27659329114693,0,1,SISTEM_SUDAH_IDEAL
39.9183842768323,16.6237210477038,8.73106287419445,0.734490863872783,0.0823361124442113,0.155796870900831,2.22044604925031e-16,1,SISTEM_SUDAH_IDEAL
13.4776510344511,28.2319501467262,9.90263399616074,3.77216227971893,0.0859716966479941,2.1692930686137,2.22044604925031e-16,1,SISTEM_SUDAH_IDEAL
45.9685193090974,1.11606216666119,5.85980306873088,1.09108016740014,0.0804249790035308,0.0985205992793253,8.44916223030623e-06,1,SISTEM_SUDAH_IDEAL
21.1503487869805,1.3658843474321,9.25214309937598,0.110756596294226,0.0852721107445483,0.6132069380451,6.70488713438999e-08,1,SISTEM_SUDAH_IDEAL
37.6673037293769,1.81195777346959,7.22134035331643,0.0253002927226742,0.0825815707211157,0.162788101111369,1.92395296139125e-07,1,SISTEM_SUDAH_IDEAL
14.416600143132,28.9342071631726,1.49330881720764,15.5118567734226,0.15262103422317,0.988169759887366,0,1,SISTEM_SUDAH_IDEAL
29.9601711407976,13.9550608957007,4.113363793156,1.79063167557221,0.0850084354487973,0.152792730068175,2.22044604925031e-16,1,SISTEM_SUDAH_IDEAL
44.1244481359776,6.74664562857764,5.42962313880256,1.64848088860259,0.0805103956167028,0.0986252346304609,1.86961557346876e-13,1,SISTEM_SUDAH_IDEAL
47.4801232192686,19.6002199886816,0.340970832670981,45.1218726629264,0.0811837551935055,0.922781192089222,4.44089209850063e-16,1,TURUNKAN_KP_ATAU_NAIKKAN_KD
19.5427797825891,26.2175826823005,3.88312005234588,4.28314968695527,0.103916570477777,1.33166639363261,0,1,SISTEM_SUDAH_IDEAL
37.445346054602,22.2331804424865,2.29777947378772,13.1419250296614,0.0830647034319617,0.385510023347336,0,1,SISTEM_SUDAH_IDEAL
46.2901017559665,5.16121629779647,8.30252720218142,0.148939289413264,0.0814699105295366,0.0998006403986823,6.55648868530534e-11,1,SISTEM_SUDAH_IDEAL
20.6422254835742,23.1101051144939,3.40021883022988,3.99997344936991,0.108180302213912,1.24707668371789,0,1,SISTEM_SUDAH_IDEAL
44.666762080186,25.662792899102,1.31903067629001,25.5684108101986,0.0798403340669914,0.617582673530087,1.11022302462516e-16,1,TURUNKAN_KP_ATAU_NAIKKAN_KD
34.2183085283182,4.48738580684373,4.10367959408876,2.1725100934298,0.0834461104748781,0.222682591950103,5.81579229219642e-12,1,SISTEM_SUDAH_IDEAL
27.5973842469951,16.5540797640265,7.72998152902337,1.34376840806956,0.084322057673377,0.27028964427565,4.44089209850063e-16,1,SISTEM_SUDAH_IDEAL
37.1375044393929,27.2302611791202,4.63715278605034,2.94172069666148,0.0818157214737082,0.446110463359069,0,1,SISTEM_SUDAH_IDEAL
20.1401578589279,28.3170328782258,0.956147848207154,24.0999180261538,0.132892179040253,1.01037767437243,1.11022302462516e-16,1,TURUNKAN_KP_ATAU_NAIKKAN_KD
28.0373779840428,9.52185951036227,9.4477065109592,0.765344757278075,0.0840918183525296,0.350417569988362,1.11022302462516e-16,1,SISTEM_SUDAH_IDEAL
31.0450979276271,13.9315754754028,8.79031535184321,0.932258166419375,0.0836557188063767,0.26460174689164,0,1,SISTEM_SUDAH_IDEAL
36.7342603332114,17.6764629330104,1.00644356979212,28.0936547176892,0.0892882976075044,0.718678053185828,1.11022302462516e-16,1,TURUNKAN_KP_ATAU_NAIKKAN_KD
1.1939140279017,2.5289092403275,4.55152772646203,11.9343929377249,1.1068717319358,19.5281154139248,2.65789973363795e-08,1,SISTEM_SUDAH_IDEAL
9.51593172927249,2.25377372274681,3.29066710409041,1.5542868767108,0.247443404553567,0.738029697623727,3.33066907387547e-16,1,SISTEM_SUDAH_IDEAL
11.4643489615548,10.1151308066488,5.52447374053178,3.39811438965378,0.142716413981464,2.60082394991474,2.22044604925031e-16,1,SISTEM_SUDAH_IDEAL
48.5155672223572,6.81689051244098,4.00145665597332,5.19649445946262,0.0783190177115973,0.291138727349191,1.17772458452237e-12,1,SISTEM_SUDAH_IDEAL
49.6385726592219,13.8605551237465,9.84530452312384,0.410387375443788,0.0814724381675654,0.0998037367552676,2.22044604925031e-16,1,SISTEM_SUDAH_IDEAL
25.0220159793782,29.6401172903867,5.38099402281207,2.89801352693422,0.0855860676415639,1.19980933127907,0,1,SISTEM_SUDAH_IDEAL
6.74482466964589,10.1760959447613,7.29008316104168,4.99153642565691,0.141982716955009,3.4380510353147,2.22044604925031e-16,1,SISTEM_SUDAH_IDEAL
20.8821938851802,27.7416429527836,0.702916464374613,29.3675546281089,0.131670334037203,1.05546226407513,1.11022302462516e-16,1,TURUNKAN_KP_ATAU_NAIKKAN_KD
19.0697781438838,16.954770527202,7.56591786234123,2.26867841557519,0.0861830014525937,1.75194275667223,4.44089209850063e-16,1,SISTEM_SUDAH_IDEAL
36.7832781170955,11.43734687236,9.04656414888253,0.584185382421953,0.0828575622328291,0.199065902812225,2.22044604925031e-16,1,SISTEM_SUDAH_IDEAL
9.75103288234698,26.7104428501032,2.58175695079439,11.5770202275305,0.177943133189852,2.15617554887699,3.33066907387547e-16,1,SISTEM_SUDAH_IDEAL
20.7828564888093,0.0983802576571913,5.45836334246207,0,0.0875563208364951,0.445205417913175,0.000839685227445486,1,SISTEM_SUDAH_IDEAL
17.3503535550354,19.3676407085749,9.32185481864626,2.51035878345902,0.0856808063581602,2.07238695844694,1.11022302462516e-16,1,SISTEM_SUDAH_IDEAL
29.4854141939013,7.81809035073846,8.99945852728827,0.590892577710944,0.0839438220241978,0.322503470665212,4.44089209850063e-16,1,SISTEM_SUDAH_IDEAL
0.962311784548153,6.83763412044131,7.16858192704059,10.7635174378703,0.533990722471338,34.5645330741492,8.12497005964197e-06,1,SISTEM_SUDAH_IDEAL
5.08139268628762,21.5105256541097,2.39580553677171,17.6478244048463,0.270431107917129,3.89964793081799,2.22044604925031e-16,1,SISTEM_SUDAH_IDEAL
20.741945439874,8.68319604163914,1.51618258803281,10.2060040001864,0.134756823627899,0.560610006985765,2.22044604925031e-16,1,SISTEM_SUDAH_IDEAL
15.5900820267463,19.0031790612215,0.225924003937511,36.4979279554046,0.152852652882727,1.25091482789398,1.11022302462516e-16,1,TURUNKAN_KP_ATAU_NAIKKAN_KD
31.3079899581698,6.00566466242022,3.97056404257779,1.72481767205763,0.0847390644434374,0.149096124326991,6.66133814775094e-16,1,SISTEM_SUDAH_IDEAL
23.3915283702187,23.9507263347036,2.21004357443454,8.7026620497757,0.113330823320304,0.923452209070726,2.22044604925031e-16,1,SISTEM_SUDAH_IDEAL
19.2192978089611,27.2036230717813,1.23876076420517,18.7115177997664,0.135101714305748,0.729272462809322,1.11022302462516e-16,1,SISTEM_SUDAH_IDEAL
2.35286585747506,20.6881138175981,2.98120940307296,21.5270779049923,0.357003111408974,12.531811334787,2.39808173319034e-14,1,TURUNKAN_KP_ATAU_NAIKKAN_KD
49.9280166023416,5.51794600784147,5.55146746375634,2.11663530115727,0.0793039492978531,0.210089934220646,7.78681563673445e-11,1,SISTEM_SUDAH_IDEAL
29.6649233253362,14.9711041817207,4.62559690946915,1.39660205575052,0.0847120870661045,0.160208057780475,2.22044604925031e-16,1,SISTEM_SUDAH_IDEAL
7.73845574763109,7.75676480105402,7.22380433394533,3.89219656412749,0.130941160715383,3.68065610491162,3.33066907387547e-16,1,SISTEM_SUDAH_IDEAL
49.9173707170032,16.6593093515197,6.43678816727025,1.41157865236714,0.079827496207602,0.0977886828543125,1.11022302462516e-16,1,SISTEM_SUDAH_IDEAL
34.140335753028,28.5842884675978,3.66399040866368,5.18610514524096,0.0831336936812478,0.577205582965264,2.22044604925031e-16,1,SISTEM_SUDAH_IDEAL
23.5610894450546,3.85619123773173,0.798067021343954,18.8806121303576,0.130265988453068,0.63402785332767,9.30366894635881e-14,1,SISTEM_SUDAH_IDEAL
27.3004062410975,20.1692087417787,8.43506947991935,1.54579358953402,0.0842267631362957,0.280705321747407,1.11022302462516e-16,1,SISTEM_SUDAH_IDEAL
30.0162376059437,1.87203353200792,7.37645613791579,0.0756740101095943,0.0840796022347384,0.288156998020941,6.56680436694757e-08,1,SISTEM_SUDAH_IDEAL
7.77927247371361,2.55322113949987,0.490069903861494,9.60034264228511,0.261239076691315,2.34142837131307,2.22044604925031e-16,1,SISTEM_SUDAH_IDEAL
4.12015981743891,6.39871492606226,3.88538275065089,8.61678694139558,0.469388952313397,5.7137939295132,1.11022302462516e-16,1,SISTEM_SUDAH_IDEAL
14.4991190244574,4.49134023394734,6.33817003627647,1.25585396610022,0.0886869311028451,0.651562829167171,0,1,SISTEM_SUDAH_IDEAL
5.78454587514408,22.0344428415149,8.90022406662325,6.39827514986215,0.0880947908767387,4.59491306861564,2.22044604925031e-16,1,SISTEM_SUDAH_IDEAL
22.2455151247435,12.2425917315182,4.13853497783082,1.81281482990325,0.0887025386188242,0.198436895669571,0,1,SISTEM_SUDAH_IDEAL
44.0350944433293,15.8164875630923,1.2774379705434,25.0558491520035,0.080814010343577,0.466942553748369,1.11022302462516e-16,1,TURUNKAN_KP_ATAU_NAIKKAN_KD
10.6768063701061,5.04742766023913,3.54724107416145,2.63290017101958,0.192730675416256,2.51747869628711,0,1,SISTEM_SUDAH_IDEAL
18.3279342975837,16.5503026034975,1.31341868059563,13.8411043238569,0.142057261322126,1.11452437021144,2.22044604925031e-16,1,SISTEM_SUDAH_IDEAL
35.6193863638493,10.6496342755376,6.47080208023738,0.630387055299297,0.082762603528589,0.15296445721743,2.22044604925031e-16,1,SISTEM_SUDAH_IDEAL
21.3641510902424,22.7200505206693,2.42964184989073,6.78801926993309,0.119148276017754,1.07207217103071,1.11022302462516e-16,1,SISTEM_SUDAH_IDEAL
9.5222098168844,4.58207761348509,9.91213812253641,1.96741057232481,0.0868614847985953,1.09920554550658,2.22044604925031e-16,1,SISTEM_SUDAH_IDEAL
48.8359581977776,27.6630360188985,4.51302690084197,4.86411151154458,0.0782997401186187,0.341752403347217,1.11022302462516e-16,1,SISTEM_SUDAH_IDEAL
10.1900553578478,11.2670148612363,7.43166312812861,3.58083743965703,0.0886044181579127,2.96634511752514,1.11022302462516e-16,1,SISTEM_SUDAH_IDEAL
45.1550391068741,25.8135988184459,9.73288979289841,0.871398398414303,0.0818200848230159,0.117581162951416,2.22044604925031e-16,1,SISTEM_SUDAH_IDEAL
7.67525696472462,3.69473151074342,1.93804249534416,3.99686992018018,0.292769176252955,3.00693666669863,1.11022302462516e-16,1,SISTEM_SUDAH_IDEAL
12.9814544202838,21.8453127976292,2.23366229935471,8.58033430358287,0.161499959079294,1.37477163851892,1.11022302462516e-16,1,SISTEM_SUDAH_IDEAL
29.9521093395996,5.22265682347365,5.75221320773925,0.407642522878993,0.0843277229815845,0.189786736980247,7.99360577730113e-15,1,SISTEM_SUDAH_IDEAL
23.0491389348024,26.4881391786397,0.0650198951103231,48.4173984737144,0.127172626700606,1.45837551916312,2.22044604925031e-16,1,TURUNKAN_KP_ATAU_NAIKKAN_KD
18.4705580675365,4.88210763053715,0.762916483789469,18.0986874643612,0.147778967266454,0.523919755294877,3.33066907387547e-16,1,SISTEM_SUDAH_IDEAL
45.1575312817392,12.8367485532761,5.46476648041144,1.98549494790456,0.080190745046244,0.0982336626816489,1.11022302462516e-16,1,SISTEM_SUDAH_IDEAL
4.4518674010576,17.6668722789747,4.07885337026936,12.0730726432228,0.305016211850699,5.29071226806967,0,1,SISTEM_SUDAH_IDEAL
30.7288969009369,1.2104002834474,0.47968059894246,30.3380538536871,0.113642199960477,0.772519016705136,7.45024495429902e-08,1,TURUNKAN_KP_ATAU_NAIKKAN_KD
22.9711232150971,24.5858146675966,6.98851985384549,2.43736822805856,0.085426411911465,1.42408882590764,0,1,SISTEM_SUDAH_IDEAL
27.5972389334061,6.02777111083787,6.37987234719788,0.54923570907206,0.0847759412365523,0.263352298378536,2.22044604925031e-16,1,SISTEM_SUDAH_IDEAL
2.36647550491156,21.6223699959531,4.2430446049819,16.2692899695552,0.341477108898922,13.9040685403601,2.01128003141093e-12,1,SISTEM_SUDAH_IDEAL
25.8895530478683,27.3384220713612,7.49633768749228,2.194406874675,0.0845700106687247,1.23401317791894,2.22044604925031e-16,1,SISTEM_SUDAH_IDEAL
48.2037442834562,22.7212511064861,4.38088029272259,4.91475657653198,0.0784397934104457,0.328923711020607,1.11022302462516e-16,1,SISTEM_SUDAH_IDEAL
22.8748587977335,15.3474854763952,2.33610094154093,6.2668218670084,0.116516312507666,0.802563684537653,0,1,SISTEM_SUDAH_IDEAL
22.0843345513518,4.32653365796622,5.23388239374593,0.604978676566237,0.0873058923517508,0.332497211690614,2.22044604925031e-16,1,SISTEM_SUDAH_IDEAL
20.2897617839579,1.64890937133523,3.64322176409065,0.202819184614267,0.115311790611421,0.263214835249278,9.57720280858609e-09,1,SISTEM_SUDAH_IDEAL
5.02879881350011,18.299065481869,2.23400836386824,17.281038336577,0.285402217843294,4.03207045764794,1.11022302462516e-16,1,SISTEM_SUDAH_IDEAL
29.1333207372161,9.91530441337395,7.46494719412165,0.794466563186513,0.0841414559344322,0.265902168697728,1.11022302462516e-16,1,SISTEM_SUDAH_IDEAL
39.1803379401286,3.57403578926683,4.30988738781785,2.80134923468502,0.0815751985877283,0.257547167812795,1.41013667409595e-09,1,SISTEM_SUDAH_IDEAL
7.36721617301257,2.98526449065946,5.13675451399273,2.59950801044611,0.280456500401926,4.14372955025696,2.22044604925031e-16,1,SISTEM_SUDAH_IDEAL
9.35272634675593,21.7583221990851,0.386088369531696,37.1807866789392,0.194716941502908,1.27729658907897,2.22044604925031e-16,1,TURUNKAN_KP_ATAU_NAIKKAN_KD
8.86234293494353,25.459024342943,8.29908835067938,5.53375377607952,0.0878899668143065,3.74360985741939,0,1,SISTEM_SUDAH_IDEAL
10.2980794161449,14.6258287056502,5.3543582114243,4.8752786529775,0.1552730345179,2.38271617697078,3.33066907387547e-16,1,SISTEM_SUDAH_IDEAL
9.87511767650335,27.4256030133754,2.827732453398,10.9085435368328,0.175367664349288,2.21546932092152,0,1,SISTEM_SUDAH_IDEAL
47.6524202484871,20.4950498669815,6.17910093228535,1.59900162609137,0.0800168837864101,0.0980206826383523,2.22044604925031e-16,1,SISTEM_SUDAH_IDEAL
27.5365919335015,23.3386228700664,2.33193059959588,8.81995987586741,0.0956931807994921,0.64701699119151,1.11022302462516e-16,1,SISTEM_SUDAH_IDEAL
5.92880988013446,10.6028449348235,0.996200662581027,17.5613636501156,0.282913329897258,1.70045919982645,0,1,SISTEM_SUDAH_IDEAL
19.1418472776971,29.3397905476438,6.14111076914419,3.64109654443086,0.0869289216191543,1.5534391545543,0,1,SISTEM_SUDAH_IDEAL
28.8961247126096,13.4913753905295,4.45774079720046,1.3402306698767,0.0851710302343802,0.163590999173726,0,1,SISTEM_SUDAH_IDEAL
20.4721147020647,26.957587213149,4.16341549236607,3.97982962328556,0.0920585118839875,1.31658300360747,2.22044604925031e-16,1,SISTEM_SUDAH_IDEAL
34.1077907387367,1.07867654802831,1.78071270927471,14.1539947132344,0.0880269452415252,0.364047675174734,1.83914022233722e-06,1,SISTEM_SUDAH_IDEAL
4.79544086511322,3.7558859165754,1.88528968939945,7.65612091198571,0.463935276828261,3.52750380387077,0,1,SISTEM_SUDAH_IDEAL
23.3720386789018,5.15320207717676,5.21053744200958,0.659056647614409,0.086826079146964,0.287504520525318,0,1,SISTEM_SUDAH_IDEAL
33.864558817715,26.0666916159092,7.56936934744046,1.472263262172,0.0830247904919451,0.171415597446069,2.22044604925031e-16,1,SISTEM_SUDAH_IDEAL
49.3115876244602,6.59520070466266,1.7299855767028,18.3290397718675,0.0769005905342396,0.434174415929888,3.42792461083263e-12,1,SISTEM_SUDAH_IDEAL
46.2363983885939,26.9681177958209,3.77197441842611,6.78886761993645,0.0784718884137729,0.36317690822687,2.22044604925031e-16,1,SISTEM_SUDAH_IDEAL
6.95992805958637,4.26761204372186,0.0677180636250008,24.4867089453786,0.251946596640791,2.40617013301347,0,1,TURUNKAN_KP_ATAU_NAIKKAN_KD
40.4964862293024,24.7441661073942,9.14956174385026,1.01013656880053,0.082258050319126,0.14929688697551,2.22044604925031e-16,1,SISTEM_SUDAH_IDEAL
17.5471357127155,13.6991252028065,6.45614634041325,2.31682129701121,0.0874249539228813,1.81569008926826,0,1,SISTEM_SUDAH_IDEAL
33.775208732098,29.2772166141626,6.13358665077668,1.8216569101837,0.0828775390502077,0.143163880878012,2.22044604925031e-16,1,SISTEM_SUDAH_IDEAL
46.48749281537,27.8451573575451,9.97717793800683,0.882904125009465,0.0817172947585813,0.108251211186354,2.22044604925031e-16,1,SISTEM_SUDAH_IDEAL
13.5146808777724,28.3843241492155,1.12127648840552,20.7059415619313,0.158162078113645,0.883730053449926,0,1,TURUNKAN_KP_ATAU_NAIKKAN_KD
43.5982175517311,3.28533622824999,8.98298449748917,0.0806637873216109,0.082031531019688,0.141901782497363,9.51663747805753e-09,1,SISTEM_SUDAH_IDEAL
31.8596573062753,18.0298139815073,4.68421734258991,1.57912770129354,0.0838020519828932,0.145236054043592,0,1,SISTEM_SUDAH_IDEAL
25.7952493934148,16.3431927121079,6.90247289902548,1.52977005841395,0.0849023333034079,0.268405981656982,3.33066907387547e-16,1,SISTEM_SUDAH_IDEAL
28.2514737486739,6.11617966836646,3.75176843801099,1.37126355496331,0.0864661148305712,0.163326055990151,2.22044604925031e-16,1,SISTEM_SUDAH_IDEAL
31.6427935160883,15.4548455470194,1.28801860189977,20.5108520274374,0.0999765605685604,0.388109115699368,3.33066907387547e-16,1,TURUNKAN_KP_ATAU_NAIKKAN_KD
41.5905060966101,25.1832290101198,3.2347648716515,8.34388516965692,0.0800687146087634,0.384085726636645,1.11022302462516e-16,1,SISTEM_SUDAH_IDEAL
8.01951807225412,25.7153341483792,3.17448139780466,11.5489366883116,0.195397793473666,2.64456720195583,0,1,SISTEM_SUDAH_IDEAL
13.581757178959,25.8181889096507,8.01219989661243,4.0880802609546,0.0870333005640357,2.06292948239575,2.22044604925031e-16,1,SISTEM_SUDAH_IDEAL
13.2234879413896,26.9655936526329,1.25889240430579,18.0444924771525,0.160120933614648,0.972780487334874,1.11022302462516e-16,1,SISTEM_SUDAH_IDEAL
42.9265333636122,24.7416690462626,4.53872896195531,4.02059666669341,0.0800323184156616,0.360964839802355,2.22044604925031e-16,1,SISTEM_SUDAH_IDEAL
6.50470936969236,2.46596130020247,1.74167656402849,3.70719843513119,0.364042061590728,3.49328374406345,0,1,SISTEM_SUDAH_IDEAL
36.4727399827613,14.6091906481206,5.06924766371539,1.27601214954096,0.0823072896435664,0.119691313308411,0,1,SISTEM_SUDAH_IDEAL
46.0971577961208,6.46400286405801,1.35851467108968,22.9114311248642,0.0794078479646666,0.462566366153522,1.47792889038101e-12,1,TURUNKAN_KP_ATAU_NAIKKAN_KD
22.1947592989963,6.66250837070519,2.36069491691537,4.26717133134218,0.122273453234607,0.488384718546144,0,1,SISTEM_SUDAH_IDEAL
13.8698706384672,4.14356415575562,1.76380197535307,2.70723047003747,0.169954426601421,0.747638844941537,0,1,SISTEM_SUDAH_IDEAL
18.715976900165,29.6018766689096,8.58851072283221,3.1213504168712,0.0856148561704788,1.77454583204218,2.22044604925031e-16,1,SISTEM_SUDAH_IDEAL
36.7995614148848,17.6932385491815,2.38835099760399,11.8150463248705,0.0834678161617201,0.384337243819184,2.22044604925031e-16,1,SISTEM_SUDAH_IDEAL
12.2214850740791,0.567719060162597,8.16261333411063,0.0611443245532417,0.0875820771717436,1.16427988686006,6.40038768873197e-07,1,SISTEM_SUDAH_IDEAL
35.7462504062617,23.2456524297513,2.95749412191594,8.38677208858245,0.0830880567003404,0.444011601029417,0,1,SISTEM_SUDAH_IDEAL
40.0160957215419,15.2584489151835,1.17903235970571,25.9249448411288,0.0846961598234612,0.489441767942347,1.11022302462516e-16,1,TURUNKAN_KP_ATAU_NAIKKAN_KD
43.908498767695,6.16320698213652,2.91949804401226,8.91842877574405,0.0795181819088733,0.322662926025895,1.37956313039922e-12,1,SISTEM_SUDAH_IDEAL
14.6421756169204,26.2633219747509,1.60987002024723,13.2257484105078,0.152514368999999,1.07654185951358,2.22044604925031e-16,1,SISTEM_SUDAH_IDEAL
36.2404862539551,24.1669663053829,7.418323116947,1.26971084565335,0.0825977890728653,0.151737154403907,2.22044604925031e-16,1,SISTEM_SUDAH_IDEAL
39.7042697914935,20.9346422359562,7.78400664689577,0.95472375838479,0.0821198226153716,0.13202049429757,2.22044604925031e-16,1,SISTEM_SUDAH_IDEAL
18.3592617092587,27.29017258542,5.5315718211792,3.85532299351414,0.0878649137206069,1.55780257110144,0,1,SISTEM_SUDAH_IDEAL
42.921610571957,28.7253227386403,8.05097061931735,1.12073515854574,0.0816175414104569,0.0999814882278097,2.22044604925031e-16,1,SISTEM_SUDAH_IDEAL
20.9980671200518,18.0879423738683,5.2306085413977,2.46828190784545,0.0874252323295431,1.40247505787637,2.22044604925031e-16,1,SISTEM_SUDAH_IDEAL
30.5148760433582,5.26815716849835,5.18054536040671,0.407366036398793,0.0843379942869833,0.173150238152578,1.13242748511766e-14,1,SISTEM_SUDAH_IDEAL
24.941290252537,25.38638473584,5.72806361986874,2.48410425260257,0.0854793839782067,1.2063373541549,0,1,SISTEM_SUDAH_IDEAL
8.90231184158348,3.89088220414147,6.57252387118059,2.24818375089062,0.151978828731543,3.62556341459006,1.11022302462516e-16,1,SISTEM_SUDAH_IDEAL
10.7559141558822,13.3625493867584,7.45188920438825,3.72705460376637,0.0883959667926437,2.7492205612456,2.22044604925031e-16,1,SISTEM_SUDAH_IDEAL
33.3754979548775,8.98186866640462,7.72555257354774,0.565619951147478,0.0833313044392341,0.208357623476142,6.66133814775094e-16,1,SISTEM_SUDAH_IDEAL
17.8697542166348,2.70359835170541,7.27179262913629,0.502963209079055,0.0868652058744891,0.61935927513975,1.92512672470002e-13,1,SISTEM_SUDAH_IDEAL
35.9259222822168,2.43199709921893,7.36509297139809,0.0781276853075497,0.082919359217817,0.182725866200195,2.99016724714107e-08,1,SISTEM_SUDAH_IDEAL
4.28728726761083,26.7507185849046,8.8808894000696,7.65233432374819,0.0883721327601683,7.80563961634767,1.36557432028894e-14,1,SISTEM_SUDAH_IDEAL
28.5669706799772,25.4112972306647,1.26624391351658,20.1325657322382,0.107236344156663,0.443826956374211,0,1,TURUNKAN_KP_ATAU_NAIKKAN_KD
10.3355601405636,1.4840873953762,6.92381559649098,0.733562387998798,0.111834207034709,1.1424232615495,3.64597241286901e-13,1,SISTEM_SUDAH_IDEAL
14.7643006296219,22.4354872190832,5.34738953770585,4.35135043274841,0.104344501024131,1.80445658965767,0,1,SISTEM_SUDAH_IDEAL
16.4961507336202,27.630660430053,8.2846538037923,3.46395825279016,0.0862144869076604,1.90012413681265,4.44089209850063e-16,1,SISTEM_SUDAH_IDEAL
26.2495238522965,3.68036812430405,0.923400487874675,18.0011787009947,0.12168100667939,0.60182409322812,2.48689957516035e-12,1,SISTEM_SUDAH_IDEAL
33.748032309122,21.312931328142,9.80868077449441,1.1325986572474,0.0831983374052177,0.233019389753424,2.22044604925031e-16,1,SISTEM_SUDAH_IDEAL
48.2174503631572,12.062030083002,1.86915009477471,17.411255695359,0.0773087784766281,0.413957819941878,0,1,SISTEM_SUDAH_IDEAL
19.5677072467603,26.553575303297,5.95220050541887,3.37046255961404,0.0870122728168566,1.55288819648726,4.44089209850063e-16,1,SISTEM_SUDAH_IDEAL
31.5097913344594,28.8198462846464,2.39762072080574,11.0122498204672,0.0866918600921143,0.527167240938351,2.22044604925031e-16,1,SISTEM_SUDAH_IDEAL
16.0013581921979,8.58612655178067,9.1801192941001,1.62412398276954,0.0860944424107173,0.626226509620771,2.22044604925031e-16,1,SISTEM_SUDAH_IDEAL
40.527328631634,29.3239387766158,1.73098927425456,20.0973004798368,0.0818492498643617,0.358932798047594,1.11022302462516e-16,1,TURUNKAN_KP_ATAU_NAIKKAN_KD
40.3593926785121,10.9319913982263,5.61876494869237,0.97843944860081,0.0814457909149503,0.0997710938708141,2.22044604925031e-16,1,SISTEM_SUDAH_IDEAL
14.5205553038895,21.5603899335158,3.28518911872259,5.69880339094189,0.145053955854495,1.53719949183277,0,1,SISTEM_SUDAH_IDEAL
33.9494380021507,25.006358227194,0.425012503857446,40.0932878268903,0.1032040633594,0.794018481380803,1.11022302462516e-16,1,TURUNKAN_KP_ATAU_NAIKKAN_KD
48.3083553302106,3.96591595713569,1.36863616352688,22.4732946387646,0.0779186612809804,0.457856867504299,4.0663661327045e-09,1,TURUNKAN_KP_ATAU_NAIKKAN_KD
32.7215002431609,9.90359931379944,9.77634889132603,0.608573947074076,0.0834305483175559,0.282084563595895,3.33066907387547e-16,1,SISTEM_SUDAH_IDEAL
33.2670562166141,27.4691040710617,1.44173311992227,21.2278049515507,0.0905718783586529,0.390639221715078,0,1,TURUNKAN_KP_ATAU_NAIKKAN_KD
5.30219882064055,28.190377921589,7.34526167581914,8.3155325005877,0.132659498714247,5.3713540257083,2.22044604925031e-16,1,SISTEM_SUDAH_IDEAL
1.26298702353604,3.242199428584,1.07345326275519,29.0548991064638,0.832068777820911,12.6379362543453,2.22044604925031e-16,1,TURUNKAN_KP_ATAU_NAIKKAN_KD
14.1908662412599,25.8834010348204,1.09755239339176,19.5242042867382,0.156240867046698,0.894530708587769,2.22044604925031e-16,1,SISTEM_SUDAH_IDEAL
28.8044577954029,27.658592873522,9.78371413105389,1.71098294254872,0.0837787754601228,0.269614737954021,1.11022302462516e-16,1,SISTEM_SUDAH_IDEAL
45.320070681287,1.52016134114374,4.12456318896103,4.21110211319111,0.0795112274796917,0.280632870899994,7.3894056795698e-07,1,SISTEM_SUDAH_IDEAL
15.6823963264957,12.6968143861431,9.14799425827318,2.17857457173438,0.0861195235231909,2.25374951026578,2.22044604925031e-16,1,SISTEM_SUDAH_IDEAL
14.3328960462706,17.2485181007061,8.0654393674224,3.08461086441139,0.0869466699855154,2.30248146291062,1.11022302462516e-16,1,SISTEM_SUDAH_IDEAL
36.0314103828432,27.0343314761288,0.553910514672971,38.7293813914015,0.0968954495667732,0.771356024264708,2.22044604925031e-16,1,TURUNKAN_KP_ATAU_NAIKKAN_KD
43.1049171095016,0.232663861979573,7.17889795410453,0,0.0815826088706444,0.0999386958665393,0.000359120183085926,1,SISTEM_SUDAH_IDEAL
35.6450496791055,5.26611485859597,8.69655230072547,0.268754422794237,0.0830532351874159,0.225157396694711,3.33510996597397e-13,1,SISTEM_SUDAH_IDEAL
7.92810933594052,27.3589067512205,2.33808358194806,14.8987956226433,0.199197876411459,2.30964616561789,0,1,SISTEM_SUDAH_IDEAL
34.4029649109345,19.1969552214461,1.57594329622638,18.9155213208238,0.0879386990358249,0.381855647112802,0,1,SISTEM_SUDAH_IDEAL
14.5842960919632,5.955660255405,9.31812414193321,1.39627050840867,0.0863055959132547,0.745407944387687,0,1,SISTEM_SUDAH_IDEAL
27.1367246802449,28.5769058136932,2.17463483050788,10.3590363952163,0.0987193386688599,0.702447928422701,0,1,SISTEM_SUDAH_IDEAL
32.3516441256606,23.5867329733816,4.00258109751021,3.21127113498607,0.0838243685848412,0.559303070236652,0,1,SISTEM_SUDAH_IDEAL
41.9397689499069,4.89149402805276,2.03313076259454,14.6987349267726,0.0811791648679588,0.330940393789487,4.34052793707451e-11,1,SISTEM_SUDAH_IDEAL
17.2989803620356,7.4739011298558,3.45701393032118,1.79995483687805,0.134427732570217,0.282858030719486,1.11022302462516e-16,1,SISTEM_SUDAH_IDEAL
49.4190146455907,18.7185226767852,5.96264469699329,1.98480774722536,0.079545053488303,0.0974426905231711,2.22044604925031e-16,1,SISTEM_SUDAH_IDEAL
28.9645980255623,12.091020582559,5.45446219273245,1.06832338263414,0.0845989616112289,0.18191188998143,2.22044604925031e-16,1,SISTEM_SUDAH_IDEAL
38.9712642061231,14.1121047341224,0.88387449412932,30.6637894620251,0.0875281085983193,0.705663382539173,2.22044604925031e-16,1,TURUNKAN_KP_ATAU_NAIKKAN_KD
46.7952164054525,1.30795431171158,6.48696341682491,0.52271461269473,0.0806206723863097,0.0987603236732294,3.52672051573411e-06,1,SISTEM_SUDAH_IDEAL
36.7511413863313,2.79671431696673,7.85547167975576,0.0971455236751906,0.0828269676481997,0.186734779626266,1.02036838978137e-08,1,SISTEM_SUDAH_IDEAL
46.3412073294915,16.9275103083528,4.54247239263726,4.06046533452511,0.0791932035891641,0.302284413270045,2.22044604925031e-16,1,SISTEM_SUDAH_IDEAL
39.7767790558096,8.51336436288667,9.92101845027678,0.367729017134821,0.0825948830199539,0.194643674803894,1.11022302462516e-16,1,SISTEM_SUDAH_IDEAL
49.3989639631621,16.0853867173318,8.94398466519281,0.496932224618396,0.0812013106114388,0.0994716054990125,3.33066907387547e-16,1,SISTEM_SUDAH_IDEAL
11.8775636502628,14.3551888391693,9.0756723873527,3.16969021039175,0.0868380707875883,2.77147723797059,0,1,SISTEM_SUDAH_IDEAL
33.2872262663106,13.0726288120701,8.53988579848298,0.793931522265057,0.0833209326001604,0.228519425574006,2.22044604925031e-16,1,SISTEM_SUDAH_IDEAL
19.9017644746035,14.0581521817193,4.49999153642314,2.30976488928327,0.0922089010562497,1.33853403616917,1.11022302462516e-16,1,SISTEM_SUDAH_IDEAL
16.2992097190409,26.1245825362383,8.83295224342292,3.27932654563698,0.086000693692132,1.98964301063712,1.11022302462516e-16,1,SISTEM_SUDAH_IDEAL
17.25052366371,28.6176254871695,3.09728267551436,6.22286776956524,0.127802161662169,1.26664080020751,1.11022302462516e-16,1,SISTEM_SUDAH_IDEAL
46.6756922230297,4.85693603414297,9.52939391325021,0.130949201107411,0.0817805308385725,0.117732544212665,1.80665482574227e-10,1,SISTEM_SUDAH_IDEAL
44.0259445139042,15.2151164862312,0.182444328293786,49.4129329231366,0.0867955936551535,1.03491255755846,0,1,TURUNKAN_KP_ATAU_NAIKKAN_KD
39.0077389916018,10.7837171101912,8.48549181477326,0.505264934867955,0.0824804082498536,0.167076013173827,1.11022302462516e-16,1,SISTEM_SUDAH_IDEAL
21.7531022283315,18.1734569260741,3.77579987786796,2.80964229257543,0.0963796266902123,1.19743274870954,0,1,SISTEM_SUDAH_IDEAL
36.170500592594,9.48519532955596,9.49351481547407,0.493602424653661,0.0829886184518654,0.228842235319753,0,1,SISTEM_SUDAH_IDEAL
42.5872929818133,23.267937321579,2.99516570122497,9.56889297553569,0.0796778945284986,0.370392334424578,2.22044604925031e-16,1,SISTEM_SUDAH_IDEAL
43.7349515693316,11.2524838066468,7.9841957959226,0.437795769682481,0.0816617880020264,0.102531952650791,0,1,SISTEM_SUDAH_IDEAL
40.9393715658973,29.9703887286697,0.450887746726181,43.7162442167001,0.0876114927275806,0.725349728416464,1.11022302462516e-16,1,TURUNKAN_KP_ATAU_NAIKKAN_KD
11.9401333730473,12.9271761305575,8.47239986152552,3.08496578845492,0.0872433136343234,2.77842752896121,1.11022302462516e-16,1,SISTEM_SUDAH_IDEAL
19.4217619127794,3.6842072396679,9.1526185373976,0.577726723640271,0.0855692381438646,0.617324002597,0,1,SISTEM_SUDAH_IDEAL
9.21638271929112,17.7233059030668,8.1235032472824,4.67858552979465,0.0880716854789903,2.66398491929037,0,1,SISTEM_SUDAH_IDEAL
13.1580573780844,29.5742512427005,4.41256874106545,6.53556474293724,0.133359340960669,1.55345807719892,0,1,SISTEM_SUDAH_IDEAL
11.3630369490143,5.5415561831237,6.98240328571743,2.06057086271112,0.0888728583419192,2.70667095777429,1.11022302462516e-16,1,SISTEM_SUDAH_IDEAL
43.8597729262742,23.0689326097904,2.61434712558202,11.9993677318846,0.0791156750785269,0.355468128346082,1.11022302462516e-16,1,SISTEM_SUDAH_IDEAL
49.385293667957,1.32551977900547,3.44146335294759,6.82146314929672,0.0776793134763428,0.289885508287692,4.40604328144634e-06,1,SISTEM_SUDAH_IDEAL
33.7592450473205,1.70202498507397,0.545707441021237,32.2606730304556,0.105872680615955,0.743294474293731,1.88858283456383e-07,1,TURUNKAN_KP_ATAU_NAIKKAN_KD
28.3432643239409,19.5283927966146,2.37027799041954,8.57293953285889,0.0925862347615358,0.54864930818987,2.22044604925031e-16,1,SISTEM_SUDAH_IDEAL
31.4458186141008,15.9011504503721,5.14283809073736,1.26753152076231,0.0838391157429603,0.155744766954111,2.22044604925031e-16,1,SISTEM_SUDAH_IDEAL
35.181382402915,11.2107198072668,6.14033077192303,0.690863038797351,0.0828187273916737,0.149444021488959,1.11022302462516e-16,1,SISTEM_SUDAH_IDEAL
15.4643460735171,2.78690890623631,6.62921453362801,0.698223308058443,0.0880813193026977,0.684133608680478,1.55431223447522e-15,1,SISTEM_SUDAH_IDEAL
1.52876021468782,11.5363449322362,0.720519119322381,53.4524462534933,0.439572879514701,23.2391073316729,2.01641148223075e-10,1,TURUNKAN_KP_ATAU_NAIKKAN_KD
14.6959221808788,6.3947871084571,7.21997396398347,1.5917577216197,0.0876721187523711,0.63879075948938,0,1,SISTEM_SUDAH_IDEAL
35.3512512765624,21.4535975989325,3.61222644967133,5.18447182756916,0.0828011982396177,0.446952571557408,0,1,SISTEM_SUDAH_IDEAL
27.4234989859482,10.7349603078081,9.40956411697522,0.883405126561798,0.0841734178376195,0.352207163514153,2.22044604925031e-16,1,SISTEM_SUDAH_IDEAL
22.3395767642791,3.32456818616605,8.65121765621827,0.399402986212816,0.085240590225015,0.512590969460613,2.58459920132736e-13,1,SISTEM_SUDAH_IDEAL
1.87774939869399,6.69790959853668,1.37962865534412,27.2319908024406,0.576292066175093,9.55565193530171,1.11022302462516e-16,1,TURUNKAN_KP_ATAU_NAIKKAN_KD
15.2287561515746,7.62575342864643,7.31183834192674,1.72777485486371,0.0874337933659647,0.595304525870083,1.11022302462516e-16,1,SISTEM_SUDAH_IDEAL
31.984294454885,29.2573533068469,3.31082019914313,6.01598891657558,0.0844988869365881,0.655163173928307,0,1,SISTEM_SUDAH_IDEAL
21.1345503053824,14.4127659297491,9.09834239400194,1.64464718914834,0.085182001766272,0.427992412477542,3.33066907387547e-16,1,SISTEM_SUDAH_IDEAL
28.7062339370302,12.7450753781383,4.54417851654793,1.25369125664949,0.0851953616936771,0.166620398004913,2.22044604925031e-16,1,SISTEM_SUDAH_IDEAL
47.6603917489346,17.4883764825053,3.91435297912972,5.93296931098697,0.0783060041051235,0.323369640532749,1.11022302462516e-16,1,SISTEM_SUDAH_IDEAL
28.0038891914135,29.5966232217339,7.83623039201407,2.06230759825605,0.0840644842086731,1.08212018752351,1.11022302462516e-16,1,SISTEM_SUDAH_IDEAL
4.51112221163555,11.3549298678648,7.6950461550327,6.60415098010987,0.16437115744743,5.97800201451551,0,1,SISTEM_SUDAH_IDEAL
10.0703771909991,10.5922749933974,2.17678500085411,6.35233628118164,0.201781938192045,1.99968392871212,0,1,SISTEM_SUDAH_IDEAL
0.265257485931103,5.74875334122748,4.50238535576727,17.1648598524236,0.937271114082806,149.304619200174,0.0101701800883993,1,SISTEM_SUDAH_IDEAL
34.1914459701912,14.0419943972499,1.28375685669463,21.8985892694695,0.0925575855018854,0.50097383496912,1.11022302462516e-16,1,TURUNKAN_KP_ATAU_NAIKKAN_KD
40.2842144155156,2.27918903859311,1.23078097146991,23.4546065321308,0.084792355007157,0.497220415888359,9.490545460622e-08,1,TURUNKAN_KP_ATAU_NAIKKAN_KD
43.6528697943023,20.5631892404704,5.11907546264598,2.69401897061337,0.0802276904445604,0.280265718746431,3.33066907387547e-16,1,SISTEM_SUDAH_IDEAL
30.9249559569093,24.9764100260949,0.105681571288471,45.3601744072373,0.111589656840139,1.25643873695056,0,1,TURUNKAN_KP_ATAU_NAIKKAN_KD
26.2003410571554,11.5157626344782,0.587555667151998,24.6124871573507,0.121868425551742,0.887450233964296,2.22044604925031e-16,1,TURUNKAN_KP_ATAU_NAIKKAN_KD
35.8152260492853,23.3434684984702,7.16649735218837,1.27241864719225,0.082647245689788,0.151212013168394,2.22044604925031e-16,1,SISTEM_SUDAH_IDEAL
6.09251887947292,9.70888724175397,8.66183742926756,4.76019765221176,0.0884060027979658,3.82676071864925,1.11022302462516e-16,1,SISTEM_SUDAH_IDEAL
33.8584326074098,7.17947492436962,0.284746419549312,39.5953960049894,0.10724923005713,0.907216859042802,3.33066907387547e-16,1,TURUNKAN_KP_ATAU_NAIKKAN_KD
13.292822690343,22.4567274804522,4.30818299961055,5.48895516385235,0.139441682615361,1.72210090007305,3.33066907387547e-16,1,SISTEM_SUDAH_IDEAL
47.6091545308239,2.53452073057441,0.164284667183011,47.7165011401113,0.0830572975147961,0.948858943285451,1.08629645279024e-07,1,TURUNKAN_KP_ATAU_NAIKKAN_KD
30.830496098225,6.4054847904653,7.53660319785068,0.460692688225839,0.0838436207295948,0.25650689960163,2.22044604925031e-16,1,SISTEM_SUDAH_IDEAL
35.702664009782,12.195885758133,2.42931074698522,10.6347391964704,0.0842863097230732,0.380573441031204,2.22044604925031e-16,1,SISTEM_SUDAH_IDEAL
26.5655838826662,23.7711831870768,7.7154231865989,1.88505671089878,0.084435009108922,0.257836248910103,1.11022302462516e-16,1,SISTEM_SUDAH_IDEAL
18.7476016270206,13.0800440402951,9.86685085003935,1.73408092860647,0.0853251502051784,0.508353247600375,3.33066907387547e-16,1,SISTEM_SUDAH_IDEAL
44.9096179781436,22.0639593811443,2.20711245187146,15.0794091949525,0.0787172145579508,0.337644840854991,0,1,SISTEM_SUDAH_IDEAL
3.55681681067426,2.65768764376292,2.62430405067953,7.50868598458379,0.668889961481233,4.74404478110158,1.11022302462516e-16,1,SISTEM_SUDAH_IDEAL
7.67288264742066,10.9241906941686,6.81044024183814,4.81963122689197,0.14896114662765,3.163255559206,1.11022302462516e-16,1,SISTEM_SUDAH_IDEAL
5.20642496277817,26.6123444882141,4.67241865843286,11.6886324587275,0.227978983142042,5.61170531485043,3.33066907387547e-16,1,SISTEM_SUDAH_IDEAL
26.8438982134439,2.43354809349109,1.38553837715714,13.1244684868893,0.116381804056133,0.408028124703575,2.33040586827826e-09,1,SISTEM_SUDAH_IDEAL
1.70416250252145,8.20259619393922,7.60616797028773,9.19776785901361,0.360866259251684,19.4000848224325,3.68803594330558e-08,1,SISTEM_SUDAH_IDEAL
47.0365237364218,0.459488685422395,0.64294493741232,34.8447487573636,0.0810287297145141,0.641768576866189,0.000148207057848349,1,TURUNKAN_KP_ATAU_NAIKKAN_KD
33.4645739694221,16.8837706573205,2.36514945879954,10.7676923118351,0.085808425558544,0.411106237477391,1.11022302462516e-16,1,SISTEM_SUDAH_IDEAL
44.7338028112882,13.8482609173147,6.05183777911081,1.17459616209397,0.080613155464451,0.0987511154439525,2.22044604925031e-16,1,SISTEM_SUDAH_IDEAL
15.8250669833575,4.04613404494972,9.28122678875817,0.895468507276997,0.0861283711129068,0.753886725633225,6.66133814775094e-16,1,SISTEM_SUDAH_IDEAL
47.9955556844188,29.6781437383876,2.22673759761081,15.5894643715808,0.0768876320260098,0.322458013352855,2.22044604925031e-16,1,SISTEM_SUDAH_IDEAL
18.4980180642686,21.3950494937308,0.292660300446663,38.3813918272191,0.141290852231324,1.13689426016263,1.11022302462516e-16,1,TURUNKAN_KP_ATAU_NAIKKAN_KD
29.9201887939344,10.4296418747624,4.44995207122685,1.01274642769602,0.084833742730674,0.15986832995304,0,1,SISTEM_SUDAH_IDEAL
7.4051436755077,5.30109218528047,5.82891473319988,3.63238143709901,0.222401569729406,3.92184049798411,1.11022302462516e-16,1,SISTEM_SUDAH_IDEAL
21.0556161198488,9.07844083287285,4.54971173926771,1.43833438796468,0.0886011784597401,0.269260823404814,1.11022302462516e-16,1,SISTEM_SUDAH_IDEAL
20.294477470197,26.7685127028697,4.2059034794595,3.97710816739687,0.0922031478828513,1.33176134411605,1.11022302462516e-16,1,SISTEM_SUDAH_IDEAL
37.1468299504535,8.02405079156064,2.4424743351122,10.5863948881845,0.0834699691378067,0.364033472795163,1.11022302462516e-16,1,SISTEM_SUDAH_IDEAL
8.36801543929106,18.2149826029207,6.15071904149315,6.07434139750829,0.152089290009243,2.39878032455216,2.22044604925031e-16,1,SISTEM_SUDAH_IDEAL
46.4754969375651,28.7466551151199,8.01808259085617,1.00431524275784,0.0810981035405231,0.0993451768371407,0,1,SISTEM_SUDAH_IDEAL
30.7327493747563,26.6521327287419,5.18880284913073,2.10959258089802,0.083847792869019,0.741986236564114,2.22044604925031e-16,1,SISTEM_SUDAH_IDEAL
23.2665457233503,7.38606518726232,7.57982987324507,0.873084480710418,0.0853743032777334,0.396417202714055,0,1,SISTEM_SUDAH_IDEAL
29.8431318418579,0.146182682889693,6.53197986307119,0,0.0842172604605369,0.252424487972407,0.000567604187785342,1,SISTEM_SUDAH_IDEAL
47.8665585401736,14.9621160703878,6.04601085572133,1.59093792668992,0.0799604206971187,0.0979515153539704,0,1,SISTEM_SUDAH_IDEAL
35.7751688591908,1.88930313536624,1.82439895641131,14.5794483018553,0.0863552678563167,0.357750665553437,1.48796730492506e-07,1,SISTEM_SUDAH_IDEAL
44.0008983588012,23.5691715688114,9.38705350530863,0.847020069195703,0.0818914993619386,0.123272649471931,2.22044604925031e-16,1,SISTEM_SUDAH_IDEAL
15.11056349038,25.7161951356411,8.17726168598085,3.65540223392362,0.0865905765287698,2.00659281403735,1.11022302462516e-16,1,SISTEM_SUDAH_IDEAL
41.6205692416246,13.0635169905228,5.40584485536151,1.58401423301855,0.0810130485204409,0.0992409844375401,2.22044604925031e-16,1,SISTEM_SUDAH_IDEAL
45.7798568025181,17.9316837123136,0.0687106331842979,53.6418277688949,0.0852976467800667,1.03394395227763,2.22044604925031e-16,1,TURUNKAN_KP_ATAU_NAIKKAN_KD
13.7169254831068,4.12400318733331,7.08699521577712,1.23235957886869,0.0881020976332937,0.742962363425073,2.22044604925031e-16,1,SISTEM_SUDAH_IDEAL
2.17535183219567,13.1023250768664,6.8035681027707,10.2159318309742,0.332209027740033,14.7315412194298,3.36814576229472e-10,1,SISTEM_SUDAH_IDEAL
27.687070674833,5.33820610267629,0.855453247199688,21.1071116026445,0.117735961735201,0.593563526644418,1.33226762955019e-15,1,TURUNKAN_KP_ATAU_NAIKKAN_KD
9.43859890183123,11.0629317307607,9.3108970551754,3.38843135374287,0.0871853754777901,3.33620715401927,0,1,SISTEM_SUDAH_IDEAL
34.931922905862,4.99028447640136,7.73500720784425,0.267143873071118,0.0831024054606403,0.197140866083392,7.68052288435683e-13,1,SISTEM_SUDAH_IDEAL
20.7601164293931,21.2584022713507,3.32137459967926,3.78148102361149,0.109651065462287,1.23772776222796,0,1,SISTEM_SUDAH_IDEAL
27.6529168749622,29.8940456666838,6.67182111672852,2.29151910552194,0.0843125915410514,1.1150942606827,4.44089209850063e-16,1,SISTEM_SUDAH_IDEAL
44.5475142719165,10.7477360387442,4.34015037311128,4.02654493435115,0.0796983601656654,0.293926375011913,0,1,SISTEM_SUDAH_IDEAL
36.7524611250876,29.8358666931568,4.76645211977044,2.71660889594505,0.0819024990642157,0.500372293153612,0,1,SISTEM_SUDAH_IDEAL
16.677923413775,18.1603350335752,7.73157784497556,2.7624085901879,0.0866197397672546,2.03512748906593,1.11022302462516e-16,1,SISTEM_SUDAH_IDEAL
19.3823520152437,6.11589914005392,3.86674044332298,1.18554915711706,0.114524006470295,0.275292371494657,1.11022302462516e-16,1,SISTEM_SUDAH_IDEAL
3.35158015275331,12.9695756204703,6.89734061017163,8.61231628934622,0.26675574317587,7.82065516455435,4.21884749357559e-15,1,SISTEM_SUDAH_IDEAL
25.4281227254653,21.5075126623484,3.01216644720693,4.73633255797312,0.0922519794553996,0.880751459046269,1.11022302462516e-16,1,SISTEM_SUDAH_IDEAL
35.4004232979818,27.4562100020605,7.05798062713409,1.49545557031212,0.082657513217568,0.148245478037791,0,1,SISTEM_SUDAH_IDEAL
6.75617258027751,19.9639900498518,3.75564946686223,10.2408625389611,0.233179573963983,3.25976573698432,2.22044604925031e-16,1,SISTEM_SUDAH_IDEAL
25.2220935561545,11.9702607155393,9.60435153662486,1.09206721664803,0.084449078022981,0.385367757165617,2.22044604925031e-16,1,SISTEM_SUDAH_IDEAL
5.88368226155193,16.8365738943832,4.67225691937315,9.07322338146739,0.253608680456028,3.93321796910465,1.11022302462516e-16,1,SISTEM_SUDAH_IDEAL
8.04684570492546,15.7559327537887,3.19739835240835,8.63577307163736,0.224741885889266,1.99519512160406,4.44089209850063e-16,1,SISTEM_SUDAH_IDEAL
39.1671203572737,1.88801716786312,6.22343385510496,0.0250043620617868,0.0820528540279571,0.122795227486838,1.84212421316943e-07,1,SISTEM_SUDAH_IDEAL
31.952689654494,2.43315672251985,8.46314395229993,0.109462889865775,0.083648639487813,0.291208484799879,1.12850797595598e-08,1,SISTEM_SUDAH_IDEAL
43.1967996371857,22.7617130707575,9.377342090538,0.843541041245666,0.0819906462123946,0.131636296751985,3.33066907387547e-16,1,SISTEM_SUDAH_IDEAL
32.4809033767395,29.8808045509319,7.36215676324277,1.77275156777399,0.0832236898963443,0.173347898331805,2.22044604925031e-16,1,SISTEM_SUDAH_IDEAL
2.97395225199221,0.280357727226563,8.30913139567107,1.02692169619705,0.257873538092024,4.59361547927885,2.86948242944618e-12,1,SISTEM_SUDAH_IDEAL
16.8503990691587,8.06914795870354,1.0830071521189,12.7251509544671,0.152802169573002,0.650206556265203,4.44089209850063e-16,1,SISTEM_SUDAH_IDEAL
9.18318448482509,11.5141363372853,8.3710370317383,3.75818043148044,0.0879479717050755,3.19402334931988,2.22044604925031e-16,1,SISTEM_SUDAH_IDEAL
38.1850949497626,29.6173497120948,7.11000501161428,1.4425112751544,0.0821084080728507,0.124283348097709,0,1,SISTEM_SUDAH_IDEAL
17.3421253808826,16.1277583274548,7.44182557654133,2.48400333015295,0.086677480568286,1.95525379317359,2.22044604925031e-16,1,SISTEM_SUDAH_IDEAL
46.5696362841704,3.85199983945858,2.20987024773803,13.6430694403645,0.0783522565372997,0.298756766991951,3.84176845891204e-09,1,SISTEM_SUDAH_IDEAL
16.5005962105445,10.1440525819844,8.67304972389185,1.79852717585758,0.0862329909171174,0.567508709035187,0,1,SISTEM_SUDAH_IDEAL
33.8858532571141,0.509503979483846,5.1743925346358,0,0.0833495463375017,0.152907447418355,7.6171094593791e-05,1,SISTEM_SUDAH_IDEAL
25.7147765236329,11.8811727481283,9.2070974102436,1.06952044813069,0.0844494351964759,0.368151448423391,2.22044604925031e-16,1,SISTEM_SUDAH_IDEAL
49.6878412356411,16.6408801117653,5.7080138289976,2.27846000458221,0.0793206970492692,0.229772189618665,0,1,SISTEM_SUDAH_IDEAL
11.706498747294,23.9462159435428,2.37841356885289,9.60596456801299,0.167330631853659,1.37619254098019,1.11022302462516e-16,1,SISTEM_SUDAH_IDEAL
28.7655364911092,18.5829525332461,4.53728165940017,1.8069167281175,0.0850435036839974,0.161405368488794,4.44089209850063e-16,1,SISTEM_SUDAH_IDEAL
37.820638579962,16.9761014070775,7.7786522358599,0.847650589744653,0.0824723238801501,0.153848044069679,2.22044604925031e-16,1,SISTEM_SUDAH_IDEAL
36.809656932297,28.9622128438799,7.63000515668061,1.43291906135272,0.0824758919060478,0.146093704808967,2.22044604925031e-16,1,SISTEM_SUDAH_IDEAL
28.443014839868,17.9908490610953,5.91279069006801,1.53025388445667,0.0844887353802025,0.188095482172983,1.11022302462516e-16,1,SISTEM_SUDAH_IDEAL
48.1824076369804,13.2485101207576,6.92480512898259,0.659407586303784,0.0804762102320249,0.0985833575342305,0,1,SISTEM_SUDAH_IDEAL
11.8928689289823,23.1183903708498,1.60000757045431,13.1233169820101,0.169176985671619,1.19894862511651,1.11022302462516e-16,1,SISTEM_SUDAH_IDEAL
4.03274073290867,9.3196676127975,3.24245128628953,11.5337566393476,0.421177533656524,4.69112135818651,1.11022302462516e-16,1,SISTEM_SUDAH_IDEAL
8.94500420808849,7.38037175099364,9.91838790960318,2.79458021101369,0.086925275615988,3.92829814828994,0,1,SISTEM_SUDAH_IDEAL
30.6652225715256,14.4901207360633,2.44265593402648,8.73784555730161,0.0877122166699866,0.449847828031779,0,1,SISTEM_SUDAH_IDEAL
48.7955696690895,21.4624732810643,6.98390213436035,0.915381266100002,0.0803128941693463,0.0983832953574492,0,1,SISTEM_SUDAH_IDEAL
8.84196313878741,14.111651687346,8.05089545881816,4.38289827044653,0.0882814646381088,2.94269345061773,2.22044604925031e-16,1,SISTEM_SUDAH_IDEAL
5.58546777814625,23.8503429492694,8.68027924142454,6.7976102957032,0.0883111795299005,6.05353308856319,3.33066907387547e-16,1,SISTEM_SUDAH_IDEAL
4.96744796674223,1.97534409197792,0.602826762585706,6.50170815540538,0.395105152522627,3.7880249949042,0,1,SISTEM_SUDAH_IDEAL
22.8515165458555,26.3826492427966,3.47852507579447,4.0389499593166,0.0940523149262178,1.12861425754776,1.11022302462516e-16,1,SISTEM_SUDAH_IDEAL
21.9343170718148,3.93598702173546,6.533989030209,0.528751039783315,0.0862622007232117,0.422446016318492,2.44249065417534e-15,1,SISTEM_SUDAH_IDEAL
26.9745436098983,21.873390258617,1.32126735006215,17.4027963715694,0.111933906837014,0.465889436554505,0,1,SISTEM_SUDAH_IDEAL
44.8100001122256,13.7384092764794,1.00627182258511,29.3209559103512,0.0810849268625553,0.640847559802751,2.22044604925031e-16,1,TURUNKAN_KP_ATAU_NAIKKAN_KD
20.1518765388341,26.0483011655788,9.57446761708148,2.52504757764209,0.0850724390931021,1.78968682870244,1.11022302462516e-16,1,SISTEM_SUDAH_IDEAL
1.1697549930253,28.3487752977356,9.21909258298927,9.78195370914483,0.08870703929549,43.4822518956112,0.000102097744431484,1,SISTEM_SUDAH_IDEAL
30.6480793171066,14.7050751117543,4.44750798158141,1.44492363404476,0.0844484455677003,0.152192418477317,2.22044604925031e-16,1,SISTEM_SUDAH_IDEAL
19.9409338657043,4.55734702565648,8.70169255999238,0.691736192902859,0.0856417507822696,0.566425440943517,3.33066907387547e-16,1,SISTEM_SUDAH_IDEAL
24.3837097451421,25.7969195582009,7.28214624538208,2.30010971932497,0.0849729083514452,1.33385936121675,0,1,SISTEM_SUDAH_IDEAL
27.2283862767676,18.9227288022281,2.69076315415997,5.97773742843608,0.091156012064227,0.635741607611,3.33066907387547e-16,1,SISTEM_SUDAH_IDEAL
29.6906003394283,25.9891529014937,9.25544898560559,1.61400403531193,0.0837098627577611,0.253855079181356,2.22044604925031e-16,1,SISTEM_SUDAH_IDEAL
47.6559786005767,2.00113437777008,9.46137972467446,0.00750464777712345,0.0816787782490084,0.105927156948815,1.45092494241439e-07,1,SISTEM_SUDAH_IDEAL
24.9316652804183,2.04082159809699,1.5364170976211,9.6850361528344,0.121528335274039,0.431939414636138,7.88294030051873e-09,1,SISTEM_SUDAH_IDEAL
14.9036557443652,5.06246814435459,7.35194614493405,1.27982950885566,0.0875249050107488,0.673710708565002,1.11022302462516e-16,1,SISTEM_SUDAH_IDEAL
44.0848532610385,25.5427016448841,6.72029350928386,1.10150059627419,0.0809295646392244,0.0991387166830499,0,1,SISTEM_SUDAH_IDEAL
40.0248107339233,3.014407279002,5.22668514129408,1.13885177070994,0.0815329444795879,0.0998778569874951,1.08839945944794e-08,1,SISTEM_SUDAH_IDEAL
3.0344126452086,24.4093820539372,3.45685331495202,18.2379871597112,0.309028473669163,9.50156264570751,1.11022302462516e-16,1,SISTEM_SUDAH_IDEAL
41.546203931171,21.7489004997493,3.37293776914633,7.47275944760577,0.080176834183037,0.376782243697163,1.11022302462516e-16,1,SISTEM_SUDAH_IDEAL
10.6731991938433,10.1952036879762,4.59291792737912,4.03691105014907,0.172003649289472,2.52464336912747,1.11022302462516e-16,1,SISTEM_SUDAH_IDEAL
26.5373648399186,12.0361747728247,7.51922206181604,1.09874704232478,0.084635595819501,0.297565920925443,1.11022302462516e-16,1,SISTEM_SUDAH_IDEAL
1.44694549340698,11.2394835122246,1.86681263476482,30.0966398969581,0.505304021896182,19.1633644321923,4.73692196578668e-11,1,TURUNKAN_KP_ATAU_NAIKKAN_KD
18.699095967759,9.92543259016904,0.185118842303693,35.8940829075866,0.144498535067442,1.10131983513052,0,1,TURUNKAN_KP_ATAU_NAIKKAN_KD
34.3615351181222,20.1701382943193,8.33036334892142,1.11953049715887,0.0830662526782607,0.190726988544991,0,1,SISTEM_SUDAH_IDEAL
21.9194080218584,19.0722414577282,6.65115120528064,2.19309896419817,0.0859455650573781,1.40526854078592,2.22044604925031e-16,1,SISTEM_SUDAH_IDEAL
17.8886282893639,9.55604673218012,6.89773087674081,1.67634814479047,0.0870259334531716,0.471489894416063,0,1,SISTEM_SUDAH_IDEAL
1.41569872767804,28.1976273761738,6.26542984816351,13.6179295162904,0.270424767110852,33.6480206011146,2.58739242405825e-05,1,SISTEM_SUDAH_IDEAL
6.85507022164704,28.1553842548125,4.67858070436307,10.2219333678385,0.188978666598077,4.11653643231055,1.11022302462516e-16,1,SISTEM_SUDAH_IDEAL
46.7602248518568,29.197405943787,2.84361627399017,11.2127029530321,0.0776648128579026,0.351039265592704,0,1,SISTEM_SUDAH_IDEAL
27.0404376717057,0.377263421499182,1.57151076976654,11.1900066490528,0.114272886629158,0.397568643061179,0.000117706842579168,1,SISTEM_SUDAH_IDEAL
17.6823396824362,23.193802003958,3.20200863959387,4.97646002828562,0.126820377964851,1.36095599558395,1.11022302462516e-16,1,SISTEM_SUDAH_IDEAL
27.7739107622743,11.4036687186281,7.50209669999736,0.975977800763372,0.0843925223487162,0.281604682494564,1.11022302462516e-16,1,SISTEM_SUDAH_IDEAL
49.3536693604034,13.4135022433351,0.746274309721684,33.9546266880656,0.0780174931492982,0.639609872181135,1.11022302462516e-16,1,TURUNKAN_KP_ATAU_NAIKKAN_KD
5.12190369146057,10.0867663070963,2.92208779403678,10.556573783367,0.355740444631444,4.08015644347972,0,1,SISTEM_SUDAH_IDEAL
45.9487510339723,15.1428666849418,5.79223901535662,1.70436832742882,0.0801845049298011,0.0982260185390064,3.33066907387547e-16,1,SISTEM_SUDAH_IDEAL
2.68419781116565,8.00300656775996,7.82876822238966,7.62749748484288,0.255752020448222,10.4793049570541,3.66415786601237e-11,1,SISTEM_SUDAH_IDEAL
27.0013834257381,28.192867525031,5.3760966123797,2.53589843285411,0.0849558091427835,1.07499857792421,0,1,SISTEM_SUDAH_IDEAL
20.7474553722726,28.9226803698198,5.99124253395706,3.34583632486283,0.0865545131659635,1.47118422333591,0,1,SISTEM_SUDAH_IDEAL
47.1632940427508,22.8302154208967,1.10870232257325,28.5157797452944,0.0785098854130683,0.637923323312108,2.22044604925031e-16,1,TURUNKAN_KP_ATAU_NAIKKAN_KD
14.3566285743919,6.37790402237231,4.14766474283189,1.96003863024496,0.14710779944529,0.453611627370784,1.11022302462516e-16,1,SISTEM_SUDAH_IDEAL
25.1835588213186,25.2361089520724,7.79606230011813,2.09781219093925,0.0846737812231199,1.24662739374315,0,1,SISTEM_SUDAH_IDEAL
29.2827132166576,15.5694747195893,2.99080325275482,5.17675775189601,0.0870682728594637,0.49154106449166,0,1,SISTEM_SUDAH_IDEAL
34.607578616708,18.8372717596727,7.76411683100987,1.07055499787303,0.0829962966852405,0.178808640340064,0,1,SISTEM_SUDAH_IDEAL
43.4996910998628,0.793391460626593,6.15516430681084,0.408896412161019,0.0811055792859118,0.0993543346252419,3.16234803865445e-05,1,SISTEM_SUDAH_IDEAL
10.0145937151435,25.9429164837434,9.28199536915847,4.74845814807026,0.0869224768180704,2.34864231999082,2.22044604925031e-16,1,SISTEM_SUDAH_IDEAL
42.4627583001573,1.16418765726486,5.27219861259948,1.39787452111364,0.0809356024202137,0.0991461129647617,4.4369986879067e-06,1,SISTEM_SUDAH_IDEAL
18.29114143616,2.10383389562525,2.48257559988378,1.01481670267611,0.142285898164605,0.205738864641964,1.03966613096418e-10,1,SISTEM_SUDAH_IDEAL
3.05322046500269,6.94028205539172,9.3543981266209,6.09158496944378,0.0884486218051104,8.52143546893167,5.65281155218145e-12,1,SISTEM_SUDAH_IDEAL
40.4358116957127,1.14205150247547,9.68145559172742,0,0.0825545360963541,0.197035411841357,3.74170960637521e-06,1,SISTEM_SUDAH_IDEAL
46.6023432745605,1.37767874858929,3.29520134442665,7.15374021581321,0.0786035461411561,0.295569545883373,2.37574376948935e-06,1,SISTEM_SUDAH_IDEAL
35.9260427142145,0.943738247117727,2.42842985509325,9.59105636929951,0.0845239937838684,0.352387033022902,6.93056284317706e-06,1,SISTEM_SUDAH_IDEAL
15.4267841535548,25.0199675784267,5.21828661555905,4.53161205948389,0.10109218608765,1.69236622796225,2.22044604925031e-16,1,SISTEM_SUDAH_IDEAL
5.87426706578442,4.17907309974253,4.04541139687733,4.76344418171497,0.393581090733621,4.07570719346842,1.11022302462516e-16,1,SISTEM_SUDAH_IDEAL
8.06568446301266,28.3335952866616,1.29839531533709,23.7256545409979,0.19991134692957,1.84574949704297,0,1,TURUNKAN_KP_ATAU_NAIKKAN_KD
11.4889233315469,0.80238493657574,8.90789147999104,0.223809054056567,0.0871866790944941,1.26071663584268,5.26896535291144e-08,1,SISTEM_SUDAH_IDEAL
36.1450072329179,6.12143451790593,3.40586076516964,5.05098486146685,0.0829602978724527,0.339671505414237,2.17603712826531e-14,1,SISTEM_SUDAH_IDEAL
29.9144939792336,18.3745632118539,0.657474769568257,29.7806344571396,0.111044079921685,0.846789032848144,2.22044604925031e-16,1,TURUNKAN_KP_ATAU_NAIKKAN_KD
8.92866791441521,5.20348573663814,8.56474701789446,2.45121294085033,0.0879251503559845,3.96973839418609,2.22044604925031e-16,1,SISTEM_SUDAH_IDEAL
29.0769232061891,6.05492493785432,6.75428067009403,0.494529727991044,0.0843174555741447,0.253947237582099,0,1,SISTEM_SUDAH_IDEAL
5.0734324732065,0.123365364525221,5.61701693321334,0,0.485640367657591,2.78113428384724,7.08437341656598e-05,1,SISTEM_SUDAH_IDEAL
17.9235297962958,12.959347519697,2.74073010702791,3.31916008712041,0.136023036451452,1.34012940868936,2.22044604925031e-16,1,SISTEM_SUDAH_IDEAL
25.3903335433124,7.88879211937648,0.0582414304133683,38.5941166800677,0.126079155696815,1.31350281292609,3.33066907387547e-16,1,TURUNKAN_KP_ATAU_NAIKKAN_KD
46.3504834915386,14.8347860285381,2.210625323429,14.5279948238552,0.078150944200006,0.316568699697393,0,1,SISTEM_SUDAH_IDEAL
44.352634277163,3.61003813531034,5.31992692176155,1.71497574926489,0.0804441673018712,0.0985441049447922,4.54166437791059e-09,1,SISTEM_SUDAH_IDEAL
8.61631074883218,28.9676436286236,9.45125869028441,5.39830588366914,0.0870372018237191,3.85446938280389,0,1,SISTEM_SUDAH_IDEAL
24.6831654480395,5.01776492014628,7.10888220809289,0.542784784628392,0.0852630162706072,0.369965036419728,2.22044604925031e-16,1,SISTEM_SUDAH_IDEAL
37.9385324320185,14.3961399167325,8.36508220988943,0.706566804239195,0.0825811146656776,0.169101130163894,0,1,SISTEM_SUDAH_IDEAL
41.9539977237128,17.1097608643473,7.83084386870491,0.72266012592781,0.0818198163214061,0.113933909662743,1.11022302462516e-16,1,SISTEM_SUDAH_IDEAL
23.8873759157128,23.3299219790931,8.95995290630358,1.99265827732336,0.084667405168661,0.32684995834053,0,1,SISTEM_SUDAH_IDEAL
47.9210353630453,3.93905154497121,6.26414507805459,0.967668948481104,0.0802422108614947,0.098296708305331,3.7580301093243e-09,1,SISTEM_SUDAH_IDEAL
37.5793866247124,5.72636644123278,4.43756648790902,2.28334105574739,0.0820906265655897,0.230587407368812,2.38475905689484e-13,1,SISTEM_SUDAH_IDEAL
14.6998863571872,13.080641815124,6.79946475427728,2.7355973403679,0.0879544470936909,2.24482486394473,2.22044604925031e-16,1,SISTEM_SUDAH_IDEAL
12.7497631719533,26.164253409706,5.36203300972268,5.53661087259303,0.118697736242677,1.78196404226935,0,1,SISTEM_SUDAH_IDEAL
45.7193747679213,13.9774393841913,3.731350097078,6.15240117598077,0.0788919774119373,0.325235275168057,1.11022302462516e-16,1,SISTEM_SUDAH_IDEAL
34.774445930167,22.7074941798305,9.08452446818315,1.17367838681492,0.0830263340915022,0.198353351092945,0,1,SISTEM_SUDAH_IDEAL
3.21504204773769,23.5037088061846,1.67869975757398,30.9147551311456,0.300571280638718,8.48201550160152,2.22044604925031e-16,1,TURUNKAN_KP_ATAU_NAIKKAN_KD
41.7424610551677,3.88379898258245,4.92047854427907,1.99933519127047,0.0809333119908392,0.099143307188778,1.02801900325744e-09,1,SISTEM_SUDAH_IDEAL
42.0684964552394,17.3570806249017,2.75630328655568,10.4226224002069,0.0801223064511308,0.358728477440873,0,1,SISTEM_SUDAH_IDEAL
18.2171412649271,16.0302477024262,9.38206926388583,2.10160780760269,0.0855496280619307,1.90395051312583,0,1,SISTEM_SUDAH_IDEAL
14.2656192393675,19.1942298059792,0.377423316751517,31.4992025829036,0.159387483414872,1.31327256885657,2.22044604925031e-16,1,TURUNKAN_KP_ATAU_NAIKKAN_KD
37.9598916050673,5.62208360485527,5.0962909684916,1.0811011031604,0.0820366550344777,0.113542486452926,4.21884749357559e-13,1,SISTEM_SUDAH_IDEAL
29.7018091799079,7.17193254469564,4.8581593323602,0.625309261733098,0.0847290044609523,0.170664872844753,2.22044604925031e-16,1,SISTEM_SUDAH_IDEAL
46.1309938296756,10.875994627588,0.6353952645009,36.4789256607293,0.0814841958667851,0.658070765106511,4.44089209850063e-16,1,TURUNKAN_KP_ATAU_NAIKKAN_KD
30.42569324575,5.22308049890917,6.31263259596786,0.387780229395163,0.0840791294898648,0.199867433958267,1.08801856413265e-14,1,SISTEM_SUDAH_IDEAL
17.9408942002554,20.732155578434,0.550318701373792,29.8628826678337,0.143610304308997,1.16414330910133,0,1,TURUNKAN_KP_ATAU_NAIKKAN_KD
16.4438959819741,18.3844867846415,9.82823469309885,2.50864419158603,0.0856379092289745,2.21244181127784,2.22044604925031e-16,1,SISTEM_SUDAH_IDEAL
22.8330688728139,7.59983611263571,0.372223506451244,29.8561945012277,0.132474838318042,0.958167796998611,3.33066907387547e-16,1,TURUNKAN_KP_ATAU_NAIKKAN_KD
28.338499639215,1.37128124081872,9.37787018133484,0.0336088671906598,0.0841377052580413,0.404620005754147,2.50937644441507e-07,1,SISTEM_SUDAH_IDEAL
22.7960047813228,26.0897818423632,9.27039690891646,2.23674508085541,0.0847415716910791,1.54914950826611,0,1,SISTEM_SUDAH_IDEAL
34.1760938241625,10.717299558231,8.01644600581428,0.640995006557943,0.0831834933499487,0.201434643695456,0,1,SISTEM_SUDAH_IDEAL
28.912910815158,20.4079138596337,5.82427200034119,1.6845750001059,0.0843386275437536,0.180239257651589,1.11022302462516e-16,1,SISTEM_SUDAH_IDEAL
45.5530903754599,26.9509967753603,4.56334960565971,4.39588620203031,0.0792491629791121,0.35660675911844,2.22044604925031e-16,1,SISTEM_SUDAH_IDEAL
9.20841374745915,9.83536651310978,0.237893660331053,28.5973060650216,0.213282741631721,1.72403806355907,3.33066907387547e-16,1,TURUNKAN_KP_ATAU_NAIKKAN_KD
0.458526574792234,24.1059547824085,2.42548872580686,999,999,999,1,0,TURUNKAN_KP_DAN_KI
39.7284292823755,23.9699925235433,2.05029489556223,16.0116127457115,0.0819516753604175,0.368057208316403,2.22044604925031e-16,1,SISTEM_SUDAH_IDEAL
24.6854053167029,25.5014042669016,6.25678071475631,2.41484457579346,0.0852836650558689,1.25700045839335,0,1,SISTEM_SUDAH_IDEAL
10.8391082957715,29.1832051322694,5.36885216694958,6.77123694277215,0.133259505329484,1.75789586946965,2.22044604925031e-16,1,SISTEM_SUDAH_IDEAL
41.8320307080541,24.4666107804468,5.54828209010308,1.88431532678788,0.0808424601737194,0.0990320137128063,0,1,SISTEM_SUDAH_IDEAL
21.5264048962676,8.76916695540073,8.02653274387073,1.13224290941334,0.0855500244375731,0.440154748920444,0,1,SISTEM_SUDAH_IDEAL
49.538226752999,15.2515866925783,1.90799341764655,17.2489743199282,0.0764777647271396,0.407912469464405,2.22044604925031e-16,1,SISTEM_SUDAH_IDEAL
27.1580427948466,7.46084744929396,3.91545747451545,1.01639715464519,0.0867298268200499,0.17048126935588,1.11022302462516e-16,1,SISTEM_SUDAH_IDEAL
10.429831030876,23.5732016719995,4.7317256510391,6.77725963934841,0.155880509679445,1.85163520268371,0,1,SISTEM_SUDAH_IDEAL
23.749296259372,21.5457618733791,1.28004918082133,16.6708838880833,0.121954331080671,0.51957959143496,2.22044604925031e-16,1,SISTEM_SUDAH_IDEAL
47.6401291131998,22.0451979065615,6.18638060108836,1.64194197032543,0.0800033224893934,0.0980040700495069,0,1,SISTEM_SUDAH_IDEAL
28.1814990013899,6.83287892927154,8.8506836591422,0.561661680302739,0.0841730684205582,0.348705350142467,2.22044604925031e-16,1,SISTEM_SUDAH_IDEAL
25.8015954049503,12.5592320218006,7.75304498411853,1.17644496983604,0.0847245986482635,0.317041807023893,2.22044604925031e-16,1,SISTEM_SUDAH_IDEAL
34.9606886786255,29.7082612198273,5.92910507638677,1.81376542264737,0.0825584292545645,0.13117925657697,0,1,SISTEM_SUDAH_IDEAL
7.9167095223678,3.9237087480568,1.70356979171251,4.20711614410882,0.276798560836688,2.83372761767712,2.22044604925031e-16,1,SISTEM_SUDAH_IDEAL
3.40098139506123,11.2583550397657,7.26358873972178,7.92582522570504,0.246780719582899,8.45525691905778,2.37587727269783e-14,1,SISTEM_SUDAH_IDEAL
19.5551817850101,1.08048031695593,0.0565422740816024,35.9202187327348,0.144329564658818,1.01718237465336,2.2213560701978e-07,1,TURUNKAN_KP_ATAU_NAIKKAN_KD
32.9080640750885,22.5797525801258,0.676140295318269,33.0432601759429,0.103212000006159,0.806455960888151,2.22044604925031e-16,1,TURUNKAN_KP_ATAU_NAIKKAN_KD
17.0635587329117,14.9217572152457,3.11823877318729,3.6113077670703,0.135660442984583,1.50026080043882,3.33066907387547e-16,1,SISTEM_SUDAH_IDEAL
33.7009314726063,24.2517448943318,6.76905068160315,1.47142593228315,0.0830165776561134,0.159391374647959,2.22044604925031e-16,1,SISTEM_SUDAH_IDEAL
46.6361604017668,19.1675291193595,5.72912112423737,2.02328060134382,0.079937293534088,0.203749104247793,3.33066907387547e-16,1,SISTEM_SUDAH_IDEAL
49.6338692655889,1.63655020832521,0.850607905607035,30.421161422977,0.0779840473446743,0.616631098486395,8.38353512166989e-07,1,TURUNKAN_KP_ATAU_NAIKKAN_KD
48.1625318233321,12.162947813224,6.85279901674016,0.687748622128481,0.0804512553472566,0.0985527878003893,2.22044604925031e-16,1,SISTEM_SUDAH_IDEAL
20.4020363485383,29.8497481174258,8.37892177512324,2.90442936393647,0.0853730775794927,1.6662188865397,4.44089209850063e-16,1,SISTEM_SUDAH_IDEAL
12.3996144836935,12.494300804031,3.69977011301307,4.29374081387772,0.163540821158565,2.05691550286312,1.11022302462516e-16,1,SISTEM_SUDAH_IDEAL
39.6900563451406,0.963260137285683,7.96476226098879,0,0.0823856284751148,0.162293039040095,9.74986352642038e-06,1,SISTEM_SUDAH_IDEAL
1.80280100237406,0.553959267656374,4.47450823524414,4.80606040197389,1.5371911907295,12.4187469428681,2.70228284193763e-12,1,SISTEM_SUDAH_IDEAL
41.9757970280277,23.8799489183848,9.36868969471949,0.919270834353836,0.0821242281414243,0.14155482914513,3.33066907387547e-16,1,SISTEM_SUDAH_IDEAL
10.16561289372,25.8804176039656,2.55804533168903,11.0227922225164,0.175688623347145,1.39506119649164,2.22044604925031e-16,1,SISTEM_SUDAH_IDEAL
3.08407076129334,29.06039855829,0.655055295440604,63.9635530541441,0.266677940920442,34.7157043249691,1.53263757907141e-07,1,TURUNKAN_KP_ATAU_NAIKKAN_KD
11.5770519938115,0.992351993038151,1.27822034227125,2.35323136061596,0.200057627792803,0.552376502308537,9.67862656686691e-09,1,SISTEM_SUDAH_IDEAL
34.1017393203376,0.848889536314038,8.51903728563756,0,0.0833242109992192,0.264580811900187,9.82941178451213e-06,1,SISTEM_SUDAH_IDEAL
14.2110931833875,12.6596985141501,6.53312836228923,2.83695422478134,0.0883949574819442,2.28626406650851,0,1,SISTEM_SUDAH_IDEAL
46.1797565783787,8.77051273525259,9.66800955890742,0.287317748602134,0.081834683695394,0.12296858356222,4.44089209850063e-16,1,SISTEM_SUDAH_IDEAL
39.0707256772287,2.58944092247749,1.78891732209681,16.1700777818894,0.083796042421288,0.342317321499064,3.46410100604544e-08,1,SISTEM_SUDAH_IDEAL
9.61518614085566,2.97538722118564,9.09900373676491,1.47342963903119,0.0873954663386569,1.18844559873599,1.11022302462516e-16,1,SISTEM_SUDAH_IDEAL
2.5212362516812,27.3007104533966,1.22042492002593,46.0223809792989,0.293483046215803,24.2168162847177,1.04450759152996e-09,1,TURUNKAN_KP_ATAU_NAIKKAN_KD
17.7831655845433,6.95314342132637,5.60724502943158,1.38471471685329,0.0884168801219086,0.444043015845567,2.22044604925031e-16,1,SISTEM_SUDAH_IDEAL
28.7654494557717,9.08306431039982,7.73448542515788,0.739882203045084,0.0841896839119936,0.285099396098657,1.11022302462516e-16,1,SISTEM_SUDAH_IDEAL
0.793232427211399,8.01484189817841,9.32077546550194,9.0932619551698,0.0888823737581853,46.719450778581,0.000598085196490183,1,SISTEM_SUDAH_IDEAL
42.0152853669142,0.686494017226305,9.65606835175219,0,0.0823664377916095,0.180454941745849,4.75948323186426e-05,1,SISTEM_SUDAH_IDEAL
19.9956307577312,15.4568663421168,7.31655159693645,2.027398875543,0.0861229223327055,1.47174597673645,0,1,SISTEM_SUDAH_IDEAL
27.7615308767114,29.4972726415262,5.34353503575923,2.54326905183868,0.0846973694393106,1.03981326946001,0,1,SISTEM_SUDAH_IDEAL
32.1655536017133,10.0987637371346,9.82333853805934,0.63753219587257,0.0834985568654813,0.289683925253969,1.11022302462516e-16,1,SISTEM_SUDAH_IDEAL
44.4015625959654,3.20128880157349,6.2031881913977,0.569118040128913,0.0809108168379678,0.0991157506265106,1.45914558213889e-08,1,SISTEM_SUDAH_IDEAL
43.656233531187,17.6648455059829,7.65590096170102,0.707932178590398,0.0814913747824228,0.0998269341084679,1.11022302462516e-16,1,SISTEM_SUDAH_IDEAL
37.4893882145077,3.78753979911888,6.36739922727361,0.160153119725526,0.0824306980195489,0.141323753059854,3.58872931371934e-10,1,SISTEM_SUDAH_IDEAL
45.2783705864686,10.0126782915189,4.90888003113312,2.83312477190107,0.079854936649374,0.260356539747654,2.22044604925031e-16,1,SISTEM_SUDAH_IDEAL
11.3691966688246,22.9203399475707,4.04791851629027,6.7635091382896,0.158172448871683,1.73300757196488,2.22044604925031e-16,1,SISTEM_SUDAH_IDEAL
48.105401631187,18.3718357458285,3.53583471617713,7.33344329834027,0.0778390419426555,0.327400858105296,2.22044604925031e-16,1,SISTEM_SUDAH_IDEAL
10.5231448204197,2.3014609471854,5.85291075471344,1.1670487189253,0.156719683073302,0.948892628087089,0,1,SISTEM_SUDAH_IDEAL
13.2879760200558,17.5115184665856,0.369064774350222,31.6513550249013,0.165442024331413,1.36606855783943,1.11022302462516e-16,1,TURUNKAN_KP_ATAU_NAIKKAN_KD
44.9257119177666,5.25812928666453,7.20939846042772,0.168882591827546,0.0812542715787939,0.0995364826840225,3.15105719295161e-11,1,SISTEM_SUDAH_IDEAL
6.02994213123786,14.3037218932956,7.42696671898213,6.13908922436666,0.139492783189051,5.00518763758315,2.22044604925031e-16,1,SISTEM_SUDAH_IDEAL
26.7775448647177,19.0531267904529,9.57403059315655,1.44483078675823,0.0841618622133381,0.320953857110155,0,1,SISTEM_SUDAH_IDEAL
12.251783756907,18.8651578805212,7.46147914251123,3.96417794764079,0.0879027030338673,2.3291949307528,0,1,SISTEM_SUDAH_IDEAL
42.7264142789557,20.1257158824763,9.68776404517905,0.760096173280589,0.0821282416756399,0.145568146882828,3.33066907387547e-16,1,SISTEM_SUDAH_IDEAL
0.243282617716156,2.39892621359707,5.67704959227614,14.2241476010342,1.3622546937734,116.532225886934,0.000720327720122205,1,SISTEM_SUDAH_IDEAL
16.9702656092594,18.2100020008033,1.24433850190054,14.4960699496193,0.147134521082179,1.16011720076151,3.33066907387547e-16,1,SISTEM_SUDAH_IDEAL
29.1807176484002,26.0401078202574,1.30699533222642,20.1982607885087,0.104906091038532,0.438361054438602,3.33066907387547e-16,1,TURUNKAN_KP_ATAU_NAIKKAN_KD
18.2852170577199,2.67169584855924,1.82736898729036,4.50270711418304,0.146264221596454,0.491981989373817,1.2241319069517e-12,1,SISTEM_SUDAH_IDEAL
30.7350959071793,27.7980484410929,7.38207540827723,1.79335130873968,0.0835925276169921,0.189126273223203,0,1,SISTEM_SUDAH_IDEAL
0.362335326470353,13.6039943079988,5.52925339929297,11.3599699045303,0.697226303089692,149.776759447504,0.0424491601615795,1,SISTEM_SUDAH_IDEAL
18.1324166274678,0.752145830643168,6.72116457280775,0.0172325983763599,0.0872469922419762,0.640188182424904,3.78008484291925e-07,1,SISTEM_SUDAH_IDEAL
33.9681478919214,11.354250054705,4.34442338924472,1.95904302156855,0.083290812549555,0.13301150258315,1.11022302462516e-16,1,SISTEM_SUDAH_IDEAL
26.7474478858511,1.55783663728631,2.31413508531899,5.69503311139743,0.104836396509367,0.389814064296945,1.19888638794308e-07,1,SISTEM_SUDAH_IDEAL
21.4036103928506,4.28348759829119,9.88124589852255,0.5574336437842,0.0850142474333865,0.565547678117201,2.22044604925031e-16,1,SISTEM_SUDAH_IDEAL
42.5045350432487,27.8421150306476,8.72468016740066,1.06476357544045,0.0818783176377332,0.119008607730633,3.33066907387547e-16,1,SISTEM_SUDAH_IDEAL
19.830220220372,11.3104438715719,0.257393599359305,34.8604661707459,0.140362557612491,1.07176432230232,1.11022302462516e-16,1,TURUNKAN_KP_ATAU_NAIKKAN_KD
38.8372207392201,10.5658405783401,1.98064106187228,15.0836901623518,0.0831787187268554,0.356122654130712,0,1,SISTEM_SUDAH_IDEAL
34.5688045241231,6.36129652079391,1.1148980995513,23.40119513824,0.0954755186167705,0.532363832190351,3.33066907387547e-15,1,TURUNKAN_KP_ATAU_NAIKKAN_KD
47.2234782375283,25.6549239192946,8.62778642512992,0.850418461408564,0.0812640408258921,0.0995484500117178,2.22044604925031e-16,1,SISTEM_SUDAH_IDEAL
6.39372331873712,6.88473413055754,8.44390787077373,4.00934415228158,0.0885860123924604,4.31480039909955,0,1,SISTEM_SUDAH_IDEAL
40.4412667597332,8.29421293876429,3.11237755920822,7.51748504818825,0.0810318243223943,0.343989325452575,2.22044604925031e-16,1,SISTEM_SUDAH_IDEAL
19.1301889497246,12.5542989400759,0.659325962209559,24.0720583120332,0.14232402118871,1.09886599283323,2.22044604925031e-16,1,TURUNKAN_KP_ATAU_NAIKKAN_KD
47.4574689866987,23.7077063125786,6.52142698611373,1.29998077101585,0.0802319170319464,0.0982840983641343,2.22044604925031e-16,1,SISTEM_SUDAH_IDEAL
48.8640189154509,3.92234094829973,5.15836026426119,2.54833291850718,0.0792455520147136,0.236693067312762,4.81873629887275e-09,1,SISTEM_SUDAH_IDEAL
26.6911115477544,3.95607490790689,6.44132680133535,0.360341029055999,0.0850255098535533,0.29609993646462,4.07451850037432e-13,1,SISTEM_SUDAH_IDEAL
20.4653697792706,20.7516427305228,6.95268568653786,2.48847079475398,0.0861287127865006,1.61179147794266,0,1,SISTEM_SUDAH_IDEAL
15.1880029234135,24.9623778014653,7.70458137945529,3.69356623439223,0.0868871284093171,1.97752151390648,2.22044604925031e-16,1,SISTEM_SUDAH_IDEAL
49.4434154119609,18.3652467277742,3.65637961305712,6.97643971826734,0.0774944189715794,0.318087752427109,3.33066907387547e-16,1,SISTEM_SUDAH_IDEAL
7.63697483938565,29.27101070027,7.06263637480424,7.19333683175087,0.111855028280489,3.52376272400268,1.11022302462516e-16,1,SISTEM_SUDAH_IDEAL
38.4292826594691,5.32086131322654,2.40518333498242,10.9537066240541,0.0828175793305088,0.351910429797801,2.08144612656724e-12,1,SISTEM_SUDAH_IDEAL
45.3244163292392,22.0139514317983,8.74674307332286,0.780126007123028,0.0815763978646205,0.0999310873841601,0,1,SISTEM_SUDAH_IDEAL
13.4867378090614,25.5547417611742,8.2833835522631,4.00128701168303,0.0868744895586231,2.10236821681626,1.11022302462516e-16,1,SISTEM_SUDAH_IDEAL
44.0774770949279,1.61253465915029,2.51030412718603,11.0239423387667,0.0796300665678917,0.312531379231614,1.89008675710589e-07,1,SISTEM_SUDAH_IDEAL
42.7884918681964,28.5882700952663,1.31588197055904,25.8737427467546,0.0812012773978176,0.623765513872255,1.11022302462516e-16,1,TURUNKAN_KP_ATAU_NAIKKAN_KD
15.1439421343182,1.55727824388368,5.46441612934141,0.365063420716094,0.111942981447648,0.668050834084159,5.10715914003868e-10,1,SISTEM_SUDAH_IDEAL
21.9347579884145,5.90313016114375,2.04636450685895,5.74796587505049,0.12700839242854,0.492821627105617,1.11022302462516e-16,1,SISTEM_SUDAH_IDEAL
4.60749591895432,0.13562805275665,1.87125972205646,0,0.676344838310153,1.67417677786641,2.38829760320636e-05,1,SISTEM_SUDAH_IDEAL
32.6675038749746,17.8717232362501,9.42288013820397,1.04280955466178,0.0833689202958347,0.246872791106217,3.33066907387547e-16,1,SISTEM_SUDAH_IDEAL
32.1101431289916,13.4752512062437,3.76823100185069,3.11774542474224,0.0843668962314867,0.372663200348978,2.22044604925031e-16,1,SISTEM_SUDAH_IDEAL
0.539503942541936,6.50057902763518,4.43192321750266,17.6054640523584,0.787716464053495,60.9396098048704,0.000924534048842962,1,SISTEM_SUDAH_IDEAL
17.0684120488901,4.20421911124569,0.884111464949593,14.3077223347996,0.154013125314076,0.561300604935489,3.33066907387547e-16,1,SISTEM_SUDAH_IDEAL
0.286555848323228,23.9299606048712,2.93663016898885,999,999,999,1,0,TURUNKAN_KP_DAN_KI
35.667617830271,13.3049172335021,2.96089033698722,7.50028724491065,0.0834189117789415,0.385506397275966,1.11022302462516e-16,1,SISTEM_SUDAH_IDEAL
13.203111391945,8.257257305523,0.737013140896307,15.7170569920668,0.172433906845379,1.49741613398291,0,1,SISTEM_SUDAH_IDEAL
39.7096124711994,9.01274373077863,0.503365765810105,38.3616915776742,0.0910528882748366,0.716713914967507,3.33066907387547e-16,1,TURUNKAN_KP_ATAU_NAIKKAN_KD
16.9045775176015,25.8709225302517,1.51861223131031,13.5239034054945,0.143074987690811,1.01772437972674,3.33066907387547e-16,1,SISTEM_SUDAH_IDEAL
15.5772885467719,15.9261344740195,5.39322839842854,3.24677932671569,0.099865435937177,1.93246885997554,3.33066907387547e-16,1,SISTEM_SUDAH_IDEAL
39.8248918937552,1.82303054521589,8.42682724072832,0.018170328745537,0.0824441895827185,0.171706212865254,1.9798363526391e-07,1,SISTEM_SUDAH_IDEAL
46.6519665123585,22.7777760974424,1.18355596851141,27.3096802186364,0.0787414972019144,0.631298033665319,1.11022302462516e-16,1,TURUNKAN_KP_ATAU_NAIKKAN_KD
6.39821142166581,9.00004803587237,3.76687963417636,7.08877812468607,0.308436931026325,2.84175899314256,0,1,SISTEM_SUDAH_IDEAL
32.910877325189,25.4005120820556,7.78508563377216,1.48593864678965,0.0832182238296104,0.183855890753146,2.22044604925031e-16,1,SISTEM_SUDAH_IDEAL
35.0415037443154,14.3618669937919,3.92181687636536,3.56711332377777,0.0829575801771841,0.360287658928946,1.11022302462516e-16,1,SISTEM_SUDAH_IDEAL
27.5593802245912,17.8508417010305,0.596209114253973,27.9529386802756,0.117131034013648,0.886162007043409,4.44089209850063e-16,1,TURUNKAN_KP_ATAU_NAIKKAN_KD
46.0605180154169,14.4774257738033,0.735834521861951,34.7388735764371,0.0809430204486728,0.65792378911554,0,1,TURUNKAN_KP_ATAU_NAIKKAN_KD
17.2402613494604,16.2214744473884,6.05088046002887,2.75411190242456,0.0878836447682197,1.84540629606305,1.11022302462516e-16,1,SISTEM_SUDAH_IDEAL
38.9392263127873,19.8444631510561,6.55713497763003,1.01457433989001,0.0819392513910706,0.115322761619075,3.33066907387547e-16,1,SISTEM_SUDAH_IDEAL
28.9910025547855,8.62337489128146,7.77319801566022,0.693075901973317,0.084147222349202,0.285091448407163,2.22044604925031e-16,1,SISTEM_SUDAH_IDEAL
26.1822058785966,14.1181295506034,1.23602721867068,16.1945813126867,0.116875247295025,0.455339486801412,1.11022302462516e-16,1,SISTEM_SUDAH_IDEAL
42.1926352182988,4.66054899734915,7.66639579429069,0.160919436383322,0.0818722883071953,0.119978804242986,8.29389890100174e-11,1,SISTEM_SUDAH_IDEAL
2.50087786049302,22.9077049393644,3.50508156315623,19.0519704078584,0.334296805508036,12.5988862608408,5.32907051820075e-15,1,SISTEM_SUDAH_IDEAL
23.0940553229364,1.4560672279168,2.93303827881567,1.4158462618904,0.111857959652601,0.182236854011156,8.20646208765652e-08,1,SISTEM_SUDAH_IDEAL
37.3673193795027,27.7808584876691,7.52651195263199,1.36172930202978,0.0823734911340123,0.140713835394936,0,1,SISTEM_SUDAH_IDEAL
7.36066340470399,10.4095026464061,8.93750444340903,4.16728647931015,0.0878815729347251,3.61810607694696,2.22044604925031e-16,1,SISTEM_SUDAH_IDEAL
7.18848915351082,25.5356499474037,4.77534513094796,9.32507183934757,0.187405874680037,3.21301573086731,0,1,SISTEM_SUDAH_IDEAL
46.4000105625401,16.2422832078809,5.28100664614302,2.57080749633314,0.0797242385446333,0.255091329595699,2.22044604925031e-16,1,SISTEM_SUDAH_IDEAL
42.2037789174137,5.38937211339454,2.76169145514343,9.47505005012097,0.0803821774901574,0.331323631817188,8.78874750753766e-12,1,SISTEM_SUDAH_IDEAL
7.91542652881282,23.5232620753773,6.13586244650307,7.09975020867046,0.150811354400168,3.57098757542414,2.22044604925031e-16,1,SISTEM_SUDAH_IDEAL
31.6526566471722,21.9390883692747,1.18357834097237,23.0569439136061,0.100273735280874,0.5052639057489,3.33066907387547e-16,1,TURUNKAN_KP_ATAU_NAIKKAN_KD
48.7988188636233,3.73401847980489,9.01712976940705,0.0751416069907807,0.0814055333881342,0.0997217784004644,7.42534322917265e-09,1,SISTEM_SUDAH_IDEAL
4.06034637246507,26.2232821229631,6.04860188754782,10.645470923148,0.215301327471242,8.07797392843606,2.22044604925031e-16,1,SISTEM_SUDAH_IDEAL
42.4775131280849,21.4553420663463,9.59884475323722,0.81529311196451,0.0821293284752457,0.14446461551369,2.22044604925031e-16,1,SISTEM_SUDAH_IDEAL
9.78113697537407,2.25432016166636,0.841323276998058,6.1366573453062,0.23013331758998,0.909286465798408,1.11022302462516e-16,1,SISTEM_SUDAH_IDEAL
48.1529736031729,28.9572401306392,9.32281942265587,0.892920250122886,0.0813560747981914,0.0996611916277845,0,1,SISTEM_SUDAH_IDEAL
34.4453420044026,4.14879740647259,6.47749744535458,0.221699771784523,0.0831231278614489,0.171611467845933,2.3641311130973e-11,1,SISTEM_SUDAH_IDEAL
20.4746253417053,21.1050844024518,2.24708886548267,7.30815811009211,0.125411074917411,1.09652071866707,1.11022302462516e-16,1,SISTEM_SUDAH_IDEAL
49.8799913948025,3.04155539999906,8.18112331041775,0.0446765042669384,0.0809654072132299,0.0991826238362065,4.73204484485734e-08,1,SISTEM_SUDAH_IDEAL
34.3920559006939,11.8550966053903,8.91401767727372,0.67996820889642,0.0831796740423365,0.228813736701012,0,1,SISTEM_SUDAH_IDEAL
19.2131434104033,13.3795888645074,8.72385076890101,1.79340106909567,0.0856619439398924,0.464661803047436,2.22044604925031e-16,1,SISTEM_SUDAH_IDEAL
44.351468707845,6.23363746163973,7.95842622844165,0.213664783959699,0.0816158907970653,0.099979466226405,9.79660796929238e-13,1,SISTEM_SUDAH_IDEAL
34.6714983545337,18.6052880814363,4.04717363139943,3.38367038546425,0.0829586010656067,0.39296276593817,0,1,SISTEM_SUDAH_IDEAL
7.40305227437489,1.39493096192808,2.45682916413389,1.57386680619018,0.351996534704102,0.856194344106952,8.88178419700125e-16,1,SISTEM_SUDAH_IDEAL
8.74895439429341,7.80415800730619,9.56673482447943,2.99798513239629,0.0871789514606703,3.86995092395617,3.33066907387547e-16,1,SISTEM_SUDAH_IDEAL
30.5462266221022,18.2567639387883,2.50579386083627,8.68638265978776,0.0874538888611157,0.480317721305613,2.22044604925031e-16,1,SISTEM_SUDAH_IDEAL
39.35006514328,0.338550637177424,1.23473488811845,22.8808960599607,0.0857339762670418,0.506433651556894,0.000219566345742161,1,TURUNKAN_KP_ATAU_NAIKKAN_KD
32.2798469008199,27.0447530365962,3.85266949577157,3.89519185545109,0.0838748057921295,0.643702805733152,0,1,SISTEM_SUDAH_IDEAL
38.4657945495743,26.6438877490743,0.759655243970787,35.0197803923211,0.0883648124235749,0.743684834363641,1.11022302462516e-16,1,TURUNKAN_KP_ATAU_NAIKKAN_KD
17.7307539900146,28.9198815590328,5.60734891789643,4.1345846148666,0.0879702326978964,1.56496792198113,2.22044604925031e-16,1,SISTEM_SUDAH_IDEAL
42.5777647671253,25.5534318885203,7.23875899421331,1.07639388131859,0.0814197494305383,0.0997391930524094,2.22044604925031e-16,1,SISTEM_SUDAH_IDEAL
47.3967077391123,20.9005871987407,0.672111882455044,36.8625939822344,0.079665168103027,0.658243895354215,1.11022302462516e-16,1,TURUNKAN_KP_ATAU_NAIKKAN_KD
14.6028652037455,5.91555813601673,1.57380672937732,5.12177726298291,0.164627341121093,1.0176615899278,2.22044604925031e-16,1,SISTEM_SUDAH_IDEAL
14.9056401676461,7.72433397754165,2.16348236706125,3.07165164776111,0.159844947930283,1.42552274171106,1.11022302462516e-16,1,SISTEM_SUDAH_IDEAL
26.4012972234756,9.62669666542674,2.84681429168109,3.77232844048241,0.0941740887403467,0.455047205547798,1.11022302462516e-16,1,SISTEM_SUDAH_IDEAL
3.9245017479519,26.5527016528773,1.375960104857,34.1811421257673,0.268050716351423,6.56362654434866,1.11022302462516e-16,1,TURUNKAN_KP_ATAU_NAIKKAN_KD
33.4125911180511,0.0381048800316253,8.90023596617398,0,0.0833591675172624,0.280815692383049,0.000989132548718796,1,SISTEM_SUDAH_IDEAL
25.0163810792148,28.1212994656669,0.169571419860958,42.5980281317808,0.122465400445699,1.35766671922199,0,1,TURUNKAN_KP_ATAU_NAIKKAN_KD
34.9635864993015,23.3495855888269,6.5248845586072,1.37585035671464,0.0827304332935179,0.146067356820662,1.11022302462516e-16,1,SISTEM_SUDAH_IDEAL
27.6791945023706,15.5219382352345,4.04962763800286,1.81864388219894,0.0860750213591957,0.16334797677957,3.33066907387547e-16,1,SISTEM_SUDAH_IDEAL
27.1307592083379,8.20955159798314,1.55228450161989,12.7265365619729,0.112177041627375,0.436142033926243,0,1,SISTEM_SUDAH_IDEAL
44.2231252318657,5.63911450231789,4.3580371217463,3.67372214716328,0.0799055503003511,0.279680342814667,8.03979105512553e-12,1,SISTEM_SUDAH_IDEAL
18.2526839935233,26.4307154254488,8.01242551920121,3.10840951240929,0.0860023252034888,1.80592827056537,0,1,SISTEM_SUDAH_IDEAL
0.397697566367178,17.6864018757586,4.06781441011526,999,999,999,1,0,TURUNKAN_KP_DAN_KI
1.64719555886998,12.9714848680707,4.1321211430675,16.4858355169295,0.48127975018349,17.9742167408763,7.29275417832298e-10,1,SISTEM_SUDAH_IDEAL
44.3725244761828,6.80249041243437,9.74679967417549,0.229994719474425,0.0820662988625864,0.147797585399129,1.25899290992493e-13,1,SISTEM_SUDAH_IDEAL
25.5924351064246,24.6456410048323,2.03635186600278,10.0225325272315,0.107283698220716,0.726173685702005,1.11022302462516e-16,1,SISTEM_SUDAH_IDEAL
9.6965458436374,26.6946168536079,7.32503858090024,5.76420789663086,0.0886047067409006,3.3022625030267,2.22044604925031e-16,1,SISTEM_SUDAH_IDEAL
37.7130531188187,12.1170379950164,7.21783048118954,0.63022647889559,0.0824420049732712,0.148357540829228,2.22044604925031e-16,1,SISTEM_SUDAH_IDEAL
20.9418232584324,29.5977174620417,5.39052916092479,3.57192101953197,0.0870209517297397,1.39905452668713,0,1,SISTEM_SUDAH_IDEAL
21.2853699953684,2.12934666685829,8.45701746531009,0.247305508745854,0.0855155602062431,0.562220489721111,5.30086863292922e-10,1,SISTEM_SUDAH_IDEAL
32.9735269015562,11.0191341151559,6.99711106979227,0.727072261583084,0.0833645401756646,0.1866409439686,3.33066907387547e-16,1,SISTEM_SUDAH_IDEAL
13.7788476556046,4.34848535311863,3.04749807567675,1.60951385596193,0.165488936053541,0.392666879081235,3.33066907387547e-16,1,SISTEM_SUDAH_IDEAL
5.69579534092608,29.4961701552809,8.10815709954073,7.53917944108742,0.088771970435111,5.42187083602269,3.33066907387547e-16,1,SISTEM_SUDAH_IDEAL
23.4882650625252,11.4123097517091,6.92455686023322,1.29755687556783,0.0855280463646004,0.335034281311717,2.22044604925031e-16,1,SISTEM_SUDAH_IDEAL
5.33883657824655,0.851797827210836,1.99128876884601,1.74416385131893,0.527807817373987,1.11840527179721,1.16573417585641e-13,1,SISTEM_SUDAH_IDEAL
13.2751365039163,29.6215048677674,2.06641759355501,11.6007772311951,0.155717001606724,1.14587192676252,2.22044604925031e-16,1,SISTEM_SUDAH_IDEAL
2.77612066110649,2.58429624101332,3.58083759345446,8.14963597562215,0.797272413185188,8.233928515298,2.22044604925031e-16,1,SISTEM_SUDAH_IDEAL
41.829885421632,0.870939405279496,1.32812426113984,22.2328872491675,0.0830803140950782,0.483795444132042,1.95456054055132e-05,1,TURUNKAN_KP_ATAU_NAIKKAN_KD
9.41787502747028,28.5153640860365,9.96887741758114,4.88028483590119,0.0865922135928281,3.77146416123403,0,1,SISTEM_SUDAH_IDEAL
47.6268181613067,28.7823462002886,2.26753840499592,15.1897851393961,0.0771012223156707,0.326229435838013,1.11022302462516e-16,1,SISTEM_SUDAH_IDEAL
13.1237403489088,11.5101467846249,8.7562218457569,2.56387774545943,0.0868287640613462,2.70218982180818,1.11022302462516e-16,1,SISTEM_SUDAH_IDEAL
48.055113976396,18.9201006024167,2.78622357685988,10.9119613631784,0.0773386957528829,0.3220966634557,3.33066907387547e-16,1,SISTEM_SUDAH_IDEAL
4.75081568906277,6.06843345295762,7.43576715689091,5.1832499347346,0.200980161488213,4.60916317982731,2.22044604925031e-16,1,SISTEM_SUDAH_IDEAL
34.1846364293438,15.8829096480369,8.37446392217739,0.913959683831389,0.083143713353027,0.199900786079031,2.22044604925031e-16,1,SISTEM_SUDAH_IDEAL
23.4148662047672,9.67121276736642,5.8725536539387,1.18693333867246,0.086161469378914,0.295161375592053,0,1,SISTEM_SUDAH_IDEAL
32.0771527419414,0.5246186775117,0.367376126398826,34.1607198998068,0.111494854102155,0.773728154005058,6.24460521015946e-05,1,TURUNKAN_KP_ATAU_NAIKKAN_KD
2.85687280766037,1.91950754297933,0.7137338240094,12.2097301574833,0.641947230473723,4.14981970956611,1.11022302462516e-16,1,SISTEM_SUDAH_IDEAL
48.3387666496309,2.494687548179,4.55264600561466,3.58436125845096,0.0789072817864744,0.268120451141287,1.20411790094366e-07,1,SISTEM_SUDAH_IDEAL
47.9097774002375,15.259077336277,2.10308422130961,15.5065834888359,0.077331954918506,0.299769785923802,2.22044604925031e-16,1,SISTEM_SUDAH_IDEAL
50.0226491444148,29.0973181720956,6.73148170571132,1.49866380871553,0.079860609405202,0.0978292465213725,0,1,SISTEM_SUDAH_IDEAL
3.92527991799085,6.35080427852002,0.457577485728925,25.0790231397815,0.37176749270669,2.8800705100799,4.44089209850063e-16,1,TURUNKAN_KP_ATAU_NAIKKAN_KD
25.3855223486788,28.5047854601657,5.77561126673339,2.64869234645471,0.085257769316284,1.2048635549443,2.22044604925031e-16,1,SISTEM_SUDAH_IDEAL
22.0723155876287,18.0601227118995,2.14546440401506,7.75772802945984,0.121064233699052,0.944443541338824,2.22044604925031e-16,1,SISTEM_SUDAH_IDEAL
33.7283435289093,9.71573925752868,6.34142806056069,0.633932692977113,0.083200516315478,0.167351984545912,1.11022302462516e-16,1,SISTEM_SUDAH_IDEAL
17.8790356137785,4.57746066864255,0.844857004743876,15.9600879549642,0.15028192704282,0.542582533751751,3.33066907387547e-16,1,SISTEM_SUDAH_IDEAL
37.0399741328162,25.1223901828834,3.67474025579957,5.61806225372581,0.0819512644157746,0.454143798462009,1.11022302462516e-16,1,SISTEM_SUDAH_IDEAL
6.45240437747748,2.1998520342238,8.92217333373334,2.01477503940948,0.0881903462920602,5.03218718200817,2.22044604925031e-16,1,SISTEM_SUDAH_IDEAL
11.8403128805962,23.0160027082073,4.87061538227434,5.83542639951848,0.140778278636134,1.84333738282689,1.11022302462516e-16,1,SISTEM_SUDAH_IDEAL
39.9213902785065,9.2581384870757,5.08593427200324,1.64839954403047,0.0814089518555259,0.0997259660230192,2.22044604925031e-16,1,SISTEM_SUDAH_IDEAL
40.4561249187739,22.5093936462766,8.61750773876817,0.953606658616235,0.0821815752163806,0.141261043337813,2.22044604925031e-16,1,SISTEM_SUDAH_IDEAL
27.7647593130717,23.8692755896044,9.49860508160626,1.63525118686625,0.0839844503633935,0.286827522186685,3.33066907387547e-16,1,SISTEM_SUDAH_IDEAL
37.3918750100489,1.85948973108541,1.90351590417353,14.4199505382412,0.0847821274317898,0.350230364556466,1.77776710685862e-07,1,SISTEM_SUDAH_IDEAL
37.4225313774623,3.27674193154177,9.76738503776063,0.120468025670761,0.0829042791420552,0.240407808682446,2.1051274057271e-09,1,SISTEM_SUDAH_IDEAL
38.7662770798544,29.828970301763,3.17271949702558,8.49131010053816,0.0812293905899769,0.4409556660512,2.22044604925031e-16,1,SISTEM_SUDAH_IDEAL
36.7987070112359,24.4656132143561,4.15411901711349,3.95355411943958,0.0819800828107844,0.441653756448448,4.44089209850063e-16,1,SISTEM_SUDAH_IDEAL
22.4324239458437,17.2853085669741,7.62675484599402,1.86281083162252,0.0854011766187658,0.342273689931126,2.22044604925031e-16,1,SISTEM_SUDAH_IDEAL
31.0469963484974,9.44348136119438,8.01594343214002,0.668309595746019,0.0837389522982057,0.258018683570193,2.22044604925031e-16,1,SISTEM_SUDAH_IDEAL
38.2613586231855,7.37203956914694,5.07473444761334,1.26409978774162,0.0819134439586459,0.109331411517615,6.66133814775094e-16,1,SISTEM_SUDAH_IDEAL
7.45096504469823,3.89095996374076,6.60654616874952,2.80631355217762,0.179955991476675,4.36977835437212,2.22044604925031e-16,1,SISTEM_SUDAH_IDEAL
3.76156020234006,6.04692419034344,8.50747255518307,5.57340449962269,0.123350942452414,8.27711846709866,2.24265050974282e-14,1,SISTEM_SUDAH_IDEAL
29.8897736801766,20.3193657821876,9.64954542102979,1.30064949321069,0.0837118161629519,0.277346454355482,1.11022302462516e-16,1,SISTEM_SUDAH_IDEAL
40.3720938469986,22.5317113218759,7.98439669844153,0.986221621217398,0.0820470072153269,0.128367979549476,0,1,SISTEM_SUDAH_IDEAL
13.7936636910399,12.3862176224764,2.73422480286923,4.33228481070442,0.160672435179611,1.75930013792358,1.11022302462516e-16,1,SISTEM_SUDAH_IDEAL
10.8427169769452,8.53832587138172,6.84535163002128,2.95496069317451,0.10026435102314,3.00134725849393,3.33066907387547e-16,1,SISTEM_SUDAH_IDEAL
21.8380321120036,16.7928621227096,2.00731538750809,8.38059574693251,0.123817176099202,0.903900204495005,2.22044604925031e-16,1,SISTEM_SUDAH_IDEAL
30.5952912055069,23.6608588477671,0.614295506428291,32.4795077591623,0.108934342134405,0.848302863875273,0,1,TURUNKAN_KP_ATAU_NAIKKAN_KD
49.5492133760143,18.646014972071,9.74383409903632,0.55609156018217,0.0814157372055999,0.0997342780768599,3.33066907387547e-16,1,SISTEM_SUDAH_IDEAL
42.8339849895978,1.18045391008466,4.45475789118009,3.00004303670396,0.0804663986925031,0.256717842885945,4.26069631576098e-06,1,SISTEM_SUDAH_IDEAL
16.2607885281773,4.64879008448306,8.73993216384763,0.98748395127144,0.0863114389117833,0.693842376551941,3.33066907387547e-16,1,SISTEM_SUDAH_IDEAL
17.7067871209181,11.9939583467212,9.1112540858241,1.8130364537017,0.0857878151947473,0.524662753612464,2.22044604925031e-16,1,SISTEM_SUDAH_IDEAL
20.0089061720056,14.2479937313189,8.94120954340671,1.76428453736366,0.0854276759404611,0.446923838401826,2.22044604925031e-16,1,SISTEM_SUDAH_IDEAL
34.4755243809355,19.7997783666466,7.74742888183922,1.12423691180965,0.0830064856583308,0.178220011773138,2.22044604925031e-16,1,SISTEM_SUDAH_IDEAL
40.52748823514,9.53905893431716,0.0954553215680054,50.2814844645356,0.0952337811015347,1.06866892454696,0,1,TURUNKAN_KP_ATAU_NAIKKAN_KD
45.8121695837661,2.92577954237462,8.64317899953104,0.0538727964610075,0.0816639950501599,0.103513091895461,3.7026443688859e-08,1,SISTEM_SUDAH_IDEAL
47.9898676430316,25.9504216892049,6.73897420778921,1.20184918755708,0.0802450186477511,0.0983001478434951,0,1,SISTEM_SUDAH_IDEAL
27.9081996874694,13.5406316825215,3.29942772872638,3.16620828761787,0.0872717676997941,0.472906192818752,1.11022302462516e-16,1,SISTEM_SUDAH_IDEAL
4.49655859089813,9.94729502789036,8.47955971093492,5.92757882613941,0.0956005610010625,6.56096676988827,3.33066907387547e-16,1,SISTEM_SUDAH_IDEAL
4.18032271606937,4.19746890822705,2.87279137737404,7.99503219810054,0.532973504927807,3.88307522832679,0,1,SISTEM_SUDAH_IDEAL
41.5011930739043,16.6437649444703,3.203728492042,7.88161633791957,0.0803205768195068,0.362615848779335,1.11022302462516e-16,1,SISTEM_SUDAH_IDEAL
39.0838236752443,26.3226124893559,5.70817684712713,1.53395777549179,0.0815441721185538,0.0998916108452284,0,1,SISTEM_SUDAH_IDEAL
28.0740606232467,21.3210873651012,3.32126389365687,4.04209884428635,0.0868859781049588,0.715936957691609,0,1,SISTEM_SUDAH_IDEAL
46.9838228018841,3.52411014148396,7.94218144577591,0.0759050351752943,0.0812573111337481,0.0995402061388414,9.43600908520636e-09,1,SISTEM_SUDAH_IDEAL
16.5959471079698,3.43731103105597,5.49509402757334,0.796284002311221,0.0944736934227226,0.542457122808606,2.22044604925031e-16,1,SISTEM_SUDAH_IDEAL
32.6371940688537,18.3934244242908,7.5187709411039,1.15959656745752,0.0833453312775822,0.190282491146851,1.11022302462516e-16,1,SISTEM_SUDAH_IDEAL
8.23122567937727,23.1903503883519,7.71451095772245,5.88897078395338,0.0886373306494739,3.86964974158155,3.33066907387547e-16,1,SISTEM_SUDAH_IDEAL
42.8323994027935,16.2808627133092,5.94334747837864,1.14575483361781,0.0809273410576912,0.0991359927956717,0,1,SISTEM_SUDAH_IDEAL
13.2566992538589,14.8723975643337,9.91420985155086,2.76778726592757,0.0861391876936441,2.67209021986346,0,1,SISTEM_SUDAH_IDEAL
6.82826944064863,9.92019927888319,0.151319757274821,34.298290254606,0.241966220526456,1.09133164297409,1.11022302462516e-16,1,TURUNKAN_KP_ATAU_NAIKKAN_KD
40.6175007131131,21.8280409725593,8.01017282892293,0.947520278527558,0.0820236199465776,0.127266807678935,1.11022302462516e-16,1,SISTEM_SUDAH_IDEAL
20.1078393056052,24.5805620725138,6.92175064376482,2.86972883920711,0.0861783014095258,1.62734643767191,1.11022302462516e-16,1,SISTEM_SUDAH_IDEAL
45.8670626513838,19.2460531318026,6.61277462222028,0.886416281219304,0.0806297144097761,0.0987714001519757,1.11022302462516e-16,1,SISTEM_SUDAH_IDEAL
0.772997749968507,25.9081592968773,1.88147724518046,999,999,999,1,0,TURUNKAN_KP_DAN_KI
13.3335627259557,5.43529918469946,5.39711976990391,1.76505141106325,0.130249251000117,0.606934626611897,0,1,SISTEM_SUDAH_IDEAL
26.0317270573815,21.0260090547695,7.84574838468495,1.75395232648798,0.0845496292687424,0.277635871759159,0,1,SISTEM_SUDAH_IDEAL
12.8761777702619,27.4536681976247,3.27590989833603,7.72540517912996,0.15156385504505,1.43348524333973,0,1,SISTEM_SUDAH_IDEAL
8.92825280586227,6.86716409768148,1.39538699249807,6.58016903230871,0.236845258591131,2.21260337193161,0,1,SISTEM_SUDAH_IDEAL
28.8373335035674,19.2655298446552,2.49030894279087,8.04132682189422,0.0887568847150742,0.54028583110074,0,1,SISTEM_SUDAH_IDEAL
29.610992598347,10.8205885431117,7.19582429266234,0.848077145914949,0.0840637285658305,0.24313069867364,1.11022302462516e-16,1,SISTEM_SUDAH_IDEAL
16.8787025956544,14.3405549361708,2.23835022456644,5.03561530264456,0.14475376958609,1.37155987552861,0,1,SISTEM_SUDAH_IDEAL
21.3210679782064,18.6538646663375,0.912716549264273,21.7255998911064,0.132313351228095,1.02772737096813,0,1,TURUNKAN_KP_ATAU_NAIKKAN_KD
7.55796960826686,4.48590638199153,0.887736272517701,7.53569482468848,0.267689316870027,2.55965953890912,4.44089209850063e-16,1,SISTEM_SUDAH_IDEAL
33.9984416355904,16.5860046532166,8.05898884739537,0.969785355063268,0.0831483026434882,0.193522876501673,1.11022302462516e-16,1,SISTEM_SUDAH_IDEAL
20.1009297568313,17.2183750251726,2.7166351185441,4.2362209922554,0.123423860922065,1.18882012071855,4.44089209850063e-16,1,SISTEM_SUDAH_IDEAL
30.4250402043988,27.3927437688523,5.71814420758783,2.04930199775981,0.0838092745317139,0.778991916056584,0,1,SISTEM_SUDAH_IDEAL
49.3615531125441,0.542360600253264,4.60841968214704,3.49477946450365,0.0787062762121688,0.263461241730631,0.000112642334776814,1,SISTEM_SUDAH_IDEAL
25.2946542868179,21.4248438973485,6.90597256412212,1.95267958799066,0.0849443767595074,0.256315644789269,1.11022302462516e-16,1,SISTEM_SUDAH_IDEAL
49.7346236951112,8.06411156992554,5.51104780566647,2.25020270277863,0.079274828405951,0.221439347465004,4.39648317751562e-14,1,SISTEM_SUDAH_IDEAL
3.0547340578113,7.54532642318576,5.38184133308532,9.17614392261992,0.465723187912482,8.90870798713478,0,1,SISTEM_SUDAH_IDEAL
24.4849937435751,9.13229641372007,1.40910855009897,12.095129744687,0.122052304628196,0.470804894854542,1.11022302462516e-16,1,SISTEM_SUDAH_IDEAL
17.2045002734882,25.1711620117925,6.29967632945586,3.64124178149259,0.0874693289132398,1.72974035967346,1.11022302462516e-16,1,SISTEM_SUDAH_IDEAL
12.4013233987237,14.3554211804306,9.9311283414522,2.89727313039152,0.0862735785621341,2.79936625443077,1.11022302462516e-16,1,SISTEM_SUDAH_IDEAL
36.4293765055808,0.875129672915489,5.52704847056484,0,0.0826066612882646,0.137638828946519,1.12661478454124e-05,1,SISTEM_SUDAH_IDEAL
32.0357704204854,11.3445203905564,2.55088499630543,8.33809201028417,0.0865070171116978,0.401813734651485,1.11022302462516e-16,1,SISTEM_SUDAH_IDEAL
28.0143267794929,22.6417292960628,0.964286703668721,23.4090944203333,0.112305369667925,0.860776481759032,2.22044604925031e-16,1,TURUNKAN_KP_ATAU_NAIKKAN_KD
20.9573321608988,14.9052426058839,8.58455576432876,1.74420531400403,0.0853768389425996,0.411864605615392,2.22044604925031e-16,1,SISTEM_SUDAH_IDEAL
29.8632957546041,19.1852838188908,0.583901331581728,31.3361789289394,0.111605447047188,0.852480698052785,4.44089209850063e-16,1,TURUNKAN_KP_ATAU_NAIKKAN_KD
24.354544430521,3.86802441335336,6.72737850669774,0.419553393430316,0.0855152289218812,0.370875227224162,7.39408534400354e-14,1,SISTEM_SUDAH_IDEAL
38.4508757984341,3.69164704568664,7.18137288549845,0.141908617048259,0.0824041614918756,0.150999018569541,6.89849066759507e-10,1,SISTEM_SUDAH_IDEAL
34.2689357942601,1.00992010810977,9.29969523431792,0,0.0833122036602636,0.286001416884146,3.19997204256683e-06,1,SISTEM_SUDAH_IDEAL
26.6656351597136,6.10094901795037,5.70212176606183,0.607488902259679,0.0853160016959231,0.24119576335281,2.22044604925031e-16,1,SISTEM_SUDAH_IDEAL
34.5652227954033,7.93559085651965,4.34131009038638,1.91029522753243,0.083142007645387,0.131270285109095,0,1,SISTEM_SUDAH_IDEAL
39.1695165391812,27.7004962039724,3.94039945943927,5.28660589067631,0.0810248678483824,0.439529476350477,0,1,SISTEM_SUDAH_IDEAL
19.6009304923116,19.9825184873405,9.54650335293111,2.20834848688738,0.0852289673679175,1.82325141928998,3.33066907387547e-16,1,SISTEM_SUDAH_IDEAL
46.0289450247297,11.0521175568819,5.62901959263156,1.78255008550403,0.080123346989558,0.0981511000622086,2.22044604925031e-16,1,SISTEM_SUDAH_IDEAL
40.119574437574,26.9495218234355,9.24289856351876,1.09808728225829,0.0823013615966947,0.151812114590917,1.11022302462516e-16,1,SISTEM_SUDAH_IDEAL
20.7544872838529,6.09794766274036,2.00031511770755,5.62695018769017,0.132354295286291,0.526576016278055,0,1,SISTEM_SUDAH_IDEAL
0.237969949754335,29.5065200687827,9.20471845864549,999,999,999,1,0,TURUNKAN_KP_DAN_KI
38.9059134516611,23.8299961333885,5.51649789567046,1.53729760181454,0.0815669358311949,0.0999194963932137,2.22044604925031e-16,1,SISTEM_SUDAH_IDEAL
35.670867973717,1.8783853291518,0.616486479001858,32.3066245354416,0.100406272066276,0.723687094267396,1.516620047326e-07,1,TURUNKAN_KP_ATAU_NAIKKAN_KD
30.4189620610732,7.40436374957552,0.0183632614033569,42.101327408508,0.115718525731309,1.23671970847367,2.22044604925031e-16,1,TURUNKAN_KP_ATAU_NAIKKAN_KD
38.4096027831937,12.7629271401123,9.89563772276566,0.589385022661437,0.0827144863035936,0.19916815916967,0,1,SISTEM_SUDAH_IDEAL
3.61262392862393,3.73523421838975,9.68414819851344,4.43580510716426,0.0880903413909266,6.60298101881092,9.32809385290057e-13,1,SISTEM_SUDAH_IDEAL
43.9611618581475,7.21105869206551,5.15920400782305,2.07593998066229,0.0803938825477453,0.207972145518542,3.64153152077051e-14,1,SISTEM_SUDAH_IDEAL
4.03863392168923,19.0680209575963,6.16206355518481,9.59924697656416,0.243609706130395,7.70851639568261,3.33066907387547e-16,1,SISTEM_SUDAH_IDEAL
34.0728125292923,25.1880789685206,7.68684932836651,1.4121567442287,0.0830077615972766,0.173175901432182,0,1,SISTEM_SUDAH_IDEAL
2.83202155768598,2.45961309426419,5.4301716978799,6.29191797886299,0.70411135270948,6.56658784531011,8.88178419700125e-16,1,SISTEM_SUDAH_IDEAL
16.2059851297904,7.33150199049602,0.22326453475462,29.8716959410471,0.155744419264744,1.19230252878287,1.11022302462516e-16,1,TURUNKAN_KP_ATAU_NAIKKAN_KD
8.63135036604788,28.5285810771137,3.38382190067313,11.0098984054904,0.181513531280718,2.55336133125235,0,1,SISTEM_SUDAH_IDEAL
24.9936192535212,11.1060357586813,6.61228649901267,1.16801348333035,0.085285480729449,0.293169829402147,2.22044604925031e-16,1,SISTEM_SUDAH_IDEAL
23.3843208057368,26.7818383529635,2.59551322684372,7.01084782073564,0.107234874837294,0.985240113113515,2.22044604925031e-16,1,SISTEM_SUDAH_IDEAL
34.1144959105275,15.9284772464828,0.462061964343286,37.4086916208081,0.103748436790729,0.782240961707667,1.11022302462516e-16,1,TURUNKAN_KP_ATAU_NAIKKAN_KD
34.0097723914394,8.94961392583766,1.05341423973374,24.4474653342967,0.0976404098399161,0.536417359703991,2.22044604925031e-16,1,TURUNKAN_KP_ATAU_NAIKKAN_KD
23.4758860551586,20.468837987663,7.79982158177895,1.97305628680284,0.085079642818475,0.313524451106881,0,1,SISTEM_SUDAH_IDEAL
41.4812688905626,12.842153004004,5.04308440606464,2.15961592588163,0.0808980529126139,0.221924576650615,1.11022302462516e-16,1,SISTEM_SUDAH_IDEAL
31.8110928488736,21.8010938270449,4.12961184958554,2.65055383935013,0.0840132476338449,0.519246340845566,1.11022302462516e-16,1,SISTEM_SUDAH_IDEAL
17.9158053912304,9.64644380035014,4.62440976072155,1.93590543794411,0.105821864182555,0.34496315237189,2.22044604925031e-16,1,SISTEM_SUDAH_IDEAL
33.3023785163827,19.3799461578702,3.43888046624969,5.10892328426789,0.0839541867257503,0.462250021706083,1.11022302462516e-16,1,SISTEM_SUDAH_IDEAL
29.569158984719,25.4006712148599,1.77941491253013,14.9146004294918,0.0972050125463293,0.473253328362529,2.22044604925031e-16,1,SISTEM_SUDAH_IDEAL
14.9276639546781,1.37430509614657,7.99978344049936,0.296357772063005,0.0870781620608291,0.861642549186588,2.03069006055046e-09,1,SISTEM_SUDAH_IDEAL
39.9047654285542,11.8712869727288,3.19934095424658,7.2649826564636,0.0811598609675215,0.356697523494751,3.33066907387547e-16,1,SISTEM_SUDAH_IDEAL
49.6943109744887,16.5274059896239,0.145785999173758,50.0086411873658,0.0800360456215518,0.973644665391712,0,1,TURUNKAN_KP_ATAU_NAIKKAN_KD
43.0588398334543,17.8142802800193,8.61370716925761,0.697019846610747,0.0818734604472888,0.120533186121847,0,1,SISTEM_SUDAH_IDEAL
38.9524904344831,3.1470791916988,3.9419617729856,3.71300559546175,0.0816533862182525,0.286762837980232,5.6581519469745e-09,1,SISTEM_SUDAH_IDEAL
48.8993109601688,15.3146951696834,3.93469780083594,5.86098897806995,0.0779791758144582,0.308121544717953,0,1,SISTEM_SUDAH_IDEAL
27.8633372976907,29.263078810094,4.4788883712014,2.88922359294972,0.0852079540197306,0.972781331397045,1.11022302462516e-16,1,SISTEM_SUDAH_IDEAL
43.3039066396275,4.28781738793291,0.956774618056918,28.8690121140505,0.0830703560129221,0.623428141275998,4.90011808906843e-10,1,TURUNKAN_KP_ATAU_NAIKKAN_KD
17.4864889446054,2.18257764039962,5.44439560601022,0.423176587061636,0.0888643511779885,0.536260126494082,1.78730363842305e-11,1,SISTEM_SUDAH_IDEAL
48.3697888348899,8.43518927025942,0.80135820884417,32.381943411952,0.0788941476982743,0.636081491652429,1.06581410364015e-14,1,TURUNKAN_KP_ATAU_NAIKKAN_KD
7.39007544777386,4.89136864707548,5.38577935176382,3.58095147674153,0.250676259141669,3.9071501253216,1.11022302462516e-16,1,SISTEM_SUDAH_IDEAL
23.548060255203,7.95943015293457,6.74538743110966,0.945957925197605,0.0856487360477837,0.352494827982244,2.22044604925031e-16,1,SISTEM_SUDAH_IDEAL
6.32722644160277,7.55297095368752,5.89169729268855,5.15358262177585,0.247437389308438,3.63411242424361,1.11022302462516e-16,1,SISTEM_SUDAH_IDEAL
17.654906415538,15.683215777671,3.35170711407786,3.44816770536516,0.128840579287041,1.4821324942838,1.11022302462516e-16,1,SISTEM_SUDAH_IDEAL
1.27675626892177,12.0503891456708,5.0468348389528,14.7070358380903,0.50061486497154,24.7809754324733,6.19358585751684e-07,1,SISTEM_SUDAH_IDEAL
6.57946897894659,18.3890819570441,9.634558272788,5.32681908482999,0.0874066366906888,4.95767638281941,0,1,SISTEM_SUDAH_IDEAL
4.58285673884625,9.2598629013959,5.29213856593459,7.77588157968623,0.344712065219129,5.53291308609805,2.22044604925031e-16,1,SISTEM_SUDAH_IDEAL
22.4707534660044,28.1988872105318,7.21104329446225,2.71811687164476,0.0854003309352792,1.47890573976749,1.11022302462516e-16,1,SISTEM_SUDAH_IDEAL
36.9941416203229,19.1739595510082,0.353144947958958,42.8575905688615,0.0982953667899295,0.757600885456191,2.22044604925031e-16,1,TURUNKAN_KP_ATAU_NAIKKAN_KD
32.1807732098417,9.55771926120402,1.0110174781973,23.9539514362513,0.103227188124054,0.545830406111686,0,1,TURUNKAN_KP_ATAU_NAIKKAN_KD
4.14910814413194,27.0643607149167,2.52735692022642,21.2610206474376,0.268463635790404,5.78151097557566,4.44089209850063e-16,1,TURUNKAN_KP_ATAU_NAIKKAN_KD
24.845387902062,11.6433907625504,2.63626328209528,4.59809358762697,0.104812192046747,0.544379802361025,1.11022302462516e-16,1,SISTEM_SUDAH_IDEAL
13.2558102622499,20.9858228761936,0.567314468664598,28.3271262822187,0.163955524547789,0.73416249924493,2.22044604925031e-16,1,TURUNKAN_KP_ATAU_NAIKKAN_KD
39.5358262550761,8.76907105958333,8.3943762172432,0.397317381999618,0.0824083861364483,0.162758929280538,4.44089209850063e-16,1,SISTEM_SUDAH_IDEAL
24.3317142397303,7.00435571512649,2.20535297788423,5.69812948977049,0.114910598851118,0.472627506060058,1.11022302462516e-16,1,SISTEM_SUDAH_IDEAL
15.8142564547014,29.8628209390972,1.89131666587351,11.7518033367236,0.144162465326735,1.05544125963547,0,1,SISTEM_SUDAH_IDEAL
42.6245484180726,25.3171439079624,5.28316509324555,2.4678392016809,0.0805008649072525,0.287016505970266,2.22044604925031e-16,1,SISTEM_SUDAH_IDEAL
33.3435665641085,11.088491116328,3.17437525377534,5.54630659904205,0.0844777134550787,0.385691158892106,1.11022302462516e-16,1,SISTEM_SUDAH_IDEAL
40.6161957336092,3.07869896021568,2.12762922674614,13.4311134429042,0.0819471891156513,0.336227196564197,1.05539426087375e-08,1,SISTEM_SUDAH_IDEAL
22.4211093949074,11.5965351444756,7.74647846087153,1.35914076742278,0.0854354156169851,0.384231632418662,2.22044604925031e-16,1,SISTEM_SUDAH_IDEAL
23.8115566303352,23.9037365803263,0.248594733248674,39.6003364578365,0.125953513031785,0.974824652617219,2.22044604925031e-16,1,TURUNKAN_KP_ATAU_NAIKKAN_KD
50.0570030534663,8.49160293435505,7.67824918394698,0.25513252283067,0.0806493336316934,0.0987954336988245,1.19904086659517e-14,1,SISTEM_SUDAH_IDEAL
1.85318566061664,26.1107838694675,7.42944959351178,11.0883180070109,0.20495906191453,21.5344513395752,4.94023944974664e-07,1,SISTEM_SUDAH_IDEAL
5.56465224341406,25.9985020813328,8.21525570124464,7.27699071242884,0.0887430214460719,5.7534942755242,3.33066907387547e-16,1,SISTEM_SUDAH_IDEAL
0.289588718283967,19.8078985009638,6.32364930658099,999,999,999,1,0,TURUNKAN_KP_DAN_KI
10.6240744204884,13.0483994800093,9.33109401117101,3.29892210523735,0.0869288630037713,3.02272608786268,0,1,SISTEM_SUDAH_IDEAL
22.9641363937369,3.3008581009138,6.79891322407547,0.389861401953162,0.0858462634945364,0.415916898559431,7.8026474170656e-13,1,SISTEM_SUDAH_IDEAL
48.686612288067,13.0613194455244,2.37958923131825,13.1499329044523,0.07703581877028,0.298772761238603,1.11022302462516e-16,1,SISTEM_SUDAH_IDEAL
44.4710388302957,28.5831357553577,3.91654925226844,6.19985673636523,0.0791232219602577,0.379629198674978,0,1,SISTEM_SUDAH_IDEAL
38.2664020587724,3.0015825179451,2.23862121608506,11.9243518933813,0.0832905307563891,0.348213151522147,8.00530997047133e-09,1,SISTEM_SUDAH_IDEAL
5.22387496314829,0.642629886866878,5.16928272679177,1.08543723030567,0.489356965405907,2.01492820653782,7.66187113754313e-12,1,SISTEM_SUDAH_IDEAL
13.0343083546801,1.01709080882121,7.49681881226105,0.2544100483723,0.0879452466242892,0.992036732721693,1.70549523392793e-08,1,SISTEM_SUDAH_IDEAL
27.185613176674,26.4584468618659,5.61390734403322,2.32084884670183,0.0848179275575591,1.04692615149554,0,1,SISTEM_SUDAH_IDEAL
48.5345081179583,22.5742545688789,9.49282944871547,0.695912889076533,0.0814189302556396,0.0997381895631585,0,1,SISTEM_SUDAH_IDEAL
37.0406956134839,7.90575042336312,0.874845709328383,29.052414509241,0.0920677174391918,0.53255488921719,0,1,TURUNKAN_KP_ATAU_NAIKKAN_KD
34.3942308486481,24.3139460948839,1.50807285958347,20.4516851762814,0.0880668875915941,0.383935009284336,0,1,TURUNKAN_KP_ATAU_NAIKKAN_KD
15.7906813400614,14.6108526084679,7.0363102432328,2.6650092051018,0.0874024898548703,2.11330052277487,3.33066907387547e-16,1,SISTEM_SUDAH_IDEAL
29.9042601480907,1.63053465526205,9.71161441540908,0.0506589136871405,0.0838799398676755,0.379137261993889,1.47098171643378e-07,1,SISTEM_SUDAH_IDEAL
28.8186090142167,17.2332904595806,5.77154105355525,1.45865218774064,0.0844375760431177,0.183457961640477,1.11022302462516e-16,1,SISTEM_SUDAH_IDEAL
30.14599780045,4.08049039804879,0.349329951144906,32.9652182155735,0.115292168249363,0.818025187475651,4.6136428011323e-12,1,TURUNKAN_KP_ATAU_NAIKKAN_KD
20.7918409452603,8.1884797276929,6.89648425647617,1.17850592057964,0.0862761084167005,0.416929859357582,4.44089209850063e-16,1,SISTEM_SUDAH_IDEAL
49.3795396195312,7.40746164540435,7.6634835098271,0.218955963297662,0.0807500850758515,0.0989188542179181,2.32258656751583e-13,1,SISTEM_SUDAH_IDEAL
33.4329917334283,16.0894931381335,9.00524617508558,0.935147398681058,0.0832773518794749,0.231338265313153,0,1,SISTEM_SUDAH_IDEAL
33.4460261781418,16.3015433509037,0.892718174801181,28.0690488554093,0.100249573533985,0.756537864366729,3.33066907387547e-16,1,TURUNKAN_KP_ATAU_NAIKKAN_KD
1.48941262836573,28.7937834443833,7.32243132649956,11.7791662188991,0.211017211014615,30.5532804412299,9.94185564939798e-06,1,SISTEM_SUDAH_IDEAL
44.632996436416,26.8575922194415,7.94324316826594,1.00522214620231,0.0813505328302249,0.0996544027170255,2.22044604925031e-16,1,SISTEM_SUDAH_IDEAL
26.8608837217457,10.2720221525684,2.8078448984121,4.24676770528369,0.0925942405385729,0.462288251812858,1.11022302462516e-16,1,SISTEM_SUDAH_IDEAL
23.8230727488385,0.257389135039077,4.2480024467276,0,0.0880090171802692,0.222045716653775,0.000241717572922129,1,SISTEM_SUDAH_IDEAL
35.9993373737424,12.3160799990159,6.04571157183583,0.739456509448355,0.0825931564849323,0.139601494279701,4.44089209850063e-16,1,SISTEM_SUDAH_IDEAL
29.6441182262072,29.3581826642015,2.75977088932444,7.90156772365727,0.0869509877844793,0.69750700282614,2.22044604925031e-16,1,SISTEM_SUDAH_IDEAL
2.23930698938016,26.1196006395349,8.8784437050419,9.10665183831487,0.0888341996158333,17.462666525882,1.98817184937639e-10,1,SISTEM_SUDAH_IDEAL
18.697529003943,4.46621806154656,1.69315241325282,6.32192919827614,0.144124460166888,0.546407676162173,1.11022302462516e-16,1,SISTEM_SUDAH_IDEAL
8.2411444507777,17.8566187444405,8.51465538187106,4.95772278571591,0.0879492928687172,2.76594120522978,0,1,SISTEM_SUDAH_IDEAL
2.30564156586029,17.7033303099672,2.4779252496655,23.8550934623226,0.38298254289869,12.4513277348394,4.44089209850063e-16,1,TURUNKAN_KP_ATAU_NAIKKAN_KD
11.0244433712113,21.8533498118586,1.83081501658225,11.6938233370769,0.175134144807751,1.31895322373029,0,1,SISTEM_SUDAH_IDEAL
5.44688219098507,13.5932266971163,1.93715261777417,15.0586877292931,0.298821683654769,3.11395645260476,0,1,SISTEM_SUDAH_IDEAL
18.6979524957305,5.51281703868334,8.86769244664499,0.916117886080858,0.0857885900589443,0.591575424354591,2.22044604925031e-16,1,SISTEM_SUDAH_IDEAL
10.7743305986085,16.2832437568844,1.65275071871229,10.2210061230898,0.181804814105347,1.48697830167133,1.11022302462516e-16,1,SISTEM_SUDAH_IDEAL
22.5136320844483,24.6782446802241,4.72541134637184,3.05915312608893,0.0872880760327977,1.28396187192794,0,1,SISTEM_SUDAH_IDEAL
44.0753247304668,19.6923381792913,5.47909242381855,2.10305370031647,0.0803462399099346,0.218162879186093,2.22044604925031e-16,1,SISTEM_SUDAH_IDEAL
26.0280417211432,12.7607289018369,8.12118817242681,1.16085620435775,0.0845963380704468,0.325076425410154,2.22044604925031e-16,1,SISTEM_SUDAH_IDEAL
32.2014969406419,5.52817868727442,9.97703838502922,0.341233810802866,0.0835290122448633,0.315783585248553,6.43929354282591e-15,1,SISTEM_SUDAH_IDEAL
24.5193807595992,15.277064057831,7.64175999223294,1.49828380752914,0.0849805330165576,0.319369766528324,0,1,SISTEM_SUDAH_IDEAL
33.8294747885341,21.7587493982871,2.22260338025177,12.5372870539854,0.0857692844993131,0.42205554668361,1.11022302462516e-16,1,SISTEM_SUDAH_IDEAL
19.254246940035,10.3848964424321,8.41847895082889,1.50276665694931,0.0858181663638011,0.48602671896945,1.11022302462516e-16,1,SISTEM_SUDAH_IDEAL
48.8633145919632,8.46522714001374,9.75571215353995,0.246199364856792,0.081571647823659,0.0999252685839822,5.77315972805081e-15,1,SISTEM_SUDAH_IDEAL
30.2085215279625,5.60834746627612,4.63329408803362,0.472722439080453,0.0847068663850539,0.164989838916184,1.33226762955019e-15,1,SISTEM_SUDAH_IDEAL
6.30835770906258,20.9989518553794,7.58414596317139,6.76275773997939,0.113717926855328,4.32164237827163,2.22044604925031e-16,1,SISTEM_SUDAH_IDEAL
24.0873908915622,20.4936281357097,7.18049584621942,1.97983540619437,0.0851495119111933,0.284929513852009,1.11022302462516e-16,1,SISTEM_SUDAH_IDEAL
10.7391558642168,4.21260703181133,4.80692410229626,2.04267345037723,0.176655967325843,2.37704181057304,1.11022302462516e-16,1,SISTEM_SUDAH_IDEAL
50.070356398051,26.4239272999445,0.389256489911894,44.0104254032698,0.0780158424269561,0.940318124225112,1.11022302462516e-16,1,TURUNKAN_KP_ATAU_NAIKKAN_KD
47.5316717973153,26.7858131945722,2.12325031230301,16.2602750383394,0.0771992392146616,0.319431209990513,1.11022302462516e-16,1,SISTEM_SUDAH_IDEAL
49.1974371813918,7.63640975953622,6.26856435030855,1.22670545110708,0.0799567957529042,0.0979470747973077,1.17683640610267e-13,1,SISTEM_SUDAH_IDEAL
26.0383553704838,14.8452313814919,2.46603751586934,6.01601398342826,0.101570822269622,0.570364548635163,1.11022302462516e-16,1,SISTEM_SUDAH_IDEAL
3.28779546573222,5.05330570616627,6.64876218884106,6.68192629081361,0.407607198542462,8.31370607362565,1.11022302462516e-15,1,SISTEM_SUDAH_IDEAL
35.4039086258316,25.7421063890562,2.69825752108275,10.0329704213975,0.0835481066804446,0.451213623545381,1.11022302462516e-16,1,SISTEM_SUDAH_IDEAL
1.22346454974102,16.7439098250745,1.9897523591331,33.6379750196979,0.428467692309841,46.7040843873054,1.06443142445789e-05,1,TURUNKAN_KP_ATAU_NAIKKAN_KD
46.1120578354262,8.25294300486446,2.28960321681769,13.350128149783,0.0784474504684692,0.309133948284282,4.88498130835069e-15,1,SISTEM_SUDAH_IDEAL
26.0074836621552,7.68180242533451,0.161486059952399,34.3816075495848,0.124609928945685,0.899436364175546,3.33066907387547e-16,1,TURUNKAN_KP_ATAU_NAIKKAN_KD
48.9242876765553,26.9633970243613,9.59210169820479,0.808235131338342,0.0813702233688136,0.0996785236267967,4.44089209850063e-16,1,SISTEM_SUDAH_IDEAL
42.3262948631197,11.4289580703551,0.896018520718789,30.8508898123067,0.0839880454760996,0.658860173261101,1.11022302462516e-16,1,TURUNKAN_KP_ATAU_NAIKKAN_KD
36.7368703925215,20.477207820563,4.35168828529941,3.16567738641962,0.0820777446495009,0.373883151241028,0,1,SISTEM_SUDAH_IDEAL
7.26018857913806,9.21315996033398,6.80316594528726,4.65541952281907,0.160803683663379,3.43213739519899,2.22044604925031e-16,1,SISTEM_SUDAH_IDEAL
25.2972522790123,22.0397143212147,6.48020233562405,2.04584354337496,0.0850828909061011,1.08402460786284,2.22044604925031e-16,1,SISTEM_SUDAH_IDEAL
3.49154957052096,29.8409231768583,1.81152662048934,31.2507941536021,0.268320311168155,8.7062772030183,1.11022302462516e-16,1,TURUNKAN_KP_ATAU_NAIKKAN_KD
23.1228067262293,16.8222434609749,6.56192827141443,1.86240455958755,0.0857078601773906,0.29269197956475,0,1,SISTEM_SUDAH_IDEAL
40.7109857749053,23.2909100549448,2.96572319282837,9.44637646777911,0.0805548214193842,0.381446903211214,2.22044604925031e-16,1,SISTEM_SUDAH_IDEAL
9.11185664466077,25.2574350252796,6.54456077148135,6.35552872446543,0.11923545065477,3.35523578975742,1.11022302462516e-16,1,SISTEM_SUDAH_IDEAL
30.4968940407318,14.3236752274312,6.11578903563123,1.10783591573189,0.0839452351371972,0.182024153968986,2.22044604925031e-16,1,SISTEM_SUDAH_IDEAL
19.0140702409701,25.9903261729291,4.80263756636362,3.8713896600487,0.0886764692379245,1.46788207872996,2.22044604925031e-16,1,SISTEM_SUDAH_IDEAL
23.1508826743761,9.04881347058682,5.54695947409279,1.15781649797273,0.0865121914847886,0.287268473477535,3.33066907387547e-16,1,SISTEM_SUDAH_IDEAL
28.898013615817,4.32583391901159,7.2122459695607,0.335442530773222,0.084302668079966,0.287604283793903,2.93765012315816e-13,1,SISTEM_SUDAH_IDEAL
10.1043439368539,8.38603304442268,6.98643664268975,3.13670566967392,0.103590723660711,3.16660973344593,1.11022302462516e-16,1,SISTEM_SUDAH_IDEAL
9.63021239488693,12.6578907702201,2.07688636302337,7.86474324486068,0.20551480273772,1.84549498029258,2.22044604925031e-16,1,SISTEM_SUDAH_IDEAL
7.03433141234647,24.4128234377061,3.28457147360187,12.0645283655133,0.216759840790691,2.83280979762598,2.22044604925031e-16,1,SISTEM_SUDAH_IDEAL
24.1292665889033,2.0097531260982,0.82046074754435,17.8662294498846,0.128973086296107,0.637174945931066,6.90036605632827e-09,1,SISTEM_SUDAH_IDEAL
15.9729612232497,9.43734715468143,3.38094587569704,2.53241667906547,0.142842845894841,1.56923362208126,1.11022302462516e-16,1,SISTEM_SUDAH_IDEAL
32.8015068339383,12.6066129703878,8.32084147011589,0.792469147410135,0.0833997429968649,0.229749102548176,2.22044604925031e-16,1,SISTEM_SUDAH_IDEAL
43.8107241702071,16.4907857346428,3.38014278984655,7.42260130914894,0.0793825557063507,0.348588780425263,1.11022302462516e-16,1,SISTEM_SUDAH_IDEAL
27.1991404904642,7.52170871115394,3.68172333656587,1.47170264236365,0.0870956569983835,0.166988281848541,1.11022302462516e-16,1,SISTEM_SUDAH_IDEAL
42.5858388340104,25.9578900557262,0.741125717815841,36.1693545275926,0.0838481876396667,0.696228216048881,2.22044604925031e-16,1,TURUNKAN_KP_ATAU_NAIKKAN_KD
47.3492414469171,0.459522391255646,0.792718334649773,31.6713733660268,0.0801398335933312,0.629373673402756,0.000148973660517027,1,TURUNKAN_KP_ATAU_NAIKKAN_KD
37.7922234488549,11.1859651024736,2.09425510310189,13.8254286213197,0.0836334069691824,0.364000357622918,0,1,SISTEM_SUDAH_IDEAL
41.9127536157614,25.7427722015431,7.72723636301003,1.07042563367401,0.0816982477375191,0.104435004595425,2.22044604925031e-16,1,SISTEM_SUDAH_IDEAL
17.5045788450727,29.0283118074514,3.25095849835848,5.98689214305224,0.124341036259992,1.27554104417782,0,1,SISTEM_SUDAH_IDEAL
28.3054287068403,6.64166774583823,5.87084346657244,0.59248267504477,0.0847409629229139,0.211212442921622,2.22044604925031e-16,1,SISTEM_SUDAH_IDEAL
15.9353642044825,21.1485563072202,0.717686666968491,24.3153169961687,0.15116611017639,1.19576969304356,1.11022302462516e-16,1,TURUNKAN_KP_ATAU_NAIKKAN_KD
4.65171928666099,5.54213414872449,1.92567693609002,10.1627632727369,0.432267740585315,2.95519553929646,1.11022302462516e-16,1,SISTEM_SUDAH_IDEAL
7.92365364277362,8.17086346082389,1.82718626453864,7.52860777741098,0.257912318011553,2.25791604210643,1.11022302462516e-16,1,SISTEM_SUDAH_IDEAL
1.86504968922561,2.12880534207569,0.224471732544604,27.7275544152036,0.661242385624159,5.16037748859469,1.11022302462516e-16,1,TURUNKAN_KP_ATAU_NAIKKAN_KD
30.7637315751203,8.12823099613512,4.69673811075302,0.701476200642626,0.0844074665470706,0.160177119643289,2.22044604925031e-16,1,SISTEM_SUDAH_IDEAL
8.88604623401464,24.3327966390509,0.193315810375214,49.5392912562948,0.193228210500048,1.74029817229886,1.11022302462516e-16,1,TURUNKAN_KP_ATAU_NAIKKAN_KD
25.7622921798197,27.532370761404,7.48218153830494,2.22110204034227,0.0845971801147727,1.24914468577311,1.11022302462516e-16,1,SISTEM_SUDAH_IDEAL
39.0822927496201,10.9641398844198,9.63155493098156,0.496400717199408,0.0826250544517529,0.191006777791062,0,1,SISTEM_SUDAH_IDEAL
17.8484273949757,26.2070972638917,7.34859734726765,3.30812805349703,0.0864628481191994,1.77632248398559,2.22044604925031e-16,1,SISTEM_SUDAH_IDEAL
21.2187908789539,15.4274489380582,3.35834400702654,2.73641927390227,0.108845040701942,1.1305614321393,3.33066907387547e-16,1,SISTEM_SUDAH_IDEAL
5.82791150525045,23.6026711786112,4.75335877910408,10.3528027291441,0.222995163114558,4.69758935814713,0,1,SISTEM_SUDAH_IDEAL
7.28147640173556,14.5936812298087,9.06938876165123,4.78936519683877,0.0877390539369658,3.16577589886897,2.22044604925031e-16,1,SISTEM_SUDAH_IDEAL
22.0790915208714,19.7264120148134,4.60565133380262,2.6476724837432,0.0877689191289208,1.27594752010115,0,1,SISTEM_SUDAH_IDEAL
5.89561886415766,10.473486769463,2.978382858107,9.45596635001331,0.3194520949285,3.64620418086934,0,1,SISTEM_SUDAH_IDEAL
0.352951866200141,4.99728619085246,8.7459107637577,11.0533239293037,0.0888806033044391,145.246212825579,0.00922425001116867,1,SISTEM_SUDAH_IDEAL
36.8546122980395,2.0969376324359,1.49226388946536,18.7032859833999,0.0868065062228948,0.453352757509352,1.00402301139724e-07,1,SISTEM_SUDAH_IDEAL
47.0807901679758,26.4280337103204,3.24672569269248,8.95259661306773,0.077825075275867,0.352000945997928,3.33066907387547e-16,1,SISTEM_SUDAH_IDEAL
23.2614102385574,21.534883138421,4.28449024673818,2.7786951608765,0.087676883338159,1.17513100559168,0,1,SISTEM_SUDAH_IDEAL
26.8970777379576,28.5085122520197,4.98041012677909,2.6945990627572,0.0852193138684917,1.05874182533399,0,1,SISTEM_SUDAH_IDEAL
40.9754697928408,22.0718187917727,1.58199178044396,21.1919927862093,0.0821519332995305,0.410382021910213,1.11022302462516e-16,1,TURUNKAN_KP_ATAU_NAIKKAN_KD
39.6812439928242,0.410500703519977,7.23489412615181,0,0.0822191349236175,0.142588554131162,0.000157954649882663,1,SISTEM_SUDAH_IDEAL
24.7221422119864,10.1221313880051,7.54816992708471,1.05216263010468,0.0850353184958977,0.34580134650441,0,1,SISTEM_SUDAH_IDEAL
35.4245568731692,13.276847765638,8.21593115989711,0.735647075102053,0.0829641075282574,0.189968398899482,1.11022302462516e-16,1,SISTEM_SUDAH_IDEAL
40.9013374380426,24.4851903514072,5.01060495965913,2.6773350914669,0.0808402178115636,0.320770739199978,1.11022302462516e-16,1,SISTEM_SUDAH_IDEAL
8.28603558225368,17.520684325115,9.09120242587574,4.69536548908955,0.0874852491729445,2.85985759658903,1.11022302462516e-16,1,SISTEM_SUDAH_IDEAL
14.5815162685293,10.6257006079648,3.29792939174904,3.22376764156218,0.152371135442047,1.80971912253668,0,1,SISTEM_SUDAH_IDEAL
36.4528524633871,20.9506814484815,2.7876691649993,9.34968386644899,0.0829651699914521,0.401726659580229,2.22044604925031e-16,1,SISTEM_SUDAH_IDEAL
43.4577402561459,2.5589839817165,0.683144892768113,34.0908402474267,0.0844119166594801,0.656865203176914,7.03287519332463e-08,1,TURUNKAN_KP_ATAU_NAIKKAN_KD
48.512643718846,18.7522564984661,7.70180394587373,0.642733929464678,0.0807727607484189,0.0989466319168131,0,1,SISTEM_SUDAH_IDEAL
7.36940792142554,9.41550113695761,0.00655746151659975,39.0902534035784,0.224883234191676,1.88447252472646,2.22044604925031e-16,1,TURUNKAN_KP_ATAU_NAIKKAN_KD
28.0728294393823,27.6636671503651,4.453218212924,2.74183968695758,0.0851810901447849,0.940865768174277,0,1,SISTEM_SUDAH_IDEAL
17.5632648405445,15.3918376289612,0.892814094993603,19.4980175698382,0.14677693974572,1.17688046747723,0,1,SISTEM_SUDAH_IDEAL
38.2891737100434,11.6517993600712,1.47842395558225,20.6373784220428,0.0851395950476604,0.424461929704199,1.11022302462516e-16,1,TURUNKAN_KP_ATAU_NAIKKAN_KD
19.3533533230961,8.17534225053293,2.99247314077264,1.80132032360436,0.127930166103114,0.198035283239809,2.22044604925031e-16,1,SISTEM_SUDAH_IDEAL
0.676641321521942,7.16627676074976,4.61893783322093,16.5675487663064,0.730762017667986,47.7051888777199,0.00014054592614221,1,SISTEM_SUDAH_IDEAL
7.14197898404523,11.2744516550758,4.52616535095838,6.5584644205235,0.249688022648096,2.70316823826045,2.22044604925031e-16,1,SISTEM_SUDAH_IDEAL
26.4422936006182,16.5419914751771,3.32373162056103,3.26449313582966,0.0880040543857335,0.650767121461265,0,1,SISTEM_SUDAH_IDEAL
10.847798818849,4.47378217083236,5.60457005959465,2.0134584370153,0.156250497994807,2.42853901721651,0,1,SISTEM_SUDAH_IDEAL
16.5319736566334,19.6102769057556,7.91405015937572,2.89432387414585,0.0865210266220564,2.03858813492064,0,1,SISTEM_SUDAH_IDEAL
40.6449623157137,20.4878480575412,2.8256465547581,10.0184661874206,0.0807178253120952,0.374068513070627,1.11022302462516e-16,1,SISTEM_SUDAH_IDEAL
26.1329959913829,16.5542862456094,4.81623782610574,1.76159103098821,0.0858963169133633,0.18331748624249,1.11022302462516e-16,1,SISTEM_SUDAH_IDEAL
7.22055356197888,10.2558598973548,8.64924385349127,4.28641510866152,0.0881598391551258,3.61034087668412,0,1,SISTEM_SUDAH_IDEAL
12.4376202338115,5.59422157768387,5.26295571715906,2.01810040270503,0.144057352169985,2.05189620899442,0,1,SISTEM_SUDAH_IDEAL
19.2303691126691,25.3298679413503,7.09010097583911,3.04785855610754,0.0862907432348531,1.68855466141297,1.11022302462516e-16,1,SISTEM_SUDAH_IDEAL
34.357137170291,9.29502202388167,0.144445598242661,44.3449889563966,0.107076154639348,1.13066181828945,2.22044604925031e-16,1,TURUNKAN_KP_ATAU_NAIKKAN_KD
16.2788520711282,22.4865611791701,2.23197530462774,7.37475588287291,0.14355592042117,1.26379236963176,0,1,SISTEM_SUDAH_IDEAL
47.8682033142832,0.466886722981866,8.12394252926098,0,0.0812250734277304,0.0995007149489697,0.000146083349582438,1,SISTEM_SUDAH_IDEAL
9.95631059247318,7.61764325509747,4.49654880438203,3.63097129854262,0.18563002668373,2.80943058238774,0,1,SISTEM_SUDAH_IDEAL
29.2330198523409,17.8111793492611,9.67002575154402,1.21090872327851,0.0838225070239517,0.294070305147525,0,1,SISTEM_SUDAH_IDEAL
23.9026092204015,18.6545274892892,6.17212056156403,1.98287368542829,0.0856656864181976,0.258543425225384,2.22044604925031e-16,1,SISTEM_SUDAH_IDEAL
30.978920948884,11.2214825714199,6.94572467374908,0.822627821561661,0.0837883503995617,0.20398478774744,1.11022302462516e-16,1,SISTEM_SUDAH_IDEAL
15.3338712909019,11.3638308337968,7.56654636498719,2.25805355002127,0.0871507166285056,2.19585224835585,4.44089209850063e-16,1,SISTEM_SUDAH_IDEAL
25.451265742872,18.4514705721419,4.02082613963748,2.27266878894801,0.0871159979015026,0.862271661350092,1.11022302462516e-16,1,SISTEM_SUDAH_IDEAL
9.99974342092069,15.1267424217725,4.70113903220981,5.49408633218682,0.171085993010168,2.25573367684356,0,1,SISTEM_SUDAH_IDEAL
7.06198744298122,14.0334136828868,4.79981882268547,7.1580317939173,0.229927436038015,2.51054010621548,2.22044604925031e-16,1,SISTEM_SUDAH_IDEAL
2.20800825905301,2.7386339551753,3.18396556729516,10.6917634422515,0.878661070058605,8.66082472903523,0,1,SISTEM_SUDAH_IDEAL
49.8682923681621,18.5512254319875,7.55775459090941,0.629305720145168,0.0805064140510819,0.0986203572125754,2.22044604925031e-16,1,SISTEM_SUDAH_IDEAL
13.9060937879954,16.0191469541424,0.225858113994707,34.7368019900291,0.162332713177186,1.34239212430916,3.33066907387547e-16,1,TURUNKAN_KP_ATAU_NAIKKAN_KD
41.274895287329,7.229081883142,6.52105495685749,0.315116574377816,0.08162538902128,0.099991101551068,6.21724893790088e-15,1,SISTEM_SUDAH_IDEAL
31.5455817208554,4.78968534763278,7.57103486605198,0.314835554903414,0.0837243438953419,0.252918846610976,2.01172412062078e-13,1,SISTEM_SUDAH_IDEAL
16.6918494484671,7.08841098093295,7.10776783575265,1.44393096882647,0.0872233238906741,0.552639609084136,3.33066907387547e-16,1,SISTEM_SUDAH_IDEAL
16.4637425989803,15.4542297434598,4.3211003385155,3.28485541911285,0.120344056561646,1.72390072784961,0,1,SISTEM_SUDAH_IDEAL
40.0396231991101,16.2859929686092,9.17835727988166,0.706623165010978,0.0823990349454398,0.164694211323401,1.11022302462516e-16,1,SISTEM_SUDAH_IDEAL
7.06372455002838,27.045209136533,2.76281582677139,14.2896327669501,0.212423825889557,2.53972456279249,2.22044604925031e-16,1,SISTEM_SUDAH_IDEAL
47.2842715181238,1.95123247748579,5.50987699845415,1.74816193280345,0.0799010589217973,0.0978787971792017,1.26716873882771e-07,1,SISTEM_SUDAH_IDEAL
0.705956056251333,4.200445072769,8.56040293323403,9.28987093791525,0.421202136623189,47.6776462657921,0.000105967576472743,1,SISTEM_SUDAH_IDEAL
32.0334801933469,24.8965091897801,6.99062327334005,1.58880736186817,0.0833706039929969,0.175449925499534,0,1,SISTEM_SUDAH_IDEAL
7.08928371138606,20.0681093364243,4.66677688505666,8.59004012447335,0.20813407539541,3.49917090582907,2.22044604925031e-16,1,SISTEM_SUDAH_IDEAL
46.397435381828,26.5541479908697,7.06960937897452,1.03423297632494,0.0806922653949772,0.098848025108847,2.22044604925031e-16,1,SISTEM_SUDAH_IDEAL
32.270123082948,7.69627515025878,7.0354748236979,0.522810598244505,0.0835573810185742,0.198719557561397,1.11022302462516e-16,1,SISTEM_SUDAH_IDEAL
36.8808321788396,22.9137713372925,3.94750582058551,4.49867379889397,0.0820080779045916,0.428029625591496,1.11022302462516e-16,1,SISTEM_SUDAH_IDEAL
3.21375802314924,21.007760285638,3.95614653065673,15.3752447860421,0.322408963975305,9.10239961264271,2.22044604925031e-16,1,SISTEM_SUDAH_IDEAL
41.8792877761026,7.3266920120484,9.61214397003152,0.283075453586745,0.0823224245067202,0.169819147631638,4.66293670342566e-15,1,SISTEM_SUDAH_IDEAL
45.4362538719942,9.56179639963564,7.6724475046119,0.345965838281947,0.0813134953791086,0.099609031839408,2.22044604925031e-16,1,SISTEM_SUDAH_IDEAL
37.8704727314473,17.8962999482318,1.42727832185442,21.9897143093245,0.0854608876303356,0.408498727802373,1.11022302462516e-16,1,TURUNKAN_KP_ATAU_NAIKKAN_KD
2.44532559747564,25.8898413740861,5.92463066714511,12.680922374608,0.266045407042382,14.6752387803092,1.98986049859684e-10,1,SISTEM_SUDAH_IDEAL
4.08251849522126,7.41333622259534,8.46979450166088,5.69997222268908,0.113650201204426,7.50508748409765,1.11022302462516e-15,1,SISTEM_SUDAH_IDEAL
3.71451621658367,24.4372588772326,8.84313548710428,7.90894990054531,0.0885639088953245,9.8403615723751,7.90922882742962e-13,1,SISTEM_SUDAH_IDEAL
18.6122311003352,24.0103431087381,8.10674714668735,2.84235894750282,0.0859139499070692,1.82635264436301,1.11022302462516e-16,1,SISTEM_SUDAH_IDEAL
9.02752217918932,20.8288105858031,6.60977176617282,5.81950244732417,0.122473137752457,2.29662103816987,2.22044604925031e-16,1,SISTEM_SUDAH_IDEAL
49.6031271799384,11.5054425639889,7.30505181481838,0.44282787251726,0.0804848185841914,0.0985939027656345,0,1,SISTEM_SUDAH_IDEAL
3.90996447141688,2.23878472213239,5.34884979602282,4.50007454593577,0.565307923166729,6.36928385551203,2.22044604925031e-16,1,SISTEM_SUDAH_IDEAL
19.3422166751418,11.2567805409097,9.72919674204315,1.50558162401775,0.0852989456746081,0.512850204288288,3.33066907387547e-16,1,SISTEM_SUDAH_IDEAL
35.7537456373154,10.3767332577462,2.43755037201071,10.4125611881425,0.0842975225404745,0.376346871290633,2.22044604925031e-16,1,SISTEM_SUDAH_IDEAL
37.8828962760222,26.5465410213396,3.4657302878818,6.72688133927817,0.0816142763340566,0.447519621436935,1.11022302462516e-16,1,SISTEM_SUDAH_IDEAL
3.77071870322894,16.5838072792731,4.16689418107301,12.6922788303121,0.336031618838063,7.07177588394261,2.22044604925031e-16,1,SISTEM_SUDAH_IDEAL
11.3236886234767,14.34684273726,4.99305184989684,4.52458213376241,0.152304758538739,2.26953568721337,0,1,SISTEM_SUDAH_IDEAL
30.2456842688592,8.57407863556656,5.39570602664134,0.706240233806787,0.0842851294226519,0.17569878717437,2.22044604925031e-16,1,SISTEM_SUDAH_IDEAL
26.0756145519695,14.3457380879377,5.80958470996604,1.43664186281935,0.0852898062706445,0.22104682451322,2.22044604925031e-16,1,SISTEM_SUDAH_IDEAL
19.6417816053049,27.6168256687064,6.76390428139623,3.22991029406006,0.0863496396543269,1.60915558234069,3.33066907387547e-16,1,SISTEM_SUDAH_IDEAL
14.6732811467726,28.908891803812,0.16388466179857,44.7527070779041,0.151790747393356,1.27422386011143,0,1,TURUNKAN_KP_ATAU_NAIKKAN_KD
11.2033499747354,24.8618073730761,7.78836771694497,4.80657315139463,0.0877845362921294,2.17838133103468,2.22044604925031e-16,1,SISTEM_SUDAH_IDEAL
15.2358248616813,25.9457324348919,9.27323249348823,3.39053696796761,0.0859898228539561,2.089946796286,2.22044604925031e-16,1,SISTEM_SUDAH_IDEAL
37.6731805998146,13.2687446126875,5.42609244978437,0.935700020526231,0.0820440835699159,0.114572669387706,2.22044604925031e-16,1,SISTEM_SUDAH_IDEAL
43.8552853964829,29.3240843231419,5.95547561074026,1.76184749867905,0.0805230991514374,0.0986407964605108,0,1,SISTEM_SUDAH_IDEAL
29.4245245685089,26.490061227298,7.91177036383089,1.77155236387816,0.0838317905361808,0.219837034845864,1.11022302462516e-16,1,SISTEM_SUDAH_IDEAL
25.7153843016332,16.4973654615576,6.39516306766381,1.59216385001357,0.0850956564115044,0.248568059617332,2.22044604925031e-16,1,SISTEM_SUDAH_IDEAL
16.6572958474944,9.86439749361596,1.48411268391866,8.40246430934346,0.15176269796706,1.14889079165924,4.44089209850063e-16,1,SISTEM_SUDAH_IDEAL
36.4573532930759,11.0741686989337,6.06424635842114,0.648429639102943,0.0825050222692519,0.137157273254643,2.22044604925031e-16,1,SISTEM_SUDAH_IDEAL
0.441930360008735,4.16745838665059,9.64326718600994,9.38682293231352,0.0883560420484829,86.3316489149787,0.00431188346818123,1,SISTEM_SUDAH_IDEAL
36.1234335354536,27.4603601450285,7.27895042700198,1.43498854488426,0.0825548812234201,0.146568175651061,1.11022302462516e-16,1,SISTEM_SUDAH_IDEAL
24.9844569340505,19.1194554491186,4.84723514908553,2.12368024506662,0.0862606082301646,0.966849675152977,1.11022302462516e-16,1,SISTEM_SUDAH_IDEAL
20.6818286532997,8.21447628401735,8.84744995265374,1.10549095273633,0.0854119044819893,0.49255002917773,2.22044604925031e-16,1,SISTEM_SUDAH_IDEAL
45.3618916130175,13.7317368939363,4.19483856433989,4.66778781238553,0.0793017989728124,0.309434173989616,0,1,SISTEM_SUDAH_IDEAL
27.6787378717309,23.7118943254284,0.587274986605592,29.6525598855442,0.115758670270958,0.895425793915896,1.11022302462516e-16,1,TURUNKAN_KP_ATAU_NAIKKAN_KD
23.3889892742062,23.2362789364631,7.04232651065078,2.27436705095363,0.0853240721080819,1.37114302513242,2.22044604925031e-16,1,SISTEM_SUDAH_IDEAL
33.9172669823223,23.2684960311949,4.54739615219013,2.27745529095436,0.0829959525593816,0.430445961342685,1.11022302462516e-16,1,SISTEM_SUDAH_IDEAL
11.3876024923373,28.0901383221665,6.2282138266756,5.7902410004566,0.103783874964608,1.88232942666054,2.22044604925031e-16,1,SISTEM_SUDAH_IDEAL
36.7661957463878,25.0918162835983,5.94530009286183,1.45777500600257,0.0821907249929304,0.120765027812568,1.11022302462516e-16,1,SISTEM_SUDAH_IDEAL
19.8393981599793,18.5467536467599,6.77166973296173,2.42111581740942,0.0864397603288389,1.64226898028205,0,1,SISTEM_SUDAH_IDEAL
0.966039342779945,22.1681431643127,0.547025776535461,999,999,999,1,0,TURUNKAN_KP_DAN_KI
12.262778899757,21.8726269237456,4.36224435569103,5.85053091212524,0.147314721484382,1.78795339498026,1.11022302462516e-16,1,SISTEM_SUDAH_IDEAL
0.174643908864291,6.58433525623432,3.88089818893286,3.22763289394161,1.49662972985578,149.78521699531,0.177360384684631,1,NAIKKAN_KP_ATAU_NAIKKAN_KI
36.3176992948826,23.0130548431911,2.40688559954776,12.0570755467171,0.083565613695046,0.396385793242415,0,1,SISTEM_SUDAH_IDEAL
1.87393757630901,28.5689805775167,5.30484209985167,15.1606332839117,0.288796621300572,22.2247173986489,2.3262885173736e-08,1,SISTEM_SUDAH_IDEAL
8.12098742140401,10.8825933061978,2.77613680208874,7.31240245738309,0.245207234801354,2.24659515415606,0,1,SISTEM_SUDAH_IDEAL
29.1351855060029,19.2259776292525,1.18886968499292,20.5740833896942,0.107731959977033,0.416125349348965,3.33066907387547e-16,1,TURUNKAN_KP_ATAU_NAIKKAN_KD
1.66461588156844,14.4250265407157,1.54103301809375,35.5347286916979,0.427491130010391,18.630605859183,2.1485035972546e-12,1,TURUNKAN_KP_ATAU_NAIKKAN_KD
46.4300222758079,12.3668667695369,4.03843980043636,5.16438314010765,0.0788892487119772,0.306114525951524,0,1,SISTEM_SUDAH_IDEAL
7.75863935727132,26.2519912537409,8.77335566747687,5.83619262790946,0.0877280506141954,4.00378551752437,1.11022302462516e-16,1,SISTEM_SUDAH_IDEAL
4.74223474861062,9.977772664426,6.93491866368946,6.5773036685965,0.223422047363024,5.95282309862326,2.22044604925031e-16,1,SISTEM_SUDAH_IDEAL
8.64478837911403,10.3776748745795,3.65070967053021,5.77476672966382,0.226790784984076,2.48707487904774,0,1,SISTEM_SUDAH_IDEAL
17.1830164155776,27.4616313664177,1.71213743884432,11.9900426376919,0.140333726558839,1.02991495929305,3.33066907387547e-16,1,SISTEM_SUDAH_IDEAL
9.76867055313681,28.9863488712947,4.61039454334853,8.15203166881258,0.158292988732105,2.72072375031438,2.22044604925031e-16,1,SISTEM_SUDAH_IDEAL
36.8439141054565,2.60386043090352,2.15335461216343,12.1180290011151,0.0844715192607965,0.354279890283661,2.17477984509884e-08,1,SISTEM_SUDAH_IDEAL
28.6284956119436,9.7069824505199,9.57257841426681,0.749876610753231,0.0839919859590924,0.342465895678748,1.11022302462516e-16,1,SISTEM_SUDAH_IDEAL
29.6196749159517,3.60425436145486,2.76718396567295,5.19835205251316,0.0878502684101578,0.373095837522763,2.74646971831771e-11,1,SISTEM_SUDAH_IDEAL
7.38325472810331,21.5741925416384,7.55145537055251,6.23167678042997,0.09837890825588,4.09935053503023,0,1,SISTEM_SUDAH_IDEAL
42.4963074684324,4.82629707011638,4.2693028532815,3.58616798679421,0.080426918293551,0.279524839415519,6.03797012388441e-11,1,SISTEM_SUDAH_IDEAL
40.1828621092923,6.19153594304429,6.56937438648436,0.271671589503919,0.0818765206284687,0.114600245394229,1.49213974509621e-13,1,SISTEM_SUDAH_IDEAL
14.6079448389431,20.5740654849111,3.0879215248787,5.69177350889267,0.147081916052385,1.52648790017677,2.22044604925031e-16,1,SISTEM_SUDAH_IDEAL
47.2350102630552,7.16730974919484,6.98779840616269,0.317643539986601,0.0807412148540829,0.0989079881962515,1.91846538655227e-13,1,SISTEM_SUDAH_IDEAL
7.09599180864152,13.3554567387675,6.46045858422411,5.82223225869152,0.169916497160822,2.88656110826973,0,1,SISTEM_SUDAH_IDEAL
4.35587817020997,15.3604158320389,2.49177377290097,16.1998124316697,0.330362568206471,4.65332275664501,0,1,SISTEM_SUDAH_IDEAL
18.8642308471437,17.6907177109224,9.95182511804146,2.09490677729354,0.0852344444790738,1.86356607864753,1.11022302462516e-16,1,SISTEM_SUDAH_IDEAL
2.01757729748078,7.97055313302204,3.02191148972522,17.0413039939964,0.584208646871433,11.3850030077278,8.88178419700125e-16,1,SISTEM_SUDAH_IDEAL
10.4071604307615,19.0109939851303,7.15582397847856,4.72617626097305,0.0887203164679325,2.39415581400974,1.11022302462516e-16,1,SISTEM_SUDAH_IDEAL
26.8751445180636,2.23846509150137,1.53359504290199,11.6810342606087,0.114792626900822,0.40773501482915,6.10012729218568e-09,1,SISTEM_SUDAH_IDEAL
34.2828829819131,10.0134267683241,8.41984853401868,0.589317406953072,0.083194357169305,0.219331006621158,2.22044604925031e-16,1,SISTEM_SUDAH_IDEAL
47.4996103696118,22.5505165928754,0.271897132794073,47.58611931153,0.0814168389117737,1.00092324544432,1.11022302462516e-16,1,TURUNKAN_KP_ATAU_NAIKKAN_KD
37.3049874109345,10.1026747081269,8.01352241554071,0.518773322391208,0.0826738105091771,0.17330666345491,4.44089209850063e-16,1,SISTEM_SUDAH_IDEAL
8.44515659775213,19.1006443572167,1.43241723221395,15.7570393179249,0.212076523611026,1.34703049543512,2.22044604925031e-16,1,SISTEM_SUDAH_IDEAL
41.1056013162097,5.35443302471257,1.79376325350282,16.9241488554168,0.0821667920111031,0.334506689872593,6.56719123526273e-12,1,SISTEM_SUDAH_IDEAL
7.68379492416797,13.038657683352,8.8000025801773,4.47931143100384,0.0878934487281881,3.24835337651738,1.11022302462516e-16,1,SISTEM_SUDAH_IDEAL
25.0759962447887,17.0403983539002,0.875586815063482,21.1244915919576,0.121970214668846,0.913472550898263,0,1,TURUNKAN_KP_ATAU_NAIKKAN_KD
22.2977721818158,21.1371359196716,9.81805703472202,1.94539306993691,0.0847369021259692,0.379783373765165,2.22044604925031e-16,1,SISTEM_SUDAH_IDEAL
18.0054199729118,3.45955224995314,2.60124943167344,0.986247600796775,0.142092771520902,0.218441541239885,1.11022302462516e-15,1,SISTEM_SUDAH_IDEAL
49.8639916764906,25.1249796517567,7.50067727239643,0.861211805700224,0.0804053142566322,0.0984965099643744,1.11022302462516e-16,1,SISTEM_SUDAH_IDEAL
38.3275617615862,29.2710974979375,8.83578855145905,1.27847219315282,0.0824472422482825,0.156305428936591,2.22044604925031e-16,1,SISTEM_SUDAH_IDEAL
32.1456822378768,27.1376201851699,8.10720654445894,1.58880678641395,0.0833408389664119,0.193682327318006,0,1,SISTEM_SUDAH_IDEAL
30.4019533598605,25.7205552740149,1.56899350931274,17.7569237834471,0.0977379014898347,0.441398638098264,0,1,SISTEM_SUDAH_IDEAL
16.2706417149695,15.1941999175795,3.93267637172327,3.4364706970607,0.129105756617383,1.68936177015608,0,1,SISTEM_SUDAH_IDEAL
14.1353301727292,26.6540954549088,3.05931525115947,7.24724638972358,0.146287924737562,1.38268210397773,2.22044604925031e-16,1,SISTEM_SUDAH_IDEAL
41.4531442212895,5.49345283448204,8.51052390822192,0.206882019144627,0.0821906679677114,0.150456883138978,3.2218672174622e-12,1,SISTEM_SUDAH_IDEAL
14.9035486856143,0.934964838098004,3.70988524492556,0.153628700536879,0.153683306330227,0.525360937184597,1.26324320781634e-07,1,SISTEM_SUDAH_IDEAL
19.358807332492,25.6955843673378,9.22538973616711,2.66524592837154,0.0853127029948825,1.83090609261573,2.22044604925031e-16,1,SISTEM_SUDAH_IDEAL
12.9378123947561,17.3487814435755,3.27274680810468,5.53916428860128,0.158870709308889,1.73581291457073,2.22044604925031e-16,1,SISTEM_SUDAH_IDEAL
23.8295167144714,22.2928115568357,6.70820867625192,2.20620681290595,0.0853664298192908,1.29110637970269,0,1,SISTEM_SUDAH_IDEAL
3.29453538774476,27.0546625990019,7.20924830693746,9.98532586546961,0.178078531766228,10.4706699025311,2.92099677778879e-13,1,SISTEM_SUDAH_IDEAL
22.2647363784934,5.17054425219349,4.15939869995554,0.763778025304984,0.0888479500227529,0.231742719276183,0,1,SISTEM_SUDAH_IDEAL
0.135777415876381,16.3962423689665,5.64302836009085,999,999,999,1,0,TURUNKAN_KP_DAN_KI
3.35336105895703,11.6008131918144,5.0496490332552,10.4687842807118,0.38802174461591,7.21490062316521,0,1,SISTEM_SUDAH_IDEAL
43.528637134001,22.4553780354901,7.45714045254549,0.909872329386907,0.0813829849255201,0.0996941565337621,1.11022302462516e-16,1,SISTEM_SUDAH_IDEAL
42.496865375715,7.11298575322883,3.37529562273883,6.63694824780601,0.0801337293283806,0.324962307095575,2.66453525910038e-14,1,SISTEM_SUDAH_IDEAL
48.3065466959483,4.30540228620866,1.03534133848662,27.5709366671241,0.0784970443090463,0.606034007321034,1.64156110926683e-09,1,TURUNKAN_KP_ATAU_NAIKKAN_KD
45.5322954140079,3.45558101579601,7.44369309377401,0.0806469581758673,0.0812744547595403,0.0995612070804369,8.72793437523001e-09,1,SISTEM_SUDAH_IDEAL
36.3332347288084,3.6666191648586,9.84905877254281,0.154878661340629,0.0830368534866219,0.257756564789842,3.29749783034572e-10,1,SISTEM_SUDAH_IDEAL
10.5072153452304,7.49231018941741,4.86239628358987,3.2475942841347,0.173442369070077,2.79883031577194,0,1,SISTEM_SUDAH_IDEAL
14.7372009399222,21.4949602146323,5.74191996709191,4.09481335114714,0.093003298892639,1.88208217270489,0,1,SISTEM_SUDAH_IDEAL
35.651262930581,3.02435080657908,3.1387604307437,5.77586231978025,0.0835244909134358,0.339639407653209,3.68675467932178e-09,1,SISTEM_SUDAH_IDEAL
46.5143736524865,26.7879076408386,5.98705361456502,1.93724203536452,0.0800269864467738,0.0980330583972979,2.22044604925031e-16,1,SISTEM_SUDAH_IDEAL
24.932334971005,24.7710522614882,8.1578107914187,2.06010004321591,0.0846459558502065,1.24821354981873,1.11022302462516e-16,1,SISTEM_SUDAH_IDEAL
7.16014357656701,18.1399157530572,7.90571390123187,5.75969783319559,0.0887887118466569,4.45396247082627,0,1,SISTEM_SUDAH_IDEAL
37.5292832383512,0.294670821763985,1.93401719156516,14.0326260376709,0.084623478747776,0.347541823874176,0.000264193886837738,1,SISTEM_SUDAH_IDEAL
19.3396419982096,13.1627162767222,8.92295834016662,1.7426386931652,0.0855638864383691,0.469975381860461,0,1,SISTEM_SUDAH_IDEAL
46.6142830698629,18.0709395240511,7.28975800795655,0.679415206601819,0.0808667470059123,0.0990617650822425,0,1,SISTEM_SUDAH_IDEAL
44.8182463541484,10.8551754063571,2.03689130268915,15.5955040259393,0.0792126989908972,0.31974422690294,1.11022302462516e-16,1,SISTEM_SUDAH_IDEAL
26.6140540332238,27.8160960362331,2.09948828518869,10.4922130247212,0.101963684582434,0.706059825692103,2.22044604925031e-16,1,SISTEM_SUDAH_IDEAL
49.2009217201633,12.4909153605916,2.68663446255055,11.1010929288159,0.0769544782427197,0.299021383070471,1.11022302462516e-16,1,SISTEM_SUDAH_IDEAL
36.6369632176841,16.0233008617967,3.75113415580673,4.63169450144385,0.082316734703621,0.377316988187965,0,1,SISTEM_SUDAH_IDEAL
19.220299967876,6.51478396170818,8.45147382112809,1.02995990774306,0.0858582239723235,0.543932941208527,4.44089209850063e-16,1,SISTEM_SUDAH_IDEAL
3.68697465400095,10.875581862696,1.09586863933308,25.1457704485312,0.364645856549078,4.23645643495423,0,1,TURUNKAN_KP_ATAU_NAIKKAN_KD
45.7790254583613,1.21525537088146,2.27929387166302,12.8257534990575,0.0788288856843251,0.299488480580859,5.10584477608766e-06,1,SISTEM_SUDAH_IDEAL
17.6618860816712,26.729478251609,4.83962302945169,4.26033669528076,0.0937705314744207,1.51929032796914,1.11022302462516e-16,1,SISTEM_SUDAH_IDEAL
10.5706697224286,9.54459642216785,8.99285735385993,2.85903247975161,0.0872022723772934,3.26289730153655,2.22044604925031e-16,1,SISTEM_SUDAH_IDEAL
0.449349689255674,5.2165811974635,7.67738873239282,10.5869149500717,0.685800504748163,81.9038076297154,0.00399464138474404,1,SISTEM_SUDAH_IDEAL
8.8785403801747,15.2201937633188,2.93802360292034,8.0534446497315,0.209522524167993,1.93573225084821,4.44089209850063e-16,1,SISTEM_SUDAH_IDEAL
43.7625200722491,24.7045291856726,9.98822035155532,0.868573738831024,0.0820305474908668,0.137016692454077,1.11022302462516e-16,1,SISTEM_SUDAH_IDEAL
18.8271543415251,15.242835393235,7.48498589366762,2.15274394018476,0.0863092600965224,1.71846280287009,0,1,SISTEM_SUDAH_IDEAL
20.0957573256255,27.949654607307,4.27685926765233,4.12004296232829,0.0913252052838535,1.33552833321487,2.22044604925031e-16,1,SISTEM_SUDAH_IDEAL
2.21096473580017,4.72659121588132,3.61351717681785,12.2263022180073,0.713678394100573,9.84016563876876,2.22044604925031e-16,1,SISTEM_SUDAH_IDEAL
3.04269459184568,25.3008109370598,8.89983755622639,8.40920078904137,0.08864539745042,11.9006182722574,1.65705227317403e-10,1,SISTEM_SUDAH_IDEAL
3.04471235916927,6.07477623410178,0.873696666108087,23.2651950656977,0.463995555921134,3.88354877463394,0,1,TURUNKAN_KP_ATAU_NAIKKAN_KD
28.7536458240444,13.1097069850326,0.888124173215159,23.4491978017536,0.112967106803271,0.804655697666731,2.22044604925031e-16,1,TURUNKAN_KP_ATAU_NAIKKAN_KD
38.8861599068141,22.0178213709395,1.45227386857227,22.4615334401796,0.0842772770967841,0.416703845250066,1.11022302462516e-16,1,TURUNKAN_KP_ATAU_NAIKKAN_KD
30.8914257362386,23.9462033680134,8.20231043902685,1.5119048793292,0.0835898436818717,0.217222170499443,3.33066907387547e-16,1,SISTEM_SUDAH_IDEAL
18.5312665975674,24.2981067577702,0.60680020423148,30.2602338264228,0.140249179575434,1.13369192135587,2.22044604925031e-16,1,TURUNKAN_KP_ATAU_NAIKKAN_KD
4.63754137339156,24.1675692570622,5.46980919566268,10.5776671259054,0.229764987371655,6.51311583968907,0,1,SISTEM_SUDAH_IDEAL
44.8562121367442,5.60576284767567,8.32460573908841,0.179568606217395,0.081668314413052,0.103605626714383,9.51638767787699e-12,1,SISTEM_SUDAH_IDEAL
3.2319886710649,18.0008867354666,0.600721266080804,50.6562831086898,0.30866322748522,7.45715551847754,0,1,TURUNKAN_KP_ATAU_NAIKKAN_KD
11.7766455313951,6.59119059435802,2.59250380460217,3.19646471688952,0.181076384273936,2.1030223523221,0,1,SISTEM_SUDAH_IDEAL
30.0642580871519,20.8474619511117,9.22127964308747,1.3421006971315,0.0837092323782015,0.264217256765102,2.22044604925031e-16,1,SISTEM_SUDAH_IDEAL
32.8787733462625,19.0093007267861,4.0179813929328,3.00388263717422,0.0837016357551566,0.427374141859119,3.33066907387547e-16,1,SISTEM_SUDAH_IDEAL
17.9920998352544,13.6196279848472,8.38933580444433,2.00751788753699,0.0860388807768312,1.69727095522172,0,1,SISTEM_SUDAH_IDEAL
19.6006709302898,26.690279199298,8.11448379649953,2.87464024768567,0.0856732398083811,1.72944916661659,2.22044604925031e-16,1,SISTEM_SUDAH_IDEAL
41.2125828730599,25.9468565324951,3.3874464732438,7.63775226050323,0.0802157666938802,0.390419213805583,0,1,SISTEM_SUDAH_IDEAL
3.26319426409809,8.00587637860479,0.925699514987907,25.1540800266419,0.416235153137834,4.60930555487234,1.11022302462516e-16,1,TURUNKAN_KP_ATAU_NAIKKAN_KD
33.6654995704755,28.3474634571445,6.56308816159899,1.71555709788755,0.0829498663113371,0.151816309226579,2.22044604925031e-16,1,SISTEM_SUDAH_IDEAL
20.9180050882749,7.24819080157656,3.50991432832415,1.28893223530631,0.111225652496124,0.199047127757891,2.22044604925031e-16,1,SISTEM_SUDAH_IDEAL
35.0870207238494,14.6615104442722,8.20372499255613,0.821186010640318,0.0830017768258544,0.1904297493932,3.33066907387547e-16,1,SISTEM_SUDAH_IDEAL
16.59816591606,2.82202385065724,8.31761747601366,0.592036277106578,0.0864969185223709,0.720926305782695,5.10702591327572e-15,1,SISTEM_SUDAH_IDEAL
21.4338775869187,7.70849074021003,6.05892642557118,1.10186694481602,0.0866799195966134,0.367279498419326,1.11022302462516e-16,1,SISTEM_SUDAH_IDEAL
28.9562652414552,28.8434014240279,0.633784441506314,31.4735728577227,0.111592361697273,0.877814049157457,3.33066907387547e-16,1,TURUNKAN_KP_ATAU_NAIKKAN_KD
36.071703460972,27.0602839747329,1.95184184542984,16.3720709038481,0.084683483073504,0.389393386565388,2.22044604925031e-16,1,SISTEM_SUDAH_IDEAL
44.9833966186711,24.6481731512218,6.65945381323852,1.06866700024266,0.0807464709428919,0.0989144269050426,0,1,SISTEM_SUDAH_IDEAL
32.9338012049537,16.0662533947548,1.48039406542768,18.9080855299978,0.0927976702336792,0.385337216801174,4.44089209850063e-16,1,SISTEM_SUDAH_IDEAL
30.8686324769333,11.2174464197134,4.38732996175382,1.24311815904707,0.084478969671376,0.152728500511568,0,1,SISTEM_SUDAH_IDEAL
30.0582473511069,26.339065034854,1.15913419416761,23.0014419935454,0.104201809619629,0.808250485357169,3.33066907387547e-16,1,TURUNKAN_KP_ATAU_NAIKKAN_KD
49.3869770441911,25.7176340788185,4.41606147265157,5.05939076271655,0.0780950357369558,0.33319857910251,0,1,SISTEM_SUDAH_IDEAL
41.6809890075571,8.77934527139146,5.10935901808601,1.88472757281939,0.0809421045849111,0.0991540781165161,2.22044604925031e-16,1,SISTEM_SUDAH_IDEAL
37.6618583020755,11.4097989679625,2.66266942314067,9.59356987959266,0.0827222353194933,0.369565294774016,0,1,SISTEM_SUDAH_IDEAL
13.230196060888,17.478731411623,4.4312053108434,4.61028916703821,0.141965216009216,1.91368339293496,0,1,SISTEM_SUDAH_IDEAL
22.4239316220779,29.3609408227654,7.9136094554561,2.65986640540521,0.0851414642542927,1.52275015712167,2.22044604925031e-16,1,SISTEM_SUDAH_IDEAL
10.6736222826734,28.4571245394269,0.585511461756274,34.8035508692714,0.174540022934335,1.2330410389466,0,1,TURUNKAN_KP_ATAU_NAIKKAN_KD
1.29740243775289,6.25453261260197,2.94285371021574,19.4152180531014,0.721996040089367,17.8279865538197,2.39081976438626e-10,1,SISTEM_SUDAH_IDEAL
18.4014171512586,25.5019254934437,9.41759228807027,2.76026886731084,0.0854054489205088,1.91347861146784,0,1,SISTEM_SUDAH_IDEAL
3.28997121640575,12.2872868181152,9.47448788352265,6.72244166387506,0.0882290570811036,9.16336026182178,1.07787112568758e-11,1,SISTEM_SUDAH_IDEAL
11.2430307496275,1.42697609425886,0.0722300874743897,25.0419838418488,0.199956419307195,1.24955558856452,3.78810316448153e-11,1,TURUNKAN_KP_ATAU_NAIKKAN_KD
11.0984013502423,20.2032268205845,1.31854989652384,14.8000947407476,0.176953294632294,1.2152805566305,2.22044604925031e-16,1,SISTEM_SUDAH_IDEAL
35.3173697365809,11.5465645028781,3.62163503410741,4.42454054115493,0.0830616339704562,0.360706817135861,0,1,SISTEM_SUDAH_IDEAL
48.2299506609424,2.62706763202785,2.55660876251761,11.176952572819,0.0775763684413893,0.295092011897216,9.58599810640948e-08,1,SISTEM_SUDAH_IDEAL
20.7308881371934,21.1178475989098,7.4797848497825,2.40341807241997,0.0857867423702204,1.62173165385557,1.11022302462516e-16,1,SISTEM_SUDAH_IDEAL
1.97183611420753,23.44031524609,3.16967910740484,22.3513674402785,0.347354778980469,18.6498756752301,5.74641667583364e-10,1,TURUNKAN_KP_ATAU_NAIKKAN_KD
20.8210855997212,2.63709668864838,3.49375779722459,0.401417947521931,0.114293385398554,0.223137535529337,1.6011636461144e-11,1,SISTEM_SUDAH_IDEAL
6.57117805031249,9.12981608515807,9.46217354716618,4.15766407280211,0.0876413698841713,4.00299409430793,0,1,SISTEM_SUDAH_IDEAL
38.6064049771582,24.6392186261427,1.1478253101169,27.3529097059371,0.0857931690059472,0.704874680307531,1.11022302462516e-16,1,TURUNKAN_KP_ATAU_NAIKKAN_KD
10.2655325951776,17.7779478994451,0.106912757564572,43.3678695114371,0.187143314161173,1.55725649641774,0,1,TURUNKAN_KP_ATAU_NAIKKAN_KD
13.6906588292115,19.8270412886167,2.00749943817415,8.34977837969637,0.1596181996167,1.36696993025508,2.22044604925031e-16,1,SISTEM_SUDAH_IDEAL
34.38612246871,3.2185773931661,4.46994972411219,1.28870804623633,0.0832734314306539,0.136993722667577,1.13914633281809e-09,1,SISTEM_SUDAH_IDEAL
6.4519976568686,15.5932374849995,2.56774164943503,11.8948719765813,0.265210545717145,3.09905011533092,2.22044604925031e-16,1,SISTEM_SUDAH_IDEAL
8.09653862134368,12.6514491481397,5.58692031556859,5.52086525319067,0.182487076010318,2.72367755881278,0,1,SISTEM_SUDAH_IDEAL
15.1330054887908,22.0673712184739,3.40174651164455,5.41509167734204,0.139630619273509,1.51932252950491,1.11022302462516e-16,1,SISTEM_SUDAH_IDEAL
2.33461567125128,12.245559939683,3.2218135106595,17.4090892883314,0.461705727728037,11.0755817422875,6.66133814775094e-16,1,SISTEM_SUDAH_IDEAL
18.0157126355102,1.62658645218959,7.48507645380094,0.247436255133371,0.0867019104124222,0.658596761239523,2.51992604560769e-09,1,SISTEM_SUDAH_IDEAL
4.08688001951112,8.77629116419306,4.16568365953175,9.55521188375652,0.417710315732485,5.2824477691276,0,1,SISTEM_SUDAH_IDEAL
35.089085187322,6.87282994224394,7.9898259841103,0.384921489629897,0.083072431847728,0.198619307102411,2.22044604925031e-16,1,SISTEM_SUDAH_IDEAL
38.1396655216103,10.2225845539388,2.3103188813534,12.0499033233834,0.0829963580838484,0.362776292402588,0,1,SISTEM_SUDAH_IDEAL
35.5390782226224,12.1934060134375,9.44984859094328,0.650134607566599,0.0830428274898952,0.227695314310999,4.44089209850063e-16,1,SISTEM_SUDAH_IDEAL
32.7843854104023,3.10212401709496,7.80797945837446,0.157679018344625,0.0835102540891182,0.248733404437922,9.2376506444225e-10,1,SISTEM_SUDAH_IDEAL
34.9734276676067,3.23338718973806,2.06342177554503,12.2320605696469,0.0861020428118968,0.36421365671264,1.40419786909263e-09,1,SISTEM_SUDAH_IDEAL
46.7738928730344,6.14118320765571,0.405270759714692,41.4343072528241,0.0822554018583252,0.809724373007571,5.40634204071466e-12,1,TURUNKAN_KP_ATAU_NAIKKAN_KD
27.2199740147541,0.131469882004711,5.75896721218803,0,0.0851737217589692,0.263976576076336,0.000629973178658982,1,SISTEM_SUDAH_IDEAL
22.4069567391054,25.3953538612751,5.93416697165125,2.79122766119875,0.0861411167310717,1.39570276956982,0,1,SISTEM_SUDAH_IDEAL
2.76467633879929,20.6277590673473,1.28639296226372,37.7551386027253,0.323211018594443,10.4571893979072,3.33066907387547e-16,1,TURUNKAN_KP_ATAU_NAIKKAN_KD
47.1759042723905,1.1694209081167,7.0545329082248,0.0752483499474987,0.0808561962522191,0.0990488404089684,7.33467211855299e-06,1,SISTEM_SUDAH_IDEAL
38.3916421088024,21.0344614412313,3.94765471955522,4.70057991632791,0.0814663147827217,0.389751077432153,0,1,SISTEM_SUDAH_IDEAL
44.7763076520445,14.0924525323154,6.15589956917701,1.06641746526439,0.0806580906973688,0.0988061611042767,0,1,SISTEM_SUDAH_IDEAL
6.63689844675359,25.0575017766644,4.46772367400221,10.2366348072263,0.206355409364739,3.2018328782434,0,1,SISTEM_SUDAH_IDEAL
46.1821889963185,23.1120582785689,2.15094242883565,15.7081198505412,0.0780159273605761,0.327703590030256,0,1,SISTEM_SUDAH_IDEAL
7.16474581363428,3.3893925042047,2.24713121306033,3.91614540014451,0.331305039577761,3.31685609649728,2.22044604925031e-16,1,SISTEM_SUDAH_IDEAL
11.195240234941,6.65854800171456,4.47052278206967,2.83520881891783,0.172851852445082,2.61600972602247,0,1,SISTEM_SUDAH_IDEAL
15.5853536602506,24.5462350131764,5.87280293297009,4.1371778059144,0.0885056536341039,1.7753195101804,4.44089209850063e-16,1,SISTEM_SUDAH_IDEAL
43.6599287954749,22.0642177397886,7.02098917440093,0.926098611949122,0.0811868928447754,0.0994539437348499,2.22044604925031e-16,1,SISTEM_SUDAH_IDEAL
42.8165840249614,4.01767426090288,1.28501900859276,23.4091059415877,0.0822617951526757,0.478464533109271,9.84156089955945e-10,1,TURUNKAN_KP_ATAU_NAIKKAN_KD
22.9715144888751,8.68508667169149,6.70871920022644,1.06730270859672,0.0858047582548849,0.356905087528966,2.22044604925031e-16,1,SISTEM_SUDAH_IDEAL
11.6831483302011,6.27069994527583,6.09870564311474,2.28441033539046,0.125288432905033,2.69674485015525,3.33066907387547e-16,1,SISTEM_SUDAH_IDEAL
30.7158886419567,29.850617699316,9.89774818941714,1.66042148378289,0.0835031284045512,0.245949471928343,0,1,SISTEM_SUDAH_IDEAL
36.2420990427259,24.8518061386591,3.65553588875753,5.48626203496696,0.0823046492071801,0.466374851800872,0,1,SISTEM_SUDAH_IDEAL
7.40317715340091,23.4746804973451,6.4644607173488,7.16679581807724,0.146552672029596,3.72970965578672,1.11022302462516e-16,1,SISTEM_SUDAH_IDEAL
49.674278872448,23.2510486224271,9.704431157848,0.68401822163191,0.0813547533560062,0.0996595728611075,0,1,SISTEM_SUDAH_IDEAL
7.39294867375843,21.5417481386369,2.87475602079317,11.870438572353,0.221254388460046,2.77732307019492,3.33066907387547e-16,1,SISTEM_SUDAH_IDEAL
30.2533480625737,14.044016720244,5.68635149796012,1.13023702494794,0.0841009040142289,0.1753099622165,4.44089209850063e-16,1,SISTEM_SUDAH_IDEAL
45.867377671919,12.4987180838176,0.887824671704438,31.3781485114768,0.0806208216329084,0.646719706036768,3.33066907387547e-16,1,TURUNKAN_KP_ATAU_NAIKKAN_KD
38.4732709614606,11.1632817070812,4.88503109608905,1.83644919850554,0.0817442380220087,0.103369454306814,2.22044604925031e-16,1,SISTEM_SUDAH_IDEAL
14.7432220809185,18.3653677483235,8.491576842292,3.02672411017839,0.0865769599629658,2.27217251701489,1.11022302462516e-16,1,SISTEM_SUDAH_IDEAL
32.0297916299115,14.9362470598773,9.2164009874656,0.929827041569697,0.0834878241153386,0.259340107579597,1.11022302462516e-16,1,SISTEM_SUDAH_IDEAL
17.4591265596009,0.662371660485488,0.483152647037719,20.7992329380048,0.154019713812304,0.770874267179141,1.26187122528876e-07,1,TURUNKAN_KP_ATAU_NAIKKAN_KD
39.9076055177528,29.1267604828426,7.41655235673882,1.30971977390086,0.0818919920399325,0.114998813778462,1.11022302462516e-16,1,SISTEM_SUDAH_IDEAL
14.0392746005323,21.4223557232648,0.981120272801631,19.2870729945648,0.15951730025815,0.962971794283546,0,1,SISTEM_SUDAH_IDEAL
45.7990909158195,23.5400813273452,1.51814220930822,22.5421569288458,0.0787394680589294,0.442873261288318,0,1,TURUNKAN_KP_ATAU_NAIKKAN_KD
21.1543709707351,28.6452992951552,1.8948736772364,11.7587048459948,0.123499872650345,0.946499218554188,0,1,SISTEM_SUDAH_IDEAL
13.7708685936325,1.61315820175381,1.48429188673726,3.19984482432365,0.172934081909076,0.547966686510514,1.04776853859789e-10,1,SISTEM_SUDAH_IDEAL
4.12641956625525,21.3453821408899,0.70019775969401,44.8897436619623,0.273361772763934,5.25483562317642,2.22044604925031e-16,1,TURUNKAN_KP_ATAU_NAIKKAN_KD
26.3073411609835,23.345015928784,0.71493804562923,25.5015642366582,0.118316580110896,0.92602921552268,0,1,TURUNKAN_KP_ATAU_NAIKKAN_KD
33.1672527531566,13.0460193494124,3.94183459841369,2.89314167263819,0.083770656506794,0.343280743732884,0,1,SISTEM_SUDAH_IDEAL
30.3194262130131,29.8895196302519,1.27799567425282,22.0794496040077,0.101368780472862,0.420169579990495,0,1,TURUNKAN_KP_ATAU_NAIKKAN_KD
9.99974664386722,26.632959497434,0.601682471401934,32.8539442761847,0.181975453830477,1.30722282108988,0,1,TURUNKAN_KP_ATAU_NAIKKAN_KD
4.26348014317654,17.5749936034696,0.379206903269727,51.335749699104,0.276561635452441,4.29386796703129,2.22044604925031e-16,1,TURUNKAN_KP_ATAU_NAIKKAN_KD
5.2766499852235,11.9747684407342,5.37711176929479,7.7451882045855,0.282581087650554,4.87093125616082,2.22044604925031e-16,1,SISTEM_SUDAH_IDEAL
10.8941396880951,11.5700316853913,9.13780629934508,3.05745144401746,0.0870187050573554,3.07617325574148,0,1,SISTEM_SUDAH_IDEAL
18.2066582381385,16.2511607477708,1.82827644551174,8.27072905352681,0.140181631625787,1.18861126543157,2.22044604925031e-16,1,SISTEM_SUDAH_IDEAL
17.1751439381334,25.5382740263217,9.64331155624224,2.93257314825222,0.0855199268252027,2.01096957288211,0,1,SISTEM_SUDAH_IDEAL
26.9338437706733,26.6285140547066,7.49711117904248,2.04470251654822,0.0843630859152818,1.08843841860491,1.11022302462516e-16,1,SISTEM_SUDAH_IDEAL
7.08704898871454,0.137912679568762,7.91254563282513,0,0.105017535274492,2.26526558758719,0.00014740358624854,1,SISTEM_SUDAH_IDEAL
25.7996708124787,6.93105696105471,7.03626845695885,0.70136229566744,0.0849992401988327,0.325830917160949,3.33066907387547e-16,1,SISTEM_SUDAH_IDEAL
32.6373667783532,26.0447667343253,3.47778782863186,5.27143371030903,0.0840623131095906,0.585204238186851,2.22044604925031e-16,1,SISTEM_SUDAH_IDEAL
16.6323160799855,8.81307518664577,0.133359724785146,34.5186626195844,0.152687158641473,1.18151824762111,0,1,TURUNKAN_KP_ATAU_NAIKKAN_KD
14.084122328314,25.7347180387059,1.5110222627643,14.1459250045559,0.155818459360879,1.07026585452308,1.11022302462516e-16,1,SISTEM_SUDAH_IDEAL
27.7248081841141,1.82985162358626,8.46217816888847,0.0921381418906631,0.0843598703207486,0.384974402410546,4.55054600667637e-08,1,SISTEM_SUDAH_IDEAL
48.2395830996726,9.03296846191703,2.33212699943628,13.1872401177174,0.0773482888898024,0.297704792765007,1.11022302462516e-15,1,SISTEM_SUDAH_IDEAL
46.8548877948483,25.2644136942716,7.79790450269442,0.896082021398614,0.0809866834107969,0.0992086871782261,2.22044604925031e-16,1,SISTEM_SUDAH_IDEAL
25.479979095427,17.4732456406086,5.86462512126695,1.75177701418934,0.0853849567179255,0.222892768989706,3.33066907387547e-16,1,SISTEM_SUDAH_IDEAL
21.1263997070388,24.9926333788145,1.55241648807001,14.292151442207,0.127477834310247,0.91867417803786,1.11022302462516e-16,1,SISTEM_SUDAH_IDEAL
5.56748756344063,15.6969454275354,5.52819386888535,8.17570229464271,0.241455004137232,4.38365410264835,0,1,SISTEM_SUDAH_IDEAL
8.28586779485632,4.48122687386109,0.602548802340035,11.0921418631199,0.247533729559735,2.34805943733616,4.44089209850063e-16,1,SISTEM_SUDAH_IDEAL
21.7259058341965,14.6956589690121,0.0525695361457879,44.2957921528384,0.133345207297366,1.4800724536339,2.22044604925031e-16,1,TURUNKAN_KP_ATAU_NAIKKAN_KD
13.1718273924531,10.2774047436682,0.134551766978835,33.8744148594672,0.169413438165504,1.3891202183535,4.44089209850063e-16,1,TURUNKAN_KP_ATAU_NAIKKAN_KD
35.1413024027106,25.4770944469416,4.20574544492339,3.49350831186952,0.0825721563342946,0.490757985348021,1.11022302462516e-16,1,SISTEM_SUDAH_IDEAL
40.6494566658612,29.6974795228042,4.33189006269314,4.47565770900795,0.0805552831038955,0.427228180457748,2.22044604925031e-16,1,SISTEM_SUDAH_IDEAL
48.2086642498171,13.0572958110356,2.07441911995318,15.5774529013624,0.0772399762785697,0.297870969977249,1.11022302462516e-16,1,SISTEM_SUDAH_IDEAL
10.2213717594937,22.6790524099262,9.44312755840408,4.37176208551406,0.0868227027399977,2.49406772752291,0,1,SISTEM_SUDAH_IDEAL
43.1239716442052,12.2011844270283,9.51387349339133,0.466473861910854,0.0821184408618343,0.147937028815996,2.22044604925031e-16,1,SISTEM_SUDAH_IDEAL
23.5622208764718,21.2183437570584,4.90658071783372,2.49939373577317,0.0867165955341122,1.19794098015858,0,1,SISTEM_SUDAH_IDEAL
18.3828093128902,18.4135623241212,6.534483368059,2.69072693930181,0.0870252053764448,1.76954872916699,5.55111512312578e-16,1,SISTEM_SUDAH_IDEAL
10.7990686166989,16.7612867120312,9.56305697259926,3.62851415021144,0.0867153032307369,2.78235896822047,0,1,SISTEM_SUDAH_IDEAL
44.287629247101,29.1399106778934,6.31806211524482,1.40903476142884,0.0806372837767864,0.0987806726265633,0,1,SISTEM_SUDAH_IDEAL
20.395810981227,13.313966913561,0.0680373194880546,43.0327410509043,0.13748517053734,1.51106350567819,2.22044604925031e-16,1,TURUNKAN_KP_ATAU_NAIKKAN_KD
16.8416087768115,23.0863850949834,6.46106822158549,3.48493981452491,0.0874661068275006,1.80766975290031,0,1,SISTEM_SUDAH_IDEAL
22.501118497626,28.2081817791338,9.78591603490165,2.32119590354549,0.0846462562226262,1.61053943899995,1.11022302462516e-16,1,SISTEM_SUDAH_IDEAL
24.7090436832305,13.2506653592896,7.97656329440902,1.3014439209529,0.0848756540299105,0.340272052432744,1.11022302462516e-16,1,SISTEM_SUDAH_IDEAL
6.12468888393022,24.8208346740168,7.4628740571092,7.37102398001992,0.118451504314804,5.40390157726554,2.22044604925031e-16,1,SISTEM_SUDAH_IDEAL
29.4411113155782,9.08960736652035,5.85087531498484,0.765445408936949,0.0843787059308779,0.190783226861488,1.11022302462516e-16,1,SISTEM_SUDAH_IDEAL
28.8437848049613,6.19413655702785,0.571040764447327,27.3804305270385,0.116548939968205,0.818867977064122,0,1,TURUNKAN_KP_ATAU_NAIKKAN_KD
11.5766842733862,29.6705141133508,8.06388797517506,4.97770301060259,0.0873995375766094,2.0352004560706,1.11022302462516e-16,1,SISTEM_SUDAH_IDEAL
2.24943055680055,16.2719427301141,2.64695085505198,22.3021343832216,0.402974261906306,11.9977692958072,8.88178419700125e-16,1,TURUNKAN_KP_ATAU_NAIKKAN_KD
25.5558031575034,17.4633358149813,0.455838576024122,29.7265616968277,0.122702124784997,0.936234371695791,0,1,TURUNKAN_KP_ATAU_NAIKKAN_KD
43.8906919514902,14.5185116943743,1.94210624121535,16.7485900990408,0.0797464139887007,0.329666768235728,3.33066907387547e-16,1,SISTEM_SUDAH_IDEAL
49.1667398668424,27.0789762290647,6.27811197023507,1.85302173390716,0.0797155737849541,0.0976515778865687,0,1,SISTEM_SUDAH_IDEAL
18.5479855355449,27.8507343563876,8.98509966254754,2.95726491829686,0.0855120878314207,1.83929902768701,1.11022302462516e-16,1,SISTEM_SUDAH_IDEAL
2.70275525405335,2.64327770256949,2.38619796513924,10.2593995843078,0.782301066401785,7.12634037462997,2.22044604925031e-16,1,SISTEM_SUDAH_IDEAL
16.8192859634452,25.6286605854752,0.15075709718673,45.0503912612751,0.144975545783227,1.18136241954257,3.33066907387547e-16,1,TURUNKAN_KP_ATAU_NAIKKAN_KD
13.023185959896,21.6376915923596,0.885035320535096,21.5725230173597,0.164826702708658,0.905991030754421,2.22044604925031e-16,1,TURUNKAN_KP_ATAU_NAIKKAN_KD
43.200257873344,4.99975561592208,4.51568181093334,3.11694776199476,0.0803093323247027,0.265973591595411,4.34929869896905e-11,1,SISTEM_SUDAH_IDEAL
14.2888167859157,16.4320663603498,9.71439466525646,2.74148624362034,0.0860496714011516,2.48254989274706,2.22044604925031e-16,1,SISTEM_SUDAH_IDEAL
7.5396412138959,26.0495445664399,4.88420542207387,8.97959370295025,0.180830160876445,3.18178079452459,4.44089209850063e-16,1,SISTEM_SUDAH_IDEAL
29.6453102091377,0.101661824700922,4.85556167326242,0,0.0848382574364721,0.176841978931343,0.000742865056680198,1,SISTEM_SUDAH_IDEAL
36.6723740671043,16.1091435967131,9.86512728257304,0.786709969534627,0.0828887112941284,0.212346480058707,0,1,SISTEM_SUDAH_IDEAL
25.177598465245,1.49172292598555,1.1046259073463,14.0019072784835,0.124283334504447,0.424084268588255,1.16092267354873e-07,1,SISTEM_SUDAH_IDEAL
23.6733622902223,4.95365751696374,4.55519991590386,0.635356052278624,0.0874962099234211,0.230539112252949,2.22044604925031e-16,1,SISTEM_SUDAH_IDEAL
30.9435564880829,3.44949506567957,0.825707897244924,24.7421311428033,0.109738714771857,0.574698721662605,1.23503207660747e-10,1,TURUNKAN_KP_ATAU_NAIKKAN_KD
1.05049485549747,2.61677456502021,4.14125415447404,13.5272522383829,1.14009187660721,22.6534983152368,5.58736242828317e-08,1,SISTEM_SUDAH_IDEAL
22.2012502491113,25.6864583717299,2.40533091166582,7.66339523362933,0.115021203494113,1.01495231625162,0,1,SISTEM_SUDAH_IDEAL
42.2675485505304,11.2452158850497,0.190140560118263,48.1856337052102,0.0898160765091274,1.03795357965703,2.22044604925031e-16,1,TURUNKAN_KP_ATAU_NAIKKAN_KD
37.405782899213,4.93316089701302,0.199513700866525,44.3945136288622,0.101004694702683,0.915214865877714,6.21858120553043e-12,1,TURUNKAN_KP_ATAU_NAIKKAN_KD
29.3671035779056,23.972915454783,6.81603985562039,1.7558909673091,0.0839765090990077,0.192749150594036,2.22044604925031e-16,1,SISTEM_SUDAH_IDEAL
15.0057733533512,16.0525379339716,1.74706655067164,8.19582727973907,0.155731053636384,1.37711633838704,0,1,SISTEM_SUDAH_IDEAL
26.7129086247528,6.36453712953196,6.84390929877125,0.60844815544332,0.0848510290789713,0.299208665963532,2.22044604925031e-16,1,SISTEM_SUDAH_IDEAL
19.5080405488285,6.88785690484718,5.75133222218272,1.17627112255134,0.0876200513440349,0.40378208058321,1.11022302462516e-16,1,SISTEM_SUDAH_IDEAL
6.63856978421126,8.54571954116734,0.763997838797615,15.9051092071522,0.269302570002222,1.79820428482504,3.33066907387547e-16,1,SISTEM_SUDAH_IDEAL
19.5671410610314,26.1143491691439,6.11730957166347,3.28735620384355,0.0868755068011401,1.57377324191027,1.11022302462516e-16,1,SISTEM_SUDAH_IDEAL
18.4376865740513,19.35449221488,6.17067153172898,2.84908422410801,0.0873106533740099,1.72677065534359,2.22044604925031e-16,1,SISTEM_SUDAH_IDEAL
16.9843345103798,4.96642686835815,9.44976283183825,0.955676603387223,0.0858453439916346,0.684459788928363,0,1,SISTEM_SUDAH_IDEAL
25.5980392377983,28.611403327293,4.69904386311318,2.98488813752562,0.0859439542703977,1.11134048911445,3.33066907387547e-16,1,SISTEM_SUDAH_IDEAL
46.7450573633673,23.7515198903248,4.94275965284496,3.54557255324741,0.0792699122635288,0.31236436386695,0,1,SISTEM_SUDAH_IDEAL
0.783597311509465,7.20645198904635,4.3788102232242,16.8452580457121,0.723768836322963,38.4351536208139,4.06449433505429e-05,1,SISTEM_SUDAH_IDEAL
44.4989136598813,27.3965807079023,6.23656185378252,1.4137146121902,0.0805745582819152,0.0987038338953461,1.11022302462516e-16,1,SISTEM_SUDAH_IDEAL
23.5606308208324,24.7245162229897,3.62644946029142,3.56342508131231,0.0887400491716448,1.10814856934503,2.22044604925031e-16,1,SISTEM_SUDAH_IDEAL
33.4377912551871,10.4487597646648,1.23768953391515,21.56528359646,0.0962265236566337,0.513726055099344,2.22044604925031e-16,1,TURUNKAN_KP_ATAU_NAIKKAN_KD
23.4214094098785,1.20205489145462,5.46721674392765,0.0531965321331151,0.0866468468733444,0.348159823079056,2.50561282610917e-07,1,SISTEM_SUDAH_IDEAL
48.2404529484436,5.53778167542119,0.420230229477961,40.7781374098324,0.0806463094481255,0.775901977030983,5.21425125299402e-11,1,TURUNKAN_KP_ATAU_NAIKKAN_KD
22.3821007785734,11.8722443325948,9.70176244719239,1.28381507941095,0.0848439133591234,0.442372232582206,2.22044604925031e-16,1,SISTEM_SUDAH_IDEAL
33.5675547381044,21.905200071657,1.09654346097627,25.6225681167488,0.0961855368572282,0.737461894449745,0,1,TURUNKAN_KP_ATAU_NAIKKAN_KD
24.848329652356,27.7628401662387,6.7213719895248,2.46718927327114,0.0850183992140404,1.29312253760735,4.44089209850063e-16,1,SISTEM_SUDAH_IDEAL
21.2681200530684,9.56486802073827,9.91782470686778,1.15712447355327,0.0849724389415992,0.493423924893607,1.11022302462516e-16,1,SISTEM_SUDAH_IDEAL
37.8203353107208,9.76674347428495,3.78191796177453,4.38617711981522,0.0819678804913875,0.333249807996852,1.11022302462516e-16,1,SISTEM_SUDAH_IDEAL
28.5209371814673,21.9706790065541,4.09950908282565,2.45420022047182,0.085463392363348,0.744912559724572,2.22044604925031e-16,1,SISTEM_SUDAH_IDEAL
30.7826182024661,29.1602702383705,8.56158915809978,1.73577652028147,0.0835410186121881,0.215664799904189,1.11022302462516e-16,1,SISTEM_SUDAH_IDEAL
19.3445873322586,8.19376716522974,8.34462237869957,1.24206881704538,0.0858603714187764,0.509398554833062,0,1,SISTEM_SUDAH_IDEAL
24.7122652899206,14.1223453808847,1.45237615021405,12.8182796398709,0.11953701268624,0.48745847404028,2.22044604925031e-16,1,SISTEM_SUDAH_IDEAL
5.11450560534544,9.08881071771928,9.83454320262463,4.81400689542955,0.0876330028796833,6.78286380577295,2.22044604925031e-16,1,SISTEM_SUDAH_IDEAL
3.98442466025364,7.8756307758676,3.62836669029493,10.1099647804048,0.449124050418914,5.25206746589982,1.11022302462516e-16,1,SISTEM_SUDAH_IDEAL
32.2671295478359,2.89044726991992,0.246843762807305,37.7500701826861,0.111547753548041,0.921806351050682,2.3325941178598e-09,1,TURUNKAN_KP_ATAU_NAIKKAN_KD
15.6839322895905,28.6261786486887,9.05298438364697,3.52689739088092,0.0859815898490155,1.98213258794942,2.22044604925031e-16,1,SISTEM_SUDAH_IDEAL
36.5198356504682,19.6714687675513,6.16215252165537,1.13907262413979,0.0823755944638225,0.130465906901397,0,1,SISTEM_SUDAH_IDEAL
10.78070742205,21.2321407187529,1.87489258641885,11.4078751170563,0.1772013214581,1.35647787322059,2.22044604925031e-16,1,SISTEM_SUDAH_IDEAL
44.7900461062776,1.74331706141209,3.23031440438711,7.23581560859496,0.0792912290191128,0.299839038610478,2.86892560819041e-08,1,SISTEM_SUDAH_IDEAL
42.7748054591767,3.6469560154612,7.50045360020951,0.105439982135036,0.081737624835717,0.108853717512535,2.71206612723063e-09,1,SISTEM_SUDAH_IDEAL
23.7333822189533,9.07634211312159,6.02322163660807,1.08824301297552,0.0859737725142018,0.299908794411198,0,1,SISTEM_SUDAH_IDEAL
10.71959234787,20.8738543363973,2.96021696929277,8.17433645929868,0.174297629920271,1.62145153622079,2.22044604925031e-16,1,SISTEM_SUDAH_IDEAL
9.68932689093213,9.69493999694918,9.3336347686207,3.08644165560648,0.0871392809185382,3.44187034727436,1.11022302462516e-16,1,SISTEM_SUDAH_IDEAL
33.4809299209134,22.5419999625542,9.72795842915455,1.20128309520089,0.0832200798756128,0.230951860981392,4.44089209850063e-16,1,SISTEM_SUDAH_IDEAL
21.4954981028384,9.07900692805964,8.54622582396325,1.14613479294687,0.0853607488497966,0.455331364049927,2.22044604925031e-16,1,SISTEM_SUDAH_IDEAL
19.9532336017974,22.0310947306957,6.41091532395779,2.78376101700217,0.0865998458147935,1.61304141782089,2.22044604925031e-16,1,SISTEM_SUDAH_IDEAL
43.3618231580991,11.7210705674949,9.93666833113734,0.438350677734101,0.0821701627332801,0.155587872026595,2.22044604925031e-16,1,SISTEM_SUDAH_IDEAL
15.8404124791661,1.21095468620338,3.45827614933603,0.225662919799396,0.149074858993864,0.43049799541736,2.23418628042538e-08,1,SISTEM_SUDAH_IDEAL
41.6067483861312,24.6573802398402,3.27704438701776,8.11112549401503,0.0800757381645714,0.383265358513159,0,1,SISTEM_SUDAH_IDEAL
45.9332388720182,18.877430418339,0.718251768957663,35.7189519157836,0.0809398533077095,0.663633861280849,2.22044604925031e-16,1,TURUNKAN_KP_ATAU_NAIKKAN_KD
34.0353740045304,10.781664698402,1.53498624372378,18.0790377128631,0.0889656092618572,0.375103186799574,0,1,SISTEM_SUDAH_IDEAL
2.5812631237774,24.4190680882148,8.8743467688427,8.75637496060573,0.0887847873240305,14.131007939453,4.86005546918022e-09,1,SISTEM_SUDAH_IDEAL
0.701361023066455,7.49299426544546,0.534283138529675,999,999,999,1,0,TURUNKAN_KP_DAN_KI
17.690001579471,11.2135652848143,7.0016422749783,1.91300978266906,0.0869734250704781,0.4605892455983,2.22044604925031e-16,1,SISTEM_SUDAH_IDEAL
22.1731543001825,26.3719721015555,2.03433150546306,10.2642024329415,0.119163472419037,0.953027589655541,0,1,SISTEM_SUDAH_IDEAL
5.40265585608052,7.05827750962941,6.10486903214436,5.60557497712668,0.280430036950441,3.90906531523885,2.22044604925031e-16,1,SISTEM_SUDAH_IDEAL
29.8905218363667,16.0506350999588,6.5201147218538,1.23561621600499,0.0840108683865027,0.193159372299617,0,1,SISTEM_SUDAH_IDEAL
38.0339211651514,9.17616340579266,2.94189884673659,7.90140981020988,0.0822934227048137,0.360321972056607,1.11022302462516e-16,1,SISTEM_SUDAH_IDEAL
26.0251389309189,21.6084191761918,9.11393500297169,1.67942452577281,0.0843162948397789,0.308216976335767,0,1,SISTEM_SUDAH_IDEAL
16.2903891779068,6.75096002838318,1.16121744965461,10.5481740366607,0.155975610878837,0.668163285724313,1.11022302462516e-16,1,SISTEM_SUDAH_IDEAL
16.3082440187529,1.2190578332546,3.29770953906751,0.211575802551489,0.147475594020327,0.380738953453634,2.72712750160053e-08,1,SISTEM_SUDAH_IDEAL
5.53330446506435,17.5505994760973,8.86082580564025,6.13135103564633,0.0882416685017619,5.09012934637439,2.22044604925031e-16,1,SISTEM_SUDAH_IDEAL
45.0281485706223,16.0625226295652,7.55166866592859,0.616437561310423,0.0812556312422958,0.0995381482718123,2.22044604925031e-16,1,SISTEM_SUDAH_IDEAL
20.9361060979157,0.723831941232032,2.00170880401206,4.41039336354483,0.133826927679481,0.426878458902827,1.08319965730352e-06,1,SISTEM_SUDAH_IDEAL
11.4298219918794,16.7450323865431,0.771384072318998,20.7070411758463,0.178023755927857,1.08781607215051,2.22044604925031e-16,1,TURUNKAN_KP_ATAU_NAIKKAN_KD
21.0915302249585,17.3292357466897,8.41025382662212,1.94392986739778,0.0853842776772822,0.386774373471088,3.33066907387547e-16,1,SISTEM_SUDAH_IDEAL
33.8175118261222,24.3344926063259,0.758535867763351,32.343627612753,0.0998274249505042,0.790526007186864,0,1,TURUNKAN_KP_ATAU_NAIKKAN_KD
28.6526413467246,3.17717084833836,7.1548952019284,0.227634400145749,0.0843815146453059,0.296191558579898,1.01608055302904e-10,1,SISTEM_SUDAH_IDEAL
15.9807383560091,20.657580514953,8.76557849310733,2.93640378051701,0.0861581247067496,2.13316784376435,2.22044604925031e-16,1,SISTEM_SUDAH_IDEAL
0.260352560560589,12.8831223541541,3.38935563140955,999,999,999,1,0,TURUNKAN_KP_DAN_KI
39.3858013419969,23.1336130778111,6.58449257993829,1.15422660136775,0.0818110847775715,0.108895917275403,2.22044604925031e-16,1,SISTEM_SUDAH_IDEAL
19.6316980402298,7.13842916753608,1.22631053530559,12.506080979462,0.141067371447603,0.548240597718302,1.11022302462516e-16,1,SISTEM_SUDAH_IDEAL
10.5713367025812,18.6667559162096,5.92366222339552,5.14025229906576,0.131017316512806,2.23136229676611,1.11022302462516e-16,1,SISTEM_SUDAH_IDEAL
48.4275020999009,15.4452121758469,9.41109702386589,0.485138960132647,0.0814664087697062,0.0997963507428901,1.11022302462516e-16,1,SISTEM_SUDAH_IDEAL
11.647583472791,16.7735377103471,0.840021928816856,19.3603536943828,0.176463574278792,1.15651543979878,3.33066907387547e-16,1,SISTEM_SUDAH_IDEAL
41.3256498847816,5.26309486582451,5.6352551424773,0.871933820443571,0.0813063372841959,0.09960026317314,8.09419198333217e-12,1,SISTEM_SUDAH_IDEAL
40.7749105312241,28.4707338414614,6.49580454302892,1.36206389923299,0.081426651804973,0.099747648461092,3.33066907387547e-16,1,SISTEM_SUDAH_IDEAL
10.0317480301644,2.47458926966193,3.66615389645904,1.5189638289153,0.223351493759601,0.738526086034631,3.33066907387547e-16,1,SISTEM_SUDAH_IDEAL
49.3184285143179,8.40644994767889,2.27507918720965,13.5774917093129,0.0768282348674332,0.294473623951419,1.66533453693773e-14,1,SISTEM_SUDAH_IDEAL
6.89588588420978,27.0507946822217,4.30881650088682,10.590717986308,0.198337815229137,3.03359449476245,0,1,SISTEM_SUDAH_IDEAL
28.1550211856733,0.431785249574613,4.77447287878785,0,0.085500197595021,0.186343403208545,8.65181039367835e-05,1,SISTEM_SUDAH_IDEAL
41.8021324599345,1.73576624798295,3.20461111159757,6.87576942284123,0.080562027367337,0.313820943014402,1.48089257967499e-07,1,SISTEM_SUDAH_IDEAL
19.3906783542998,21.8035280254762,9.67253934176515,2.34432474450359,0.0852028837343219,1.87209529594627,0,1,SISTEM_SUDAH_IDEAL
48.6118559200232,18.7948601165232,8.51590199862832,0.608080522726895,0.0811130942489994,0.0993635404550242,1.11022302462516e-16,1,SISTEM_SUDAH_IDEAL
14.538769017119,11.3223030165776,2.3033547233403,4.20105800281034,0.158995842131291,1.62602911070029,1.11022302462516e-16,1,SISTEM_SUDAH_IDEAL
49.2928420402386,0.218373989585336,6.93444276664999,0.412818257032521,0.0804235844492239,0.0985188909502993,0.000373593326908894,1,SISTEM_SUDAH_IDEAL
19.0615285112438,21.416830620035,1.27695380055408,16.2620212982894,0.137536039740307,1.03037640995789,2.22044604925031e-16,1,SISTEM_SUDAH_IDEAL
3.97806847079839,17.0467248165906,8.95252212115459,7.04230749991295,0.0884992864790431,7.55775898544955,5.75095526755831e-14,1,SISTEM_SUDAH_IDEAL
30.6473490845253,24.1836834439139,0.340124749115065,38.7444876081745,0.110844903472646,0.8483385613574,0,1,TURUNKAN_KP_ATAU_NAIKKAN_KD
31.0267183485967,10.8413140085169,1.40467190537346,17.8561289240004,0.101032385687462,0.389808434658714,1.11022302462516e-16,1,SISTEM_SUDAH_IDEAL
6.51879339372636,1.08040340585546,4.01865856420651,1.36351454484465,0.415045848296737,1.33388315394011,8.43769498715119e-15,1,SISTEM_SUDAH_IDEAL
48.7609433431311,26.7032108356086,5.99968332072771,2.14812177314192,0.079592041682551,0.226275910587112,2.22044604925031e-16,1,SISTEM_SUDAH_IDEAL
19.9623583100529,0.562507613599922,7.72226337106238,0,0.0861292170110629,0.61825677885968,7.55863361012743e-06,1,SISTEM_SUDAH_IDEAL
34.8346307669271,1.20430361709954,7.34169391187598,0,0.0831385833487901,0.19466884907673,6.18845465316653e-07,1,SISTEM_SUDAH_IDEAL
40.6670988520895,1.94334336605001,4.86607939983072,1.81692229154125,0.0812581236304069,0.0995412014472484,1.81076989624884e-07,1,SISTEM_SUDAH_IDEAL
49.7778918383016,11.6908747644969,7.01721418078017,0.696377635589451,0.0802892692951782,0.0983543548865933,2.22044604925031e-16,1,SISTEM_SUDAH_IDEAL
10.8392173563427,14.9834518167623,0.556304889956643,24.2044482495407,0.187681487792091,0.958062512398493,2.22044604925031e-16,1,TURUNKAN_KP_ATAU_NAIKKAN_KD
1.87441509840396,14.6791458561718,2.94843551807108,21.1942136829942,0.44339528224628,14.8326664188784,3.02680103203556e-12,1,TURUNKAN_KP_ATAU_NAIKKAN_KD
3.34089631685188,21.0052499522831,3.15618912599552,17.982613447121,0.323151366459839,8.24098257275451,2.22044604925031e-16,1,SISTEM_SUDAH_IDEAL
39.2468872786022,5.4222349449086,0.243628387132597,44.3478062895197,0.0964704131059314,0.876445610963739,2.44937403692802e-12,1,TURUNKAN_KP_ATAU_NAIKKAN_KD
38.9218540479944,12.3876446172626,4.8062219123292,2.13889962823193,0.0815688946346023,0.222017786622154,1.11022302462516e-16,1,SISTEM_SUDAH_IDEAL
12.4410081038584,11.1842741309562,8.40516900607092,2.72459820760553,0.087207102843816,2.78927442865313,0,1,SISTEM_SUDAH_IDEAL
44.1215019292187,7.26284520576349,6.96823316116929,0.273029037913042,0.0812655017712059,0.0995502396697272,2.8199664825479e-14,1,SISTEM_SUDAH_IDEAL
13.522479901742,13.2237738797559,0.962506089645945,15.1666972890182,0.16711839531242,1.41243836933676,2.22044604925031e-16,1,SISTEM_SUDAH_IDEAL
15.0550975681899,28.9208388365322,4.16688607462691,5.874586352722,0.124848340987152,1.480165730531,0,1,SISTEM_SUDAH_IDEAL
46.2090162986737,18.7960678601048,7.02364284711645,0.741829040412134,0.0807922253839779,0.0989704760953729,0,1,SISTEM_SUDAH_IDEAL
27.8274989218527,11.4511488170028,4.53770922580357,1.17427623107018,0.0855859512033084,0.172933963736095,2.22044604925031e-16,1,SISTEM_SUDAH_IDEAL
45.465310801487,20.368679171782,1.17297844080646,27.2601288148489,0.079774451392824,0.630933150930697,2.22044604925031e-16,1,TURUNKAN_KP_ATAU_NAIKKAN_KD
18.5964244444509,25.4295220766055,2.74815976078539,5.91706393897198,0.126696660409353,1.21896046300337,0,1,SISTEM_SUDAH_IDEAL
21.9937286437117,9.5409721430513,1.255697965251,13.7234942290362,0.131375854527879,0.498274479929663,1.11022302462516e-16,1,SISTEM_SUDAH_IDEAL
32.1004011911064,20.8691870872862,9.30077889161931,1.21869716989231,0.0834187742184264,0.241778018575008,0,1,SISTEM_SUDAH_IDEAL
39.077200712815,9.60175247351235,6.06799822629472,0.500076593416088,0.0819153709305258,0.113567459962993,2.22044604925031e-16,1,SISTEM_SUDAH_IDEAL
7.15579137271405,0.171360480308957,4.20696454068626,0,0.377720342587169,1.59579585208898,5.68882585548769e-05,1,SISTEM_SUDAH_IDEAL
44.8158242348148,4.6781285367328,3.10554849653416,8.00212442399237,0.0791784457920039,0.311170470449648,2.15367723654936e-10,1,SISTEM_SUDAH_IDEAL
48.1443923299797,29.0364195047225,8.54809327418133,0.934575019921402,0.0810873878320174,0.0993320500942213,3.33066907387547e-16,1,SISTEM_SUDAH_IDEAL
44.6856888357979,10.1659256328124,8.74849864240249,0.368491210292121,0.0817701657962984,0.113646052092058,2.22044604925031e-16,1,SISTEM_SUDAH_IDEAL
13.5644725759738,23.6966402159749,5.59169349118963,4.8124213760147,0.106821541327107,1.85350013626197,1.11022302462516e-16,1,SISTEM_SUDAH_IDEAL
3.20763054700716,18.2653731184929,7.58937296288021,8.84772847482445,0.184684191906683,10.7007745077283,8.20676859802916e-13,1,SISTEM_SUDAH_IDEAL
47.9635056354223,2.07787503971932,2.17372055166534,13.8528313601945,0.0776746999129376,0.294300480129932,1.55710935034747e-07,1,SISTEM_SUDAH_IDEAL
37.4782318349583,20.1299953898459,5.66936446404189,1.21591383132829,0.0820331421017801,0.114542824785131,1.11022302462516e-16,1,SISTEM_SUDAH_IDEAL
7.50869791654509,29.0856003015171,9.92277289036458,5.63153965987662,0.0869333623553813,4.07868331984197,3.33066907387547e-16,1,SISTEM_SUDAH_IDEAL
15.2709736519644,1.61328294477913,9.61316784301273,0.34529382069497,0.0860925460159064,0.903291155090697,2.11385353665605e-10,1,SISTEM_SUDAH_IDEAL
21.5272079061892,6.46955739026875,3.11856197057113,1.31339619981079,0.115038766428318,0.189418879405766,0,1,SISTEM_SUDAH_IDEAL
46.825314976883,29.1858738292177,0.894605358441797,33.2366675886987,0.0790735011571908,0.660838955516011,1.11022302462516e-16,1,TURUNKAN_KP_ATAU_NAIKKAN_KD
48.3819542817159,18.3749453036453,8.01262763270588,0.616740645926206,0.0809387820736561,0.0991500080402288,0,1,SISTEM_SUDAH_IDEAL
47.0361259418379,2.34265095546455,9.50270574094869,0.0237002166358691,0.0817551876206987,0.115320616259324,1.39389951581137e-07,1,SISTEM_SUDAH_IDEAL
12.2057396440135,6.51666895585128,1.09491879231577,8.54929117134733,0.18024772822064,1.65982507891462,1.11022302462516e-16,1,SISTEM_SUDAH_IDEAL
27.0537392802707,7.60496424533209,8.35468471358936,0.679155913750118,0.0844276827019414,0.348457069395696,2.22044604925031e-16,1,SISTEM_SUDAH_IDEAL
5.02518327573773,23.7965724517012,5.6132690919948,9.94251926046892,0.216657574612923,5.20800735061057,2.22044604925031e-16,1,SISTEM_SUDAH_IDEAL
0.131211115382945,15.9947091056238,2.12198165930661,999,999,999,1,0,TURUNKAN_KP_DAN_KI
29.4290165468928,13.8625863557839,6.88607655135781,1.09017662300033,0.084100337877709,0.219583344956257,0,1,SISTEM_SUDAH_IDEAL
12.3674250539205,28.1231108821008,6.87106954924643,5.09379731081172,0.0883063887654336,1.9236469988221,1.11022302462516e-16,1,SISTEM_SUDAH_IDEAL
46.6264729292443,12.5379424578962,8.13930644144505,0.43687321760848,0.0812907855689786,0.0995812123219988,1.11022302462516e-16,1,SISTEM_SUDAH_IDEAL
22.1025210216062,22.8742554625276,0.0876463956884965,46.6231726556258,0.130295145214726,1.46945144028058,0,1,TURUNKAN_KP_ATAU_NAIKKAN_KD
49.8513997487636,2.25174765089306,1.69606038025428,18.2800398892343,0.0767341518024386,0.439868458656895,1.57015572321839e-07,1,SISTEM_SUDAH_IDEAL
25.8098311405689,23.3718663996091,3.587836322495,3.31112595379792,0.0875743905070388,0.951429598629066,0,1,SISTEM_SUDAH_IDEAL
14.7678053790244,4.56187171991317,9.05273795035771,1.11649324559837,0.0864271653217214,0.773192322890826,1.11022302462516e-16,1,SISTEM_SUDAH_IDEAL
13.740250481682,10.2565840028144,0.499001868582141,22.2284443489855,0.167674461782142,1.4194369225505,2.22044604925031e-16,1,TURUNKAN_KP_ATAU_NAIKKAN_KD
10.3312492788231,15.7105614666178,2.37290766273608,7.96501386500972,0.184337104819401,1.719574866729,0,1,SISTEM_SUDAH_IDEAL
29.7013648115136,24.3903676301166,3.86429173002039,3.21625166544857,0.0851121541565148,0.730431039416827,1.11022302462516e-16,1,SISTEM_SUDAH_IDEAL
39.2438799910085,21.4501639301349,9.99743317268307,0.906789742427883,0.0825551500270054,0.180108003967384,1.11022302462516e-16,1,SISTEM_SUDAH_IDEAL
1.11494000326236,19.7749269827262,5.32913528970437,15.5208537294302,0.381596837096719,41.0085938637627,6.16420228254366e-05,1,SISTEM_SUDAH_IDEAL
47.9610734661995,20.8602182560201,4.67512453572162,4.10700076266679,0.0787910101276708,0.309217693259755,2.22044604925031e-16,1,SISTEM_SUDAH_IDEAL
14.929883062833,12.6226876086539,3.96188380671876,3.30515012984594,0.140106806994055,1.85943563102376,0,1,SISTEM_SUDAH_IDEAL
5.27271168462131,14.3461995029413,7.76123488261825,6.48186187761859,0.132833651808894,5.28420700505209,2.22044604925031e-16,1,SISTEM_SUDAH_IDEAL
23.7415008789111,9.57203171116442,3.87208356973598,1.34696973278838,0.0885348792944147,0.187113128920797,1.11022302462516e-16,1,SISTEM_SUDAH_IDEAL
35.4163332928066,26.9226846498544,7.55104552745547,1.42833566211644,0.0827321807427649,0.157938324487577,0,1,SISTEM_SUDAH_IDEAL
6.88316587748639,3.52180124736136,0.953907035806731,6.0768733939139,0.298485206987037,2.88802303743115,2.22044604925031e-16,1,SISTEM_SUDAH_IDEAL
13.7240207164606,1.4982299388759,1.65293429904062,2.01500890180248,0.173096257523022,0.404921451705776,3.2066238553341e-10,1,SISTEM_SUDAH_IDEAL
48.5647598514302,5.32896167954852,4.60800409235046,3.61790921185079,0.0788428459815828,0.271939600698536,9.15836295689587e-11,1,SISTEM_SUDAH_IDEAL
36.2681902508905,14.7562100061602,5.61513294667482,0.926053015499928,0.0824259941044273,0.128102866549102,1.11022302462516e-16,1,SISTEM_SUDAH_IDEAL
37.8723466853569,29.0426708722496,3.91172796136477,5.21608364364481,0.0814864468434392,0.476876153058558,3.33066907387547e-16,1,SISTEM_SUDAH_IDEAL
32.6898229015964,1.55653201759759,8.9300836133671,0.0272095355523083,0.0835323714559431,0.297931784564411,2.26805785263906e-07,1,SISTEM_SUDAH_IDEAL
44.5156837365491,29.7635018539449,3.83817982703563,6.53796158732192,0.0790384482020718,0.382639987172466,1.11022302462516e-16,1,SISTEM_SUDAH_IDEAL
17.2621599778935,21.245047999132,6.14858432223311,3.29333424628164,0.0876753333393926,1.78557671261939,2.22044604925031e-16,1,SISTEM_SUDAH_IDEAL
42.6015363176933,28.2923765869372,9.84125114516591,1.02312442872732,0.0821011394576751,0.140563111756313,2.22044604925031e-16,1,SISTEM_SUDAH_IDEAL
45.2305116210735,0.942372778152393,0.868267316235324,30.2478433345991,0.0817789996165694,0.627517035214468,1.80323875303978e-05,1,TURUNKAN_KP_ATAU_NAIKKAN_KD
18.1169238136959,3.28868699725542,3.9942840800122,0.684620056137009,0.122512469287177,0.359349833972224,3.5527136788005e-15,1,SISTEM_SUDAH_IDEAL
36.9933002946288,26.1965231361939,3.25962839192271,7.41680460550191,0.0821197391678862,0.454868201949873,0,1,SISTEM_SUDAH_IDEAL
45.3088995149001,19.4493504018966,4.17437911977305,5.01475064897923,0.0791942719821572,0.336603330454595,2.22044604925031e-16,1,SISTEM_SUDAH_IDEAL
41.5808866840704,29.6845405754016,3.78998639902209,6.3266031180083,0.0800591691912027,0.408870830067406,2.22044604925031e-16,1,SISTEM_SUDAH_IDEAL
24.3697690131191,18.5028009330106,4.07935155419235,2.37222323417963,0.0875572406429621,0.98260239170033,2.22044604925031e-16,1,SISTEM_SUDAH_IDEAL
31.3244503596895,18.207676527246,8.05276354943999,1.19168019128546,0.0835855901826174,0.223282853397642,2.22044604925031e-16,1,SISTEM_SUDAH_IDEAL
29.6423865428028,8.18554324973566,4.64556949525001,0.745543227820744,0.0848582284477096,0.166461233551076,1.11022302462516e-16,1,SISTEM_SUDAH_IDEAL
21.7218252098014,10.7770082022404,9.11538541154288,1.26869515017027,0.0851191575325083,0.450245463671759,1.11022302462516e-16,1,SISTEM_SUDAH_IDEAL
17.4474495402223,16.1411601553863,2.05783696891607,6.44532435415766,0.142248901888846,1.28439512222246,1.11022302462516e-16,1,SISTEM_SUDAH_IDEAL
25.0016578275564,4.90287021748329,5.22244494984953,0.549348816072204,0.0862207110670587,0.252870675244936,6.66133814775094e-16,1,SISTEM_SUDAH_IDEAL
35.8306353949518,8.91830900821811,5.9253016499276,0.533467339653648,0.0826730538198968,0.142203911734041,1.11022302462516e-16,1,SISTEM_SUDAH_IDEAL
42.3027524559723,27.0473361342306,7.79689546099218,1.10113298383081,0.0816457059469071,0.100895371365582,0,1,SISTEM_SUDAH_IDEAL
11.0329907477427,19.0029966630833,7.12667941510977,4.49780096869208,0.0885728937350437,2.3555041105401,2.22044604925031e-16,1,SISTEM_SUDAH_IDEAL
0.263376271676957,18.107337212741,9.42165374518859,2.75776955019353,0.80047302624203,149.713244447912,0.0720898768267384,1,NAIKKAN_KP_ATAU_NAIKKAN_KI
4.4551516873264,6.76674211072068,9.21618502831639,4.94508923109098,0.0882888797779484,7.61037693220438,3.33066907387547e-16,1,SISTEM_SUDAH_IDEAL
10.1392989483822,9.1040086651678,6.7929165214446,3.32809581212936,0.112457808203501,3.0660355415332,1.11022302462516e-16,1,SISTEM_SUDAH_IDEAL
10.8572861211913,13.7341411394118,5.17021372608681,4.53099773762771,0.15428431560521,2.36920857774559,0,1,SISTEM_SUDAH_IDEAL
21.4136400987978,14.7159793554159,1.8755216621167,8.79137694459478,0.127382176626246,0.819055994360498,1.11022302462516e-16,1,SISTEM_SUDAH_IDEAL
5.34107699072653,28.2242013487907,1.28815009629432,31.2268391089978,0.238437929708861,4.27301940215232,1.11022302462516e-16,1,TURUNKAN_KP_ATAU_NAIKKAN_KD
16.817688938182,24.146257623059,1.41100816261458,14.2456290986836,0.144607578172642,1.03394482395174,0,1,SISTEM_SUDAH_IDEAL
27.3117642786947,26.0718768209974,9.42284090443268,1.78202938046488,0.0840361396952658,0.283282226796444,2.22044604925031e-16,1,SISTEM_SUDAH_IDEAL
23.0115412245963,7.89151378706459,1.84196099499552,7.8780512026712,0.123891634873818,0.4973783818782,1.11022302462516e-16,1,SISTEM_SUDAH_IDEAL
34.9882027235419,3.71794430090455,1.51344442724013,17.8305305781898,0.0884179416251098,0.362128989564479,2.19502860332454e-10,1,SISTEM_SUDAH_IDEAL
35.2000432358621,12.0329877995792,2.49210151384272,10.0155904532642,0.0844907913426983,0.383485461264283,1.11022302462516e-16,1,SISTEM_SUDAH_IDEAL
14.816752978977,15.9872258093793,1.63544650095544,9.00912337893947,0.157119623592447,1.36626864598057,4.44089209850063e-16,1,SISTEM_SUDAH_IDEAL
1.0581316708988,0.0375827254299188,5.00525589704999,0.138083688981405,3.66941004477019,14.0485137182103,1.42576860118204e-05,1,SISTEM_SUDAH_IDEAL
45.9759516572668,28.3761775742738,3.43346918291925,8.15996191489996,0.078311102659317,0.365889041101908,0,1,SISTEM_SUDAH_IDEAL
27.2167020084226,10.4865918003686,5.03130903209796,1.05902798701465,0.0854495962810654,0.186923495654647,0,1,SISTEM_SUDAH_IDEAL
4.57954807787617,8.31460380836682,3.78475789267472,9.07603418175882,0.404258594066146,5.01362463065529,1.11022302462516e-16,1,SISTEM_SUDAH_IDEAL
39.3292990871367,4.37755850951327,3.92765140616082,3.91344102142481,0.0814822356886715,0.292652543326286,8.95898910613369e-11,1,SISTEM_SUDAH_IDEAL
46.5115804283773,7.46703939644299,7.31906058964227,0.251500677026084,0.0810185385107119,0.0992477096756221,5.04041253179821e-14,1,SISTEM_SUDAH_IDEAL
15.4357624217197,14.1860008047975,6.58459798071484,2.76500479499977,0.087932341682723,2.11544939328931,0,1,SISTEM_SUDAH_IDEAL
34.2848703575498,13.1188944982459,0.234864062098463,42.6885391722015,0.105938656946124,1.10592412268042,3.33066907387547e-16,1,TURUNKAN_KP_ATAU_NAIKKAN_KD
20.6377769919761,25.2104523642052,9.16326827138079,2.46413860444374,0.0851266813312451,1.73242220612557,0,1,SISTEM_SUDAH_IDEAL
29.0980663930051,25.2494912348195,3.56675572401825,3.92071470216662,0.0857719431380758,0.768088528385628,2.22044604925031e-16,1,SISTEM_SUDAH_IDEAL
42.6725456387124,26.7319928393097,6.28194145929798,1.29393531115085,0.0809746043810891,0.0991938903668342,0,1,SISTEM_SUDAH_IDEAL
20.0588159821894,7.52943967735203,9.96289287665442,1.03838320113274,0.0851548773211461,0.552945937831773,1.11022302462516e-16,1,SISTEM_SUDAH_IDEAL
31.9636313462956,22.6326451821633,8.79796987889695,1.33840955053914,0.0834247205010801,0.225132216916876,0,1,SISTEM_SUDAH_IDEAL
23.2601710699095,8.23528997227791,4.74035884883833,1.1005642221984,0.087343053710752,0.238148418464148,1.11022302462516e-16,1,SISTEM_SUDAH_IDEAL
1.59632641298197,6.85632541110948,5.40360828454777,11.8335226569937,0.615776590229786,18.2968920361148,5.69785663095956e-09,1,SISTEM_SUDAH_IDEAL
20.0779768108444,22.6638326767008,8.31956537684523,2.48625468764432,0.085546385976515,1.7367074584406,1.11022302462516e-16,1,SISTEM_SUDAH_IDEAL
28.0992198255707,16.9709727883858,5.98466035295199,1.47462562141363,0.0845810372808476,0.193343762210638,2.22044604925031e-16,1,SISTEM_SUDAH_IDEAL
28.3977717844516,14.3324728590627,3.40815685313639,3.04738309806913,0.0867412701544288,0.471896012392955,3.33066907387547e-16,1,SISTEM_SUDAH_IDEAL
40.6855057132633,23.9423098455035,2.82244316596667,10.316099087876,0.0806037194800231,0.380322936302911,0,1,SISTEM_SUDAH_IDEAL
10.7101394943715,7.51499400606215,2.13457051915405,4.44340039679296,0.196804717414916,2.15606327732459,2.22044604925031e-16,1,SISTEM_SUDAH_IDEAL
27.7793147330273,15.7718252256584,3.04843142102801,4.23254145916943,0.0878829922894959,0.548991172235612,0,1,SISTEM_SUDAH_IDEAL
41.7921306187344,2.38736268943193,4.00904967351721,4.03143519116704,0.0806318116677884,0.28508780861273,8.56409114735612e-08,1,SISTEM_SUDAH_IDEAL
45.1001858999151,26.240196039815,2.2521181925345,15.0594929329535,0.078474939590335,0.342457142381497,0,1,SISTEM_SUDAH_IDEAL
11.8140733725283,27.9916494560887,6.50475496686108,5.45490746235473,0.089621206359834,1.90426311222154,1.11022302462516e-16,1,SISTEM_SUDAH_IDEAL
14.1196516380449,3.53266753323415,7.08539213514765,1.02259824076312,0.0880008668342488,0.74732708850017,2.22044604925031e-16,1,SISTEM_SUDAH_IDEAL
28.9184537283012,3.82956209496397,1.64893737874497,12.5845770979668,0.105983783552381,0.394743170211568,6.55120402370812e-12,1,SISTEM_SUDAH_IDEAL
36.1969615630195,0.834116201332091,2.66070508353108,8.20902442223306,0.0839193816070968,0.346707619303291,1.41126043722295e-05,1,SISTEM_SUDAH_IDEAL
48.1783706016506,0.737133886838368,7.9574964939915,0,0.0811198640620694,0.0993718334760351,5.08684436817397e-05,1,SISTEM_SUDAH_IDEAL
39.3107515611851,2.91565948929596,7.14371680053349,0.0878215641617386,0.0822463482395099,0.141907718736347,1.24347740992903e-08,1,SISTEM_SUDAH_IDEAL
2.42427550513609,1.86584368899543,7.89209641428162,5.08964906753839,0.412158656776507,8.78231899873202,1.49380063874105e-10,1,SISTEM_SUDAH_IDEAL
38.8768565344061,29.6215158934171,9.451484860899,1.2305048879879,0.0824628356345786,0.162724653955247,1.11022302462516e-16,1,SISTEM_SUDAH_IDEAL
36.7442635841902,28.7371267187208,1.29784843676221,24.9397509271176,0.0866630391296247,0.70117265274285,3.33066907387547e-16,1,TURUNKAN_KP_ATAU_NAIKKAN_KD
33.5138995025032,11.402749937231,5.39034978310998,0.80933979390776,0.0832442211065246,0.149130939897786,1.11022302462516e-16,1,SISTEM_SUDAH_IDEAL
46.9648583993297,26.8184849808905,2.24731558204456,15.2028080038913,0.0774870288343986,0.328795683374253,0,1,SISTEM_SUDAH_IDEAL
4.48168208169653,6.4634987744598,6.80827168714728,5.85633183490333,0.279301683197727,6.78729577499819,4.44089209850063e-16,1,SISTEM_SUDAH_IDEAL
21.7359966391671,14.5584440184155,7.20364872913996,1.7464987680504,0.0857780068876644,0.356682491932206,0,1,SISTEM_SUDAH_IDEAL
15.9667559470049,25.0936606637605,8.19507205745791,3.41350222557215,0.086406459668554,1.97777842499393,2.22044604925031e-16,1,SISTEM_SUDAH_IDEAL
15.2557728852978,24.4213749364025,0.261805780914826,38.286469318973,0.151933960210076,1.25645003634594,2.22044604925031e-16,1,TURUNKAN_KP_ATAU_NAIKKAN_KD
41.9676826373389,14.6782874415893,1.02676581841023,28.8182959309779,0.0835599534266722,0.646955707166096,0,1,TURUNKAN_KP_ATAU_NAIKKAN_KD
29.0443432198856,4.55579383396077,9.1955430028322,0.339245469822158,0.0840238127850543,0.359136563114308,7.37188088351104e-14,1,SISTEM_SUDAH_IDEAL
36.4484231407637,4.37306328092032,2.07765820265685,12.8034631320223,0.0848941698890173,0.359452286166422,3.06510372638513e-11,1,SISTEM_SUDAH_IDEAL
24.7033452597967,8.75861680467305,6.6260999083879,0.959914286503727,0.0853921693274007,0.314989766381565,0,1,SISTEM_SUDAH_IDEAL
5.18888061476214,23.096639668299,2.945900708232,15.610375284592,0.262117915273902,4.06896556316934,0,1,SISTEM_SUDAH_IDEAL
8.16476084521358,7.69278232208207,9.70610439286408,3.15402644558933,0.0871924312948703,4.02719487330465,3.33066907387547e-16,1,SISTEM_SUDAH_IDEAL
10.3053009319027,27.1585088005891,1.61328408663772,16.0195985149479,0.176405837572193,1.6129152305142,0,1,SISTEM_SUDAH_IDEAL
23.6650139415511,28.1198628193763,1.35748983098477,17.2921153215482,0.119896190920824,0.564045864408957,2.22044604925031e-16,1,SISTEM_SUDAH_IDEAL
39.3620129166985,19.9253924708427,7.31168845581734,0.95025997399274,0.0820684241781806,0.12618584215992,0,1,SISTEM_SUDAH_IDEAL
8.88869424602705,11.054546606879,7.08218898233716,4.15190455496983,0.113907250473806,3.07557864505241,3.33066907387547e-16,1,SISTEM_SUDAH_IDEAL
20.7601272523628,7.36975128522943,8.82228768670655,1.0036854591895,0.0854166681199397,0.500217208381987,0,1,SISTEM_SUDAH_IDEAL
34.8383363804328,20.4022269345703,0.309773474816943,42.7944626677984,0.103129908727722,1.10642676792642,0,1,TURUNKAN_KP_ATAU_NAIKKAN_KD
32.4352678409222,1.68802045835423,7.37907893956252,0.0406410876169661,0.0835977197880792,0.24180784511923,1.71027570328164e-07,1,SISTEM_SUDAH_IDEAL
49.3255694977263,21.0788826700967,7.44939069270573,0.736407373496095,0.0804998611200056,0.0986123298720068,0,1,SISTEM_SUDAH_IDEAL
29.071314918908,28.4679701801653,0.949016823566954,25.831044183531,0.108656154217451,0.861375506127863,0,1,TURUNKAN_KP_ATAU_NAIKKAN_KD
45.8537780744352,14.698100463875,3.33150412873305,7.75262724146868,0.0786067746548945,0.331917417749818,2.22044604925031e-16,1,SISTEM_SUDAH_IDEAL
43.0169762291798,0.788105590818738,2.14779352784288,13.4991446587962,0.0804960670139858,0.317868870070606,3.15476442401819e-05,1,SISTEM_SUDAH_IDEAL
24.335671700019,26.9628669093639,7.23290453193022,2.38749756730203,0.0849824204511944,1.34949243783519,2.22044604925031e-16,1,SISTEM_SUDAH_IDEAL
43.5809945742949,12.2091970259799,0.948297157833916,30.1177098500877,0.0824881132802153,0.648762593979551,0,1,TURUNKAN_KP_ATAU_NAIKKAN_KD
1.57184826399366,15.4221043568804,5.00670278878449,14.7654735019184,0.42464624424638,21.6276214887084,3.39800324544726e-08,1,SISTEM_SUDAH_IDEAL
39.4699004232872,24.4916924376646,7.30267171771776,1.14487186551291,0.081991239448476,0.120758832513888,1.11022302462516e-16,1,SISTEM_SUDAH_IDEAL
38.6506432855744,9.9776957695295,5.87736255859301,0.546376707351426,0.0819568260374939,0.114341693129377,2.22044604925031e-16,1,SISTEM_SUDAH_IDEAL
40.3782698041041,4.86969218809313,5.95743018986181,0.303597149438883,0.0816539460638402,0.10109720515001,2.14548379062762e-11,1,SISTEM_SUDAH_IDEAL
47.4602694257958,13.0758133980851,2.61208158764289,11.5391287237246,0.0776747964245942,0.312127795513538,2.22044604925031e-16,1,SISTEM_SUDAH_IDEAL
46.8057875683865,5.35137429718483,9.92458186821409,0.149078119820967,0.0818514791628153,0.126730902131058,4.0831782399664e-11,1,SISTEM_SUDAH_IDEAL
36.1957947699735,15.884461076114,2.80474511313055,8.73286613708422,0.0832422178226709,0.389776860060754,0,1,SISTEM_SUDAH_IDEAL
6.37304357473854,3.97776476203017,7.46546306272319,3.2182264282856,0.154112870666923,4.96811290536995,0,1,SISTEM_SUDAH_IDEAL
17.1775205612927,11.1344986075577,4.09229756307653,2.42970459808729,0.122439020343376,1.55578832232886,0,1,SISTEM_SUDAH_IDEAL
41.7816947076157,18.5632031403153,1.70872422194145,19.3959034165561,0.0813841658064691,0.342857284282006,2.22044604925031e-16,1,SISTEM_SUDAH_IDEAL
4.60426142482927,7.34342377988958,0.899129831481439,17.8870635467076,0.355345406615991,2.05606613303988,3.33066907387547e-16,1,SISTEM_SUDAH_IDEAL
8.9536848230696,5.49744123457879,2.9611245941157,3.85205159540549,0.248481034752992,2.82110901783846,1.11022302462516e-16,1,SISTEM_SUDAH_IDEAL
31.5163707791247,22.9117026085016,5.1276240292981,1.79827927848915,0.0836841333206663,0.149272941511473,3.33066907387547e-16,1,SISTEM_SUDAH_IDEAL
34.3363605559495,9.24797591070468,2.92216296916277,6.92163924553222,0.0843415964009031,0.378073569753684,0,1,SISTEM_SUDAH_IDEAL
19.2810263537473,9.21243349689361,4.12400318346514,1.73062709832035,0.108092520998387,0.277117399973986,0,1,SISTEM_SUDAH_IDEAL
22.6349733765637,6.93768198438284,9.18280018938728,0.820055687050325,0.0849922407847785,0.473099696856799,2.22044604925031e-16,1,SISTEM_SUDAH_IDEAL
41.1429197438788,28.5485151007813,8.2946982534022,1.16578912073528,0.0819479677994121,0.121995707514068,0,1,SISTEM_SUDAH_IDEAL
11.886911447712,18.0814774480099,5.40588486602546,4.74317266288715,0.132554580628562,2.11259389492963,0,1,SISTEM_SUDAH_IDEAL
39.0707435489883,26.3113096636798,3.67804406754015,6.10501827300558,0.0810864052572246,0.426885501823287,0,1,SISTEM_SUDAH_IDEAL
40.9386404028399,21.3061902046524,6.96592184570644,0.979093979714474,0.081661776698129,0.101715280133523,4.44089209850063e-16,1,SISTEM_SUDAH_IDEAL
11.9370760255131,4.06855738997476,2.95174853659942,1.93105359557832,0.18120948130912,0.471121840772643,2.22044604925031e-16,1,SISTEM_SUDAH_IDEAL
6.43601893016519,11.5489535438445,9.64597848808345,4.57335000172554,0.0875027885724408,3.66922477391123,1.11022302462516e-16,1,SISTEM_SUDAH_IDEAL
11.4301172679747,8.47406891329584,7.25713221563227,2.69635158612107,0.0884945765027715,2.9468172479952,0,1,SISTEM_SUDAH_IDEAL
7.36012833989784,25.3624804170476,7.65103804692523,6.56932222300677,0.0896627993398639,3.88785445374123,0,1,SISTEM_SUDAH_IDEAL
40.6316161306756,26.9877265599421,8.86086883299143,1.09682102483344,0.0821644248923842,0.139853489906631,3.33066907387547e-16,1,SISTEM_SUDAH_IDEAL
0.880870655595828,16.6748719094304,7.78610136291445,11.2120673457821,0.273745526965562,50.3211654917876,0.000298238321306599,1,SISTEM_SUDAH_IDEAL
4.06386049322127,7.26375335479594,4.55424930765572,8.40597740305869,0.436933671840386,5.88640986373732,2.22044604925031e-16,1,SISTEM_SUDAH_IDEAL
23.3597079559582,26.6746590763648,2.69431406160813,6.50851763103002,0.105854428275429,0.999761116488251,2.22044604925031e-16,1,SISTEM_SUDAH_IDEAL
6.34277258344872,7.09203669997267,2.56977536136911,7.48606641035943,0.332254628748667,2.77310394276724,2.22044604925031e-16,1,SISTEM_SUDAH_IDEAL
4.07689746055584,20.1032365561387,5.24847537323002,10.9712967064219,0.273581004640874,7.09683222232206,1.11022302462516e-16,1,SISTEM_SUDAH_IDEAL
34.2945864590758,14.7443180967948,2.8242843196939,7.92728918275942,0.0843511931164624,0.398459938802695,2.22044604925031e-16,1,SISTEM_SUDAH_IDEAL
26.306055241601,27.744540239598,7.52968222931659,2.16771861131118,0.0844712083716204,1.20671682200164,0,1,SISTEM_SUDAH_IDEAL
24.942530823482,26.7705221511658,9.16640983263281,2.05661937719805,0.0844212041109605,1.31678070258539,0,1,SISTEM_SUDAH_IDEAL
22.8524596876018,9.78926796463558,3.36789844499412,1.66199934298894,0.101841369788177,0.18357021229632,1.11022302462516e-16,1,SISTEM_SUDAH_IDEAL
12.9285353164098,7.04885221723514,3.59963465349144,2.61816030303559,0.165475540211076,2.06653680348826,2.22044604925031e-16,1,SISTEM_SUDAH_IDEAL
14.2702267530242,29.5697086299463,4.92121731959887,5.66450433898842,0.11486374793208,1.5900198898007,2.22044604925031e-16,1,SISTEM_SUDAH_IDEAL
34.6388775521001,4.63185954554816,4.43299365915489,1.52023621602893,0.0831605984235213,0.133840496443003,3.87712084659597e-12,1,SISTEM_SUDAH_IDEAL
8.12718558090408,12.0427304739973,5.96718665055686,5.17079455514493,0.172543343994147,2.85014340953296,2.22044604925031e-16,1,SISTEM_SUDAH_IDEAL
42.3388582177283,27.2685198412293,1.44154930312462,23.8381842009332,0.0812671725903965,0.447255449950406,3.33066907387547e-16,1,TURUNKAN_KP_ATAU_NAIKKAN_KD
28.1146283153688,11.6481996088686,3.02576763671402,4.08568324031495,0.0878636697059962,0.454052578647731,3.33066907387547e-16,1,SISTEM_SUDAH_IDEAL
37.5642531993989,29.2623101431932,3.56500849428161,6.44068918306215,0.0816575638811101,0.477175944602238,1.11022302462516e-16,1,SISTEM_SUDAH_IDEAL
25.391708522889,23.8638281828157,6.87882090497445,2.11243177873897,0.0848930396643649,1.16902153526349,0,1,SISTEM_SUDAH_IDEAL
13.2223341437623,18.7916168676835,2.86250262378904,6.200891015647,0.158826082927094,1.59301851586343,2.22044604925031e-16,1,SISTEM_SUDAH_IDEAL
6.64083373029832,22.7948288129104,6.41162674841106,7.62220682740655,0.16079206412932,3.85872937608363,0,1,SISTEM_SUDAH_IDEAL
25.9050529418763,20.9090919441626,4.42552851656027,2.32570380368988,0.0862867441861498,0.946341618076239,3.33066907387547e-16,1,SISTEM_SUDAH_IDEAL
8.90141875373984,28.6127314170961,0.214616272187139,52.8052441325815,0.18839487662553,2.17555989486976,1.11022302462516e-16,1,TURUNKAN_KP_ATAU_NAIKKAN_KD
28.7398567792911,29.8608816072954,1.67775062978169,16.0696745448385,0.100575314050567,0.48411440178163,0,1,SISTEM_SUDAH_IDEAL
25.3633284983084,12.2811307736878,9.38193549939355,1.11527176797575,0.0844665009555173,0.375737825893302,2.22044604925031e-16,1,SISTEM_SUDAH_IDEAL
24.6786476840939,21.0809199379544,3.63681781370366,2.97287431776974,0.0881803075690825,0.996541473632594,0,1,SISTEM_SUDAH_IDEAL
17.5866084341139,28.0939647977631,7.2448597629284,3.54405732589387,0.0865647800634119,1.74645679756924,2.22044604925031e-16,1,SISTEM_SUDAH_IDEAL
41.547090329027,14.6519600867655,5.67664296093326,1.24462359605224,0.0811228181293776,0.0993754522084876,0,1,SISTEM_SUDAH_IDEAL
36.5610056333429,20.0123010947572,2.49193090526187,11.2170599812082,0.0833593141087757,0.39187226118511,3.33066907387547e-16,1,SISTEM_SUDAH_IDEAL
15.1053031096042,14.4057864928601,9.57662418604568,2.40962550441604,0.0859999386154123,2.40944163007597,4.44089209850063e-16,1,SISTEM_SUDAH_IDEAL
32.4207040177443,20.4178085564323,9.42438041855513,1.17617115523285,0.0833780794126325,0.242260502385869,2.22044604925031e-16,1,SISTEM_SUDAH_IDEAL
50.0001449215731,12.5338478991961,7.65760629351679,0.405196593569168,0.0806041347449434,0.0987400650625557,0,1,SISTEM_SUDAH_IDEAL
22.4580379414807,20.2213715486959,0.945086765389258,21.5764437932775,0.128236333131093,0.990425370860012,0,1,TURUNKAN_KP_ATAU_NAIKKAN_KD
34.3749194778929,8.53740957627086,2.34392582450364,10.3912994356643,0.085520469012502,0.378925027860839,3.33066907387547e-16,1,SISTEM_SUDAH_IDEAL
13.0621473298037,29.0822769776575,7.85781539546632,4.53288098918578,0.0872188033205306,1.97547915983177,2.22044604925031e-16,1,SISTEM_SUDAH_IDEAL
35.4045650654429,29.4697102382419,6.91193830984647,1.61387422410455,0.0826073987926288,0.14364862686368,0,1,SISTEM_SUDAH_IDEAL
10.3194258008359,15.4124090514618,4.71728774285755,5.37196845407806,0.166928753317724,2.2234865522238,4.44089209850063e-16,1,SISTEM_SUDAH_IDEAL
23.5641919264231,28.4453888533012,5.93502880681892,2.85448748209511,0.0857270849093115,1.32298241352474,2.22044604925031e-16,1,SISTEM_SUDAH_IDEAL
8.11865454589294,28.9846908502914,6.04787371597781,7.7152872237942,0.143719189549403,3.27116574427776,0,1,SISTEM_SUDAH_IDEAL
38.8565046358993,17.5317185112816,6.93576351235407,0.877700565529604,0.0820918175776052,0.125542217585916,0,1,SISTEM_SUDAH_IDEAL
41.5148069648629,6.57132579884936,2.50046435397214,11.0964820330412,0.0808620465977589,0.338573784672159,1.10578213252666e-13,1,SISTEM_SUDAH_IDEAL
29.7806372395304,5.05754535309176,6.62541592668274,0.386041512506474,0.084188723458476,0.237571868630601,1.37667655053519e-14,1,SISTEM_SUDAH_IDEAL
36.6709369359785,4.25844848305931,4.20782698459825,2.53448939847041,0.0824647028190951,0.248982945285962,4.74047467946548e-11,1,SISTEM_SUDAH_IDEAL
10.7581232072688,8.45009415787025,6.85256365485112,2.95888947087515,0.101168505696812,3.02365164094949,2.22044604925031e-16,1,SISTEM_SUDAH_IDEAL
38.2366707712738,10.6494618940999,5.97703432902783,0.583803292172891,0.0820706251421691,0.11953223149098,1.11022302462516e-16,1,SISTEM_SUDAH_IDEAL
8.70224853325362,7.44876218644629,0.526106316887199,17.1931934728808,0.23086942095939,1.94674188702415,0,1,SISTEM_SUDAH_IDEAL
8.42505243764908,23.8262737107708,0.624376430695945,33.685228901029,0.203260981083496,1.52635571472361,0,1,TURUNKAN_KP_ATAU_NAIKKAN_KD
4.81820210657273,13.0201509411173,0.117776011415207,51.2503400507566,0.265681399038622,2.59846774348655,3.33066907387547e-16,1,TURUNKAN_KP_ATAU_NAIKKAN_KD
8.69583401547766,29.4411985816494,5.43505383980456,8.00029996051457,0.152773592157575,3.05183839661641,0,1,SISTEM_SUDAH_IDEAL
45.8721382609148,29.2021732351416,1.2246191499087,27.4034497729441,0.0790020807257356,0.640962497926577,2.22044604925031e-16,1,TURUNKAN_KP_ATAU_NAIKKAN_KD
0.375819853219744,0.426414634125594,9.73144699774452,7.05851028945914,0.0888209472798306,80.0065292381662,0.00121754705180988,1,SISTEM_SUDAH_IDEAL
18.1113319108638,13.3308675954864,4.31460020288195,2.57140617825646,0.109843037263685,1.53573823585098,0,1,SISTEM_SUDAH_IDEAL
10.36106745087,14.1172222804452,6.91204144583123,4.14464234573304,0.0982457502441594,2.65550097387721,2.22044604925031e-16,1,SISTEM_SUDAH_IDEAL
22.4155627810801,12.5240044149206,2.30284615655896,5.79203259439844,0.119819313503196,0.691707677259194,1.11022302462516e-16,1,SISTEM_SUDAH_IDEAL
43.1197132180795,28.2006807562716,3.16357573073904,9.10543186875414,0.0793345965649763,0.379641724555013,3.33066907387547e-16,1,SISTEM_SUDAH_IDEAL
48.6294908528048,26.6463853308855,8.22058974375779,0.866536036681986,0.0809139714995198,0.0991196150869118,0,1,SISTEM_SUDAH_IDEAL
32.3310654768044,25.0498535888406,0.473852885718591,37.5316563677071,0.106153996534717,0.824137176784489,1.11022302462516e-16,1,TURUNKAN_KP_ATAU_NAIKKAN_KD
29.6681972151104,29.7723230610986,2.56436844678114,9.14576762939541,0.087485299006314,0.667735163834198,2.22044604925031e-16,1,SISTEM_SUDAH_IDEAL
5.409110689198,7.28457203415524,3.22844929251036,8.01484616819048,0.379081680808198,3.03258018458484,1.11022302462516e-16,1,SISTEM_SUDAH_IDEAL
28.0053553223207,8.88978017845232,7.08678961558552,0.77493604256913,0.0844562045117822,0.274147989257823,2.22044604925031e-16,1,SISTEM_SUDAH_IDEAL
21.8910926762093,25.3854011338208,2.49080719118603,7.06518875312279,0.115301309335894,1.04484108081901,2.22044604925031e-16,1,SISTEM_SUDAH_IDEAL
41.1524100223121,24.7701303125268,2.55092210606592,12.2253637213591,0.080487094875117,0.373060029061587,0,1,SISTEM_SUDAH_IDEAL
36.7820754689295,19.9151496184584,7.85937314971162,1.02162534678778,0.0826248046480361,0.161085075921097,0,1,SISTEM_SUDAH_IDEAL
37.7902426674329,29.9199109542079,7.70399870341708,1.41157503730951,0.082312769300472,0.138476087167915,1.11022302462516e-16,1,SISTEM_SUDAH_IDEAL
44.1614128547898,10.5166117985192,8.09838874518952,0.398558738641452,0.0816442436989719,0.10104913294803,0,1,SISTEM_SUDAH_IDEAL
48.6161489295516,7.11215219299292,4.22666190336821,4.60518856293333,0.0784737854711416,0.28712399570492,5.02264896340421e-13,1,SISTEM_SUDAH_IDEAL
49.9233034033419,18.3532012297768,0.184948211971611,48.9543657230611,0.0794800852892768,0.968630737175617,2.22044604925031e-16,1,TURUNKAN_KP_ATAU_NAIKKAN_KD
48.0102901828698,1.64494739756501,9.68550374614183,0,0.0816993725092733,0.108803606959336,5.11309869555276e-07,1,SISTEM_SUDAH_IDEAL
20.902230268136,25.5306570493528,8.87484944210047,2.4842433292428,0.0851673902307237,1.69612030816986,4.44089209850063e-16,1,SISTEM_SUDAH_IDEAL
24.188069221523,2.70732543386146,4.91365170282782,0.28080408516753,0.0868792782727081,0.263807790851442,1.11029407889873e-10,1,SISTEM_SUDAH_IDEAL
31.4617494074487,18.1557825810424,5.79439457532009,1.34563980930726,0.0836674332365392,0.164381043948082,2.22044604925031e-16,1,SISTEM_SUDAH_IDEAL
33.7315598682957,11.7234908228755,0.399539253729188,37.6673310072166,0.105814903986188,0.781912531053455,0,1,TURUNKAN_KP_ATAU_NAIKKAN_KD
4.52380334207323,29.7421155365243,2.62892809594294,20.5804030676528,0.251262860676175,5.54831524711958,0,1,TURUNKAN_KP_ATAU_NAIKKAN_KD
2.28255610898081,22.147625153106,3.53688177027746,19.1886658265918,0.346831749919242,14.2680027623523,1.29296573447846e-12,1,SISTEM_SUDAH_IDEAL
38.2450298423779,23.5232951197725,0.282890111123113,46.3664213868166,0.0959939194482935,1.10721684170492,2.22044604925031e-16,1,TURUNKAN_KP_ATAU_NAIKKAN_KD
40.269115133868,27.4062700576537,9.55315345483227,1.09155568850998,0.0823286925825971,0.155853178348422,1.11022302462516e-16,1,SISTEM_SUDAH_IDEAL
46.9396962372223,26.5772626049844,8.36095542362622,0.902832683741939,0.0811930800123433,0.0994615230151206,1.11022302462516e-16,1,SISTEM_SUDAH_IDEAL
45.6384282508159,17.0413082491558,8.81041226336897,0.60330489106708,0.0816025534397194,0.0999631279636562,1.11022302462516e-16,1,SISTEM_SUDAH_IDEAL
10.6308922275922,23.5734564468354,4.19511593902693,7.19289726944592,0.162006857988121,1.75877485728408,1.11022302462516e-16,1,SISTEM_SUDAH_IDEAL
31.6492257677613,29.8536308601977,1.42809492286737,20.8797266651158,0.095376693039211,0.407997139788469,2.22044604925031e-16,1,TURUNKAN_KP_ATAU_NAIKKAN_KD
18.5435596837185,0.505129072500655,5.15689810385195,0,0.0894336914587257,0.513453671912434,1.04285523823133e-05,1,SISTEM_SUDAH_IDEAL
30.9861333488144,4.41068973349313,1.074262377118,21.1178858533042,0.106748974540129,0.551661272434139,1.57140966905445e-12,1,TURUNKAN_KP_ATAU_NAIKKAN_KD
47.9771484710255,27.028880673349,8.01595882074444,0.910803843395525,0.0809075624704497,0.0991117640263009,1.11022302462516e-16,1,SISTEM_SUDAH_IDEAL
4.52242986623713,0.75537248697691,8.34768139923243,1.44350307879579,0.134919647648497,2.67517082962124,2.22044604925031e-16,1,SISTEM_SUDAH_IDEAL
7.46751408077724,27.7645288473076,9.33466991589559,5.81508373742536,0.0873445311171994,4.0570108584304,1.11022302462516e-16,1,SISTEM_SUDAH_IDEAL
5.45545609308111,26.3283679858849,4.06329516969627,12.6405897023869,0.234369544996634,4.32295709789233,2.22044604925031e-16,1,SISTEM_SUDAH_IDEAL
7.0574636369479,23.9018663025364,1.32908654088512,22.5146466620199,0.222713109511101,2.06290360631065,2.22044604925031e-16,1,TURUNKAN_KP_ATAU_NAIKKAN_KD
24.5101008631008,22.7617240235844,9.56681576520803,1.84481118546311,0.0844532470560638,0.335347347759173,0,1,SISTEM_SUDAH_IDEAL
47.2165802801019,9.66134700329774,9.24013605830732,0.309811451809505,0.081603452405147,0.099964229196305,0,1,SISTEM_SUDAH_IDEAL
31.438433009647,19.3401839623515,6.11262670435386,1.3944031619384,0.0836199753340065,0.169192014119544,4.44089209850063e-16,1,SISTEM_SUDAH_IDEAL
2.49452103845921,20.3037653268068,9.6595039042862,7.94519635299054,0.0881302087331066,13.9185150716438,1.00632386867971e-08,1,SISTEM_SUDAH_IDEAL
46.3054332256369,12.4875834729258,3.21968671367655,8.15042427680055,0.0784266282534884,0.323486550236107,0,1,SISTEM_SUDAH_IDEAL
6.30615293378211,22.4507717599086,3.17660335959826,12.8320939727711,0.239130695514321,2.96006503123854,0,1,SISTEM_SUDAH_IDEAL
1.57649876123259,21.891269199199,6.82759428033865,11.9819064320379,0.276979714451666,24.5961651600305,1.11243189993004e-06,1,SISTEM_SUDAH_IDEAL
25.8237762966543,24.239244768531,8.95353668528828,1.85939034910332,0.08434625220793,0.296091583531708,2.22044604925031e-16,1,SISTEM_SUDAH_IDEAL
49.7216829935601,12.1357678201836,2.38121015212898,13.0718943249266,0.0765763998285237,0.295780369742075,2.22044604925031e-16,1,SISTEM_SUDAH_IDEAL
6.94926719891636,12.9898954363782,8.40225366898608,4.96099432785688,0.0884117073577309,3.25685616055069,4.44089209850063e-16,1,SISTEM_SUDAH_IDEAL
34.2800347699951,9.1119416533227,3.72157471558051,3.61469497806315,0.0835255084309414,0.33490988263331,2.22044604925031e-16,1,SISTEM_SUDAH_IDEAL
9.00283547072928,10.7627352784136,2.55757838291377,6.74243877437224,0.224238403767464,2.15069252470773,1.11022302462516e-16,1,SISTEM_SUDAH_IDEAL
19.3061969738117,5.88636708111201,4.47619697628552,1.10259249150131,0.10097937046396,0.333601849526659,1.11022302462516e-16,1,SISTEM_SUDAH_IDEAL
4.22971437409481,7.83966534489565,4.72596179957223,8.23133069877091,0.409476791171035,5.74490315433133,2.22044604925031e-16,1,SISTEM_SUDAH_IDEAL
21.7380705493407,0.613440696348353,1.58479140616107,7.73466116169199,0.133521971616482,0.45263703432256,7.18540151611879e-06,1,SISTEM_SUDAH_IDEAL
33.1808959517838,17.5493503828097,1.81196434355836,15.5101812164174,0.0879987411851425,0.393268589749926,1.11022302462516e-16,1,SISTEM_SUDAH_IDEAL
17.5638183977969,18.8149406146636,5.1194059102581,3.24065592266718,0.090163369009451,1.69073542678376,1.11022302462516e-16,1,SISTEM_SUDAH_IDEAL
42.1842103618898,3.0683017239051,9.61379023755881,0.0768827614842982,0.0823238364265004,0.173831295014582,1.35432063341767e-08,1,SISTEM_SUDAH_IDEAL
7.80021537580271,22.0486577393522,9.92422077384397,5.02400855166616,0.0869585503147744,4.43655805443634,2.22044604925031e-16,1,SISTEM_SUDAH_IDEAL
23.5879903797171,13.9241082519092,6.10400142959526,1.59494558472613,0.0858802979743191,0.280942861270645,0,1,SISTEM_SUDAH_IDEAL
48.0839893924249,8.4587135661067,9.33176809193157,0.256355021765842,0.0815410594653998,0.0998877978451148,4.21884749357559e-15,1,SISTEM_SUDAH_IDEAL
12.8572835940441,23.4655132206039,3.08060254377485,7.18754463594085,0.156205371194681,1.5006197782937,2.22044604925031e-16,1,SISTEM_SUDAH_IDEAL
13.6598635405604,4.39874252373261,9.83311030822042,1.1855123631229,0.0862221136461176,0.863526684808281,3.33066907387547e-16,1,SISTEM_SUDAH_IDEAL
3.23796265046593,22.4082618849468,3.03084740486423,19.2547654151892,0.316656712536551,8.11091183642522,2.22044604925031e-16,1,SISTEM_SUDAH_IDEAL
34.4213708784671,19.3380480658381,1.18542429349372,24.2840173002064,0.0927172301344631,0.511628089986686,1.11022302462516e-16,1,TURUNKAN_KP_ATAU_NAIKKAN_KD
21.8813869006197,8.40695163507601,1.29905873501818,12.8440931056841,0.131905958092666,0.4973044891596,1.11022302462516e-16,1,SISTEM_SUDAH_IDEAL
27.3050435603644,9.93217880183338,0.642978274141798,24.9376875296483,0.11912859701194,0.849653919475644,4.44089209850063e-16,1,TURUNKAN_KP_ATAU_NAIKKAN_KD
4.47775062968063,12.2843267661861,7.31639504251195,7.04074481201387,0.188447613763449,5.67351179595083,4.44089209850063e-16,1,SISTEM_SUDAH_IDEAL
42.3307482776702,12.2472668391054,6.98423827217906,0.532131111341227,0.0815291371791805,0.0998731930444962,0,1,SISTEM_SUDAH_IDEAL
21.7248469538583,6.51807754207,7.18754254705088,0.881983903762018,0.085908375637073,0.42715690936927,0,1,SISTEM_SUDAH_IDEAL
20.6272080268082,27.5403236136019,6.44855424479608,3.11995282662125,0.0862838117137731,1.53102992755882,0,1,SISTEM_SUDAH_IDEAL
19.2623524856448,10.6651532258213,1.67426181044287,8.60694893518246,0.138990099212298,0.760562935061219,2.22044604925031e-16,1,SISTEM_SUDAH_IDEAL
28.9248255672631,20.7393291871015,6.0758856563756,1.67100198767312,0.0842646102648212,0.184757018718612,0,1,SISTEM_SUDAH_IDEAL
47.4217705847039,22.7219022092381,2.08276496790163,16.294233555526,0.0773777409395884,0.314063591423341,1.11022302462516e-16,1,SISTEM_SUDAH_IDEAL
30.749951050631,21.1451781185495,8.53815766279326,1.35507372080086,0.0836342871040178,0.23736648977074,2.22044604925031e-16,1,SISTEM_SUDAH_IDEAL
24.673689716346,25.8713383173991,6.83179222240112,2.33331438447397,0.0850519419170759,1.2922595095775,0,1,SISTEM_SUDAH_IDEAL
6.19864669139653,28.1516981124825,0.0690943247259534,73.7320640856909,0.204825417817861,5.72952959353036,2.22044604925031e-16,1,TURUNKAN_KP_ATAU_NAIKKAN_KD
8.22599238352846,18.9426734640349,2.05966435550183,12.5307470712529,0.215417042965633,2.23270951679603,0,1,SISTEM_SUDAH_IDEAL
34.1819411386423,16.5106025194699,7.82938435597797,0.966714089219223,0.0831032681515281,0.187104921841942,2.22044604925031e-16,1,SISTEM_SUDAH_IDEAL
13.6435152717614,7.48404328887639,9.35471793918944,1.79948044254918,0.086434887917124,0.73841241808773,4.44089209850063e-16,1,SISTEM_SUDAH_IDEAL
7.59785308002732,6.69601503738589,5.69503665697896,4.10621934431863,0.214298586228571,3.57365072899317,1.11022302462516e-16,1,SISTEM_SUDAH_IDEAL
33.5399333417433,8.57354490667063,5.24283084411578,0.606281730189395,0.0833025102553447,0.149158314328135,0,1,SISTEM_SUDAH_IDEAL
11.1165655465062,16.9683455340695,3.64790415343302,6.06915419111629,0.170385353980271,1.90453928595853,1.11022302462516e-16,1,SISTEM_SUDAH_IDEAL
24.6057948142655,13.1806690941472,9.34349091283093,1.23435815361086,0.084579350075014,0.381296086013177,1.11022302462516e-16,1,SISTEM_SUDAH_IDEAL
47.348487781833,25.4674764133243,1.01504110732079,30.4394705599615,0.0784768753982061,0.648239083284964,1.11022302462516e-16,1,TURUNKAN_KP_ATAU_NAIKKAN_KD
41.3515839238608,8.62722769648315,5.27307208747318,1.55226451175523,0.0810998528866684,0.0993473197861688,0,1,SISTEM_SUDAH_IDEAL
5.24881565775192,13.5437953970474,3.01912987993843,11.821110517054,0.316956154951417,3.70850002307861,0,1,SISTEM_SUDAH_IDEAL
30.9026457680445,10.7583786508469,6.11261716382325,0.824773730198247,0.0838981003833901,0.183427702591738,1.11022302462516e-16,1,SISTEM_SUDAH_IDEAL
42.7580836942127,25.6162962431942,5.46524001631348,2.19390738442502,0.0805593427322188,0.249902986771717,0,1,SISTEM_SUDAH_IDEAL
32.0429489383022,9.4784612500312,0.778859046502277,27.7589352466638,0.106305222068803,0.750469021774331,1.11022302462516e-16,1,TURUNKAN_KP_ATAU_NAIKKAN_KD
0.685243295548982,19.1179725574437,4.81134452702335,18.9172642601065,0.395869406084815,148.058855051863,0.0079436794371962,1,SISTEM_SUDAH_IDEAL
2.41957846507533,16.5149279824835,3.42811307759592,17.8767904148378,0.396875292967599,11.47258603565,4.55191440096314e-15,1,SISTEM_SUDAH_IDEAL
1.11048926232376,19.3375857001317,5.49601814588616,15.0854229267608,0.381012268373244,40.193725370858,5.96145004171378e-05,1,SISTEM_SUDAH_IDEAL
20.8449822172229,24.1406706596768,1.5857582512483,13.6641395801209,0.128494780435698,0.947647338851173,0,1,SISTEM_SUDAH_IDEAL
37.7089412971122,14.621358148223,4.20327292581627,3.41579731966777,0.0818574209792339,0.330798247499293,2.22044604925031e-16,1,SISTEM_SUDAH_IDEAL
34.1618817121809,29.8300362527113,9.83075260560079,1.45035896065162,0.0830720285369244,0.207827047178447,0,1,SISTEM_SUDAH_IDEAL
50.0069074528655,15.5971504503408,6.64658798452314,1.17294226036209,0.0799693994083231,0.0979625142751958,5.55111512312578e-16,1,SISTEM_SUDAH_IDEAL
40.624071715462,6.81784470528041,6.71166302785527,0.297952747980545,0.0818249748915696,0.112093646706993,1.82076576038526e-14,1,SISTEM_SUDAH_IDEAL
26.0282580334601,7.24019944875792,4.38359773700551,0.821766319815875,0.0866197333754858,0.185111620855058,2.22044604925031e-16,1,SISTEM_SUDAH_IDEAL
31.2318191756715,19.8985041889999,6.53147493067581,1.39877203136867,0.0836316400445639,0.178318842572162,2.22044604925031e-16,1,SISTEM_SUDAH_IDEAL
46.0841564700088,18.2146640084897,0.569748731230224,39.0645530977872,0.0815037474037292,0.666134171849174,1.11022302462516e-16,1,TURUNKAN_KP_ATAU_NAIKKAN_KD
20.8640296743387,14.1904251010082,2.82925172645024,3.35001735957654,0.119548964113404,1.05427776706982,0,1,SISTEM_SUDAH_IDEAL
13.6594230309919,17.4957318938629,5.35374600383481,4.0445325442179,0.117286558003379,2.02386830989678,0,1,SISTEM_SUDAH_IDEAL
18.0567118329949,16.4459882847286,0.909229148787177,19.9611518667389,0.144381142100032,1.15123030361299,0,1,SISTEM_SUDAH_IDEAL
14.438660717153,14.7542256016302,5.59910299396318,3.31498675800226,0.104542482561379,2.09021381001827,2.22044604925031e-16,1,SISTEM_SUDAH_IDEAL
21.1642425784244,15.3352870813243,3.95922708111803,2.43342817233236,0.0968121088678027,1.19274872375057,2.22044604925031e-16,1,SISTEM_SUDAH_IDEAL
7.53569608997512,26.537877223181,3.54657309569312,11.3071431994958,0.198484341475844,2.77887260242235,2.22044604925031e-16,1,SISTEM_SUDAH_IDEAL
29.2162978457978,17.6510946304079,6.29702879501233,1.4118623771753,0.0841908851658438,0.191140626000572,2.22044604925031e-16,1,SISTEM_SUDAH_IDEAL
30.3355077899526,21.2572099079914,7.21434497390119,1.47899258384103,0.0837681876693122,0.197669585538694,2.22044604925031e-16,1,SISTEM_SUDAH_IDEAL
20.7246480682889,5.56768182906976,0.239013899410038,32.8363505015052,0.139406379376624,1.00829638761941,0,1,TURUNKAN_KP_ATAU_NAIKKAN_KD
20.3921894758179,25.9777955260114,8.74862665379216,2.60309757351109,0.0852926654269027,1.72505143015339,1.11022302462516e-16,1,SISTEM_SUDAH_IDEAL
40.4093181897029,16.3916818749905,6.89711685452194,0.775117609941178,0.0818002379141061,0.109935649057681,3.33066907387547e-16,1,SISTEM_SUDAH_IDEAL
34.0481894114707,24.3724340743378,1.30598373299495,23.0548931265643,0.0910139867997476,0.380365727318756,2.22044604925031e-16,1,TURUNKAN_KP_ATAU_NAIKKAN_KD
8.58580194710829,21.0510526321102,3.51516510780269,9.10563504896762,0.192627796440924,2.75951742453673,2.22044604925031e-16,1,SISTEM_SUDAH_IDEAL
31.5886511205823,24.8935737552752,2.57691633588125,9.39243247752726,0.0862670229586899,0.513935866821205,0,1,SISTEM_SUDAH_IDEAL
43.441122415544,28.5325435681743,4.55516091989578,4.23765936244493,0.0798193981437486,0.378815818923781,2.22044604925031e-16,1,SISTEM_SUDAH_IDEAL
16.4097556872614,4.73317957910535,8.10096758292168,1.00964022354193,0.0866385122750367,0.660209604264729,1.11022302462516e-16,1,SISTEM_SUDAH_IDEAL
40.4143811505512,20.6372084827686,2.23792424370452,14.1435444103098,0.0813376963954712,0.364844197845699,0,1,SISTEM_SUDAH_IDEAL
16.7760573058627,1.50658501116246,1.6614144169845,4.11494020757421,0.155131137906878,0.493624574045031,3.95332544478322e-09,1,SISTEM_SUDAH_IDEAL
19.7116808721824,26.7948962221866,6.63441434884704,3.18527870325855,0.0864294480838856,1.60430860863972,0,1,SISTEM_SUDAH_IDEAL
16.5592840977671,24.7386142494991,2.42178815325269,7.22666686287006,0.139740203005963,1.2440783241637,1.11022302462516e-16,1,SISTEM_SUDAH_IDEAL
45.4684971776781,8.74438106474145,6.2319774304647,0.876582727150743,0.0806346355180713,0.0987774285096373,4.44089209850063e-16,1,SISTEM_SUDAH_IDEAL
40.4378819352321,0.959593824512037,8.79317152964388,0,0.0824290961652634,0.176021862625821,1.07662762900418e-05,1,SISTEM_SUDAH_IDEAL
49.527175651797,19.4789798899258,3.78669088677136,6.59164293459749,0.0775671502885252,0.320199599710854,1.11022302462516e-16,1,SISTEM_SUDAH_IDEAL
36.6631330982161,27.5992165311224,4.95371279364399,2.21088345373794,0.0819956582858961,0.414321850715212,1.11022302462516e-16,1,SISTEM_SUDAH_IDEAL
9.13962509127406,14.2024025983629,0.714151059626476,20.8556879204926,0.211270382065764,1.23633708464048,2.22044604925031e-16,1,TURUNKAN_KP_ATAU_NAIKKAN_KD
45.9151259079952,15.353978393452,2.54568382928529,12.0491159900361,0.0783271119313581,0.327594465693789,2.22044604925031e-16,1,SISTEM_SUDAH_IDEAL
20.3283584573044,28.7749299685067,6.57100043315453,3.23765385566572,0.08626684499411,1.54401733932697,3.33066907387547e-16,1,SISTEM_SUDAH_IDEAL
38.5655729728606,3.43636969452914,2.63992595387656,9.2629097071897,0.0824757512433901,0.345160104582669,1.97392013845388e-09,1,SISTEM_SUDAH_IDEAL
40.6625662184404,22.7605214423132,4.23186772507955,4.37256843535918,0.0806589750341431,0.375825430269336,1.11022302462516e-16,1,SISTEM_SUDAH_IDEAL
34.5821827530171,20.6286103043567,1.82765205033031,16.3509289199829,0.0865741897831524,0.388575054712458,2.22044604925031e-16,1,SISTEM_SUDAH_IDEAL
0.711594699264317,0.850217862097649,1.01482413215006,24.9712596025326,1.66417822986738,16.1246602456667,4.50128823104023e-12,1,TURUNKAN_KP_ATAU_NAIKKAN_KD
42.2529299940493,3.1058859516738,3.20688856316357,7.04312239650426,0.0803292256439621,0.316702360475904,1.33145743319574e-08,1,SISTEM_SUDAH_IDEAL
36.5955869325411,10.9766462372347,5.10187327153877,1.06143839377257,0.0823405828322434,0.121582033685288,3.33066907387547e-16,1,SISTEM_SUDAH_IDEAL
13.041920568079,17.3124207140387,4.6755438445152,4.52901601331777,0.139176697425959,1.9692639550302,2.22044604925031e-16,1,SISTEM_SUDAH_IDEAL
36.653871230709,3.14780859491534,9.79718314977743,0.118680960106765,0.0830002856868718,0.25358143506572,2.68841016115573e-09,1,SISTEM_SUDAH_IDEAL
20.8691949910041,23.8452614286044,4.30861158618989,3.45087064123715,0.088747508748814,1.33980109494875,0,1,SISTEM_SUDAH_IDEAL
40.6320852745654,14.5411884035374,5.3897930346791,1.51623400446614,0.0812335920799138,0.0995111502978944,0,1,SISTEM_SUDAH_IDEAL
0.647384275946194,18.1575047423028,2.29676101938273,999,999,999,1,0,TURUNKAN_KP_DAN_KI
34.6036967248124,15.5100179714579,1.96347796495072,14.3997292622318,0.0862534659970581,0.385524044923298,1.11022302462516e-16,1,SISTEM_SUDAH_IDEAL
42.0503878265661,2.92402334759244,2.70912092911238,9.56122584932226,0.0805511126013585,0.326383887967717,2.17918794120919e-08,1,SISTEM_SUDAH_IDEAL
22.3747952760948,17.2155085430113,1.07342535102812,18.5466200789962,0.128710914666611,0.924016012109289,1.11022302462516e-16,1,SISTEM_SUDAH_IDEAL
5.62261188790495,0.479273749233812,4.25413028247781,0.642488973985911,0.511695292352311,1.82282011177576,1.09675784010221e-08,1,SISTEM_SUDAH_IDEAL
15.1242108066932,8.15949531494407,6.55734994730448,1.90992384090196,0.0881651436565604,0.553395662429961,0,1,SISTEM_SUDAH_IDEAL
38.4050738776827,27.3163225778001,4.79011591396335,2.84713144648749,0.0814413224013678,0.402380567248552,1.11022302462516e-16,1,SISTEM_SUDAH_IDEAL
43.8003925945224,2.49220307389731,6.7413280470964,0.042543339308998,0.0812869630086589,0.0995765296856071,8.25496602185893e-08,1,SISTEM_SUDAH_IDEAL
37.0938861731948,11.5495364755973,6.589252867041,0.636499774160315,0.0824481628399442,0.141186507970542,0,1,SISTEM_SUDAH_IDEAL
1.07237832570928,17.948688473157,3.34431464187882,23.0202607119335,0.435211133336659,48.1105798943764,5.68932388596011e-05,1,TURUNKAN_KP_ATAU_NAIKKAN_KD
5.80266726065524,20.0390653582608,5.43054999654785,8.86222400405154,0.21790405392017,3.90128780918436,0,1,SISTEM_SUDAH_IDEAL
8.9695372319294,11.8778343176359,4.92164202901599,5.18305412529445,0.185010898520835,2.60110131152299,1.11022302462516e-16,1,SISTEM_SUDAH_IDEAL
21.9941849826988,19.061003918146,1.52731866335638,13.1664038113008,0.126546973885902,0.675484916373313,3.33066907387547e-16,1,SISTEM_SUDAH_IDEAL
46.565425710109,26.1049652104741,2.65589123035631,12.1461928369498,0.0777589165686944,0.342925951154252,1.11022302462516e-16,1,SISTEM_SUDAH_IDEAL
25.5525776293597,14.7133633925286,0.415342237313883,29.8888441729594,0.123470254997873,0.929494721821488,0,1,TURUNKAN_KP_ATAU_NAIKKAN_KD
20.3328905592228,11.3540058136884,1.66887624291128,9.3310455993173,0.1343918117514,0.671071747569118,2.22044604925031e-16,1,SISTEM_SUDAH_IDEAL
42.5750853275417,19.5832318736032,5.18768261806202,2.37615037518353,0.0805589960055741,0.25654890779359,1.11022302462516e-16,1,SISTEM_SUDAH_IDEAL
36.1495894548294,2.43730608666013,9.27685929887909,0.0754134299851827,0.0830452389928774,0.24886251615877,3.00389471075135e-08,1,SISTEM_SUDAH_IDEAL
1.80102714917595,6.79505142856025,4.99844928417646,11.9946089041226,0.617723623622648,15.0603354797338,4.21720436349915e-11,1,SISTEM_SUDAH_IDEAL
7.21415146292613,7.56465654332337,9.08150781497846,3.62695486664668,0.0878305206429706,4.1342416146946,0,1,SISTEM_SUDAH_IDEAL
26.9851099047354,25.7550213623834,5.23252672215372,2.38926553476573,0.0850877159127734,1.03061169230139,1.11022302462516e-16,1,SISTEM_SUDAH_IDEAL
42.5779639497871,7.1521362706235,1.15822044447559,25.7031336601863,0.0827831327878133,0.483208693611476,2.97539770599542e-14,1,TURUNKAN_KP_ATAU_NAIKKAN_KD
32.4583464724767,3.22696816808308,2.8554263513804,6.00358672967323,0.0857772232963085,0.360665875378137,5.70688607481884e-10,1,SISTEM_SUDAH_IDEAL
5.02070195544549,8.5887102138589,9.12394619531322,5.01668717160209,0.0882310370907383,6.74372466608948,3.33066907387547e-16,1,SISTEM_SUDAH_IDEAL
25.7916392492903,7.94495185234866,3.42460121568828,1.79373228073889,0.0884276601883171,0.170600031927248,0,1,SISTEM_SUDAH_IDEAL
24.6707714474211,23.7555749426619,2.56799697264096,6.80989638017315,0.103178851398264,0.901031317092375,1.11022302462516e-16,1,SISTEM_SUDAH_IDEAL
31.0330624135662,29.8805808948095,0.135273695993994,45.9688674455587,0.110510071372194,1.25470036626038,0,1,TURUNKAN_KP_ATAU_NAIKKAN_KD
23.0381356117284,15.6267560275286,8.77315603502648,1.57699613857443,0.0849409905712389,0.376448800847017,2.22044604925031e-16,1,SISTEM_SUDAH_IDEAL
7.66310300608034,5.55540841903432,9.2985555586119,2.88906135717073,0.0875977117906279,4.47708929611991,1.11022302462516e-16,1,SISTEM_SUDAH_IDEAL
39.3079890256737,4.78874802822785,9.36732299786097,0.19071799747008,0.0826229175120507,0.194329345802646,1.53634882593678e-11,1,SISTEM_SUDAH_IDEAL
3.36952637939158,11.4155025387846,6.9203744872213,8.27407558580229,0.278537877481667,8.25617667431735,4.88498130835069e-15,1,SISTEM_SUDAH_IDEAL
1.49371965658758,26.6206255652736,9.16563981238469,9.51262381664957,0.0887057643656876,29.2509303056198,2.54735977456289e-05,1,SISTEM_SUDAH_IDEAL
22.0246797020441,6.84584575819922,6.09147485144885,0.942429519735866,0.0864877977859362,0.363713258969512,2.22044604925031e-16,1,SISTEM_SUDAH_IDEAL
46.3679106421014,19.0682468532245,0.548170982951762,39.6899706854201,0.0812816434262993,0.665375062824207,1.11022302462516e-16,1,TURUNKAN_KP_ATAU_NAIKKAN_KD
49.708949423072,8.86848643674229,2.40091030194131,12.6981708047771,0.0766760015591178,0.294456026690278,5.10702591327572e-15,1,SISTEM_SUDAH_IDEAL
19.3934420957564,7.83337759068321,2.24696591868358,3.92154197465062,0.135707033809059,0.646825815337213,2.22044604925031e-16,1,SISTEM_SUDAH_IDEAL
18.5071752849555,5.22919485775927,7.68121407500102,0.921916690625535,0.0864143922934002,0.557860348270613,0,1,SISTEM_SUDAH_IDEAL
29.2845778673233,9.44772973991874,9.04313402242704,0.715793694309341,0.083953297591151,0.317438755407619,0,1,SISTEM_SUDAH_IDEAL
45.0029486562611,13.0436050512957,0.706344278453458,35.210245022897,0.0821686226888487,0.66352687089293,0,1,TURUNKAN_KP_ATAU_NAIKKAN_KD
32.3486777610337,25.1496905433554,9.03732297764071,1.41351746508891,0.0833425759984207,0.22021239652153,0,1,SISTEM_SUDAH_IDEAL
31.1060711685375,12.7498859812415,0.0589659630966277,43.5868932054585,0.113355512758565,1.23841629540213,0,1,TURUNKAN_KP_ATAU_NAIKKAN_KD
48.6043483938245,15.9215217775914,3.40749393072182,7.73358060350939,0.0776150252935063,0.317318765930388,1.11022302462516e-16,1,SISTEM_SUDAH_IDEAL
29.6940936381722,26.7386500957296,4.53465983988716,2.47449091763587,0.084495653366587,0.823022449529135,1.11022302462516e-16,1,SISTEM_SUDAH_IDEAL
34.8109843652963,27.4463006414447,1.11424739590926,26.8837449303292,0.0915965124238187,0.74898577525427,2.22044604925031e-16,1,TURUNKAN_KP_ATAU_NAIKKAN_KD
11.2716900723602,14.6455792918656,7.98279861696297,3.60574782139673,0.0877507769743514,2.68698631592345,2.22044604925031e-16,1,SISTEM_SUDAH_IDEAL
22.1537989921051,5.087321856526,8.8310113946706,0.639861026197219,0.0851961163476045,0.496354850058846,2.22044604925031e-16,1,SISTEM_SUDAH_IDEAL
1.53729638364078,10.7641000877942,8.64228863738848,8.87316666881657,0.176578999776494,21.2436196911407,1.20949663195979e-06,1,SISTEM_SUDAH_IDEAL
36.8605525121534,19.680074772995,4.961141171955,1.81087089595973,0.0820848736136836,0.112409292871563,2.22044604925031e-16,1,SISTEM_SUDAH_IDEAL
5.02217607564398,7.8872827205184,4.64115565075664,7.31592444404408,0.366102933904347,5.20003107831143,2.22044604925031e-16,1,SISTEM_SUDAH_IDEAL
25.6937066781917,17.8944751056559,4.70617206183375,1.96328278814919,0.0861448250332397,0.182699634129653,0,1,SISTEM_SUDAH_IDEAL
20.7838515567159,15.3955509646068,1.56799326939944,11.5417623502876,0.131814460685517,0.780755468431543,0,1,SISTEM_SUDAH_IDEAL
12.2180657320419,5.86985160485226,6.99984664075966,1.94871714011233,0.0885941962579787,0.740869700437061,0,1,SISTEM_SUDAH_IDEAL
27.4765104467986,3.04172863656808,3.47522092212207,1.41746086558301,0.0874741377058915,0.166103368020819,1.32445832079497e-10,1,SISTEM_SUDAH_IDEAL
44.2909910847669,3.46909567913563,8.69712239989411,0.0860017546905789,0.0818714467690961,0.125027490459708,6.4294287671629e-09,1,SISTEM_SUDAH_IDEAL
35.8494382079865,5.03073105102814,8.8282089518813,0.250330224880413,0.0830346300622817,0.227666347933321,1.02251540567977e-12,1,SISTEM_SUDAH_IDEAL
3.96283690463777,21.0922293717404,6.69508639213224,9.34131882428553,0.208116304745813,7.74985657080743,1.11022302462516e-16,1,SISTEM_SUDAH_IDEAL
34.5044101641983,29.656792296763,0.603337002456863,37.1524893587543,0.0993927531875862,0.790414296521087,2.22044604925031e-16,1,TURUNKAN_KP_ATAU_NAIKKAN_KD
31.1809092707853,14.6029426850201,3.0472572526991,5.63245493999842,0.0858077925847558,0.447580626041188,1.11022302462516e-16,1,SISTEM_SUDAH_IDEAL
7.40023565891172,28.6651688064189,9.60487798099285,5.78194586003633,0.0871609956118689,4.0606683574895,2.22044604925031e-16,1,SISTEM_SUDAH_IDEAL
43.791757724623,22.5025826990803,3.79890160393098,6.17591983872081,0.0794213748792923,0.364486508177395,1.11022302462516e-16,1,SISTEM_SUDAH_IDEAL
30.9929977883992,21.3120352398358,0.582885742669377,33.0231941248896,0.108696523505623,0.839545620808463,2.22044604925031e-16,1,TURUNKAN_KP_ATAU_NAIKKAN_KD
28.3523951163405,16.3514879889066,9.73929833456324,1.17952695763488,0.0839489943856805,0.31464140294389,0,1,SISTEM_SUDAH_IDEAL
6.01428226889869,19.0365990335832,1.47449370085021,20.4845670398005,0.254242196361145,2.43255450564199,2.22044604925031e-16,1,TURUNKAN_KP_ATAU_NAIKKAN_KD
10.817631059376,1.03493150157513,7.74101304656018,0.411175086917326,0.0882834894818445,1.21879091570205,1.24082588648378e-09,1,SISTEM_SUDAH_IDEAL
12.9833438837616,23.5709825303953,6.09707193482228,4.75685566243853,0.0958734149786845,1.9462853604851,0,1,SISTEM_SUDAH_IDEAL
1.57903418002506,27.2918141013202,3.7401306509868,21.1861508075369,0.329737419620206,32.8356375340162,2.74652079201854e-06,1,TURUNKAN_KP_ATAU_NAIKKAN_KD
20.7983465029931,27.7372048829948,4.56401878481231,3.77725028937577,0.0882178610869545,1.33985709496022,1.11022302462516e-16,1,SISTEM_SUDAH_IDEAL
48.486096446793,5.92480126483191,7.85383484534591,0.16588483615585,0.0809821746027126,0.0992031638883229,1.38760114509751e-11,1,SISTEM_SUDAH_IDEAL
42.0135645288117,23.1519630241878,3.86490698892075,5.74036751794198,0.080066616272151,0.377107915152024,0,1,SISTEM_SUDAH_IDEAL
47.5156764790172,16.2111635303281,5.47034438126165,2.39036676417161,0.0796055759168351,0.240757083889006,2.22044604925031e-16,1,SISTEM_SUDAH_IDEAL
14.9412940480737,22.4734026982122,1.18239198886045,16.3865154141468,0.154262836909554,1.03434500276406,0,1,SISTEM_SUDAH_IDEAL
8.3667035213716,29.7435312132666,0.673396395061845,37.6714097695869,0.195453287205756,2.01315201171629,1.11022302462516e-16,1,TURUNKAN_KP_ATAU_NAIKKAN_KD
38.0198365905161,12.9792169201752,1.41505429036821,21.5630664587519,0.0855947420389195,0.442726816442433,1.11022302462516e-16,1,TURUNKAN_KP_ATAU_NAIKKAN_KD
2.60344261484567,28.974972143343,2.28357757820105,28.7388797205146,0.293841116051955,14.8268750311867,1.9462209621679e-13,1,TURUNKAN_KP_ATAU_NAIKKAN_KD
19.4546526762009,4.43995250001073,5.81229584774419,0.770080666709494,0.0876220261404267,0.44627730661211,2.22044604925031e-16,1,SISTEM_SUDAH_IDEAL
21.7398981356939,3.09119332147302,0.0513665767404536,38.3191216434866,0.136702394816467,0.976683084075655,2.42761366564537e-12,1,TURUNKAN_KP_ATAU_NAIKKAN_KD
19.8183798788947,26.4299372744699,2.92956644666283,5.42896545902727,0.118305449024445,1.18740188343085,0,1,SISTEM_SUDAH_IDEAL
34.4749074231343,22.1451559147256,9.03584223015908,1.16764825158198,0.0830708694177308,0.201210567406141,2.22044604925031e-16,1,SISTEM_SUDAH_IDEAL
36.1433513958661,19.3161405169231,6.77376549945867,1.08435522493098,0.0825722455662902,0.145086286294316,1.11022302462516e-16,1,SISTEM_SUDAH_IDEAL
36.6961648627648,26.9590678732016,9.33766477339058,1.2409025774595,0.0827486117995592,0.181407441987968,0,1,SISTEM_SUDAH_IDEAL
22.1539341803558,10.5337771717884,9.30867310710864,1.20354348649181,0.0849963040114756,0.449114603718615,0,1,SISTEM_SUDAH_IDEAL
47.7984330067952,2.05920407001647,3.41763623504619,6.82281591614544,0.078211695693546,0.293291962881968,1.5473390657661e-07,1,SISTEM_SUDAH_IDEAL
0.788176666947754,11.8832699358464,6.05082788378263,13.7167111619554,0.490556080946516,51.008899081291,0.000348732419008457,1,SISTEM_SUDAH_IDEAL
7.40523212013461,12.1865527277614,0.755277971210599,19.7176730250153,0.242763933811953,1.4207256073281,1.11022302462516e-16,1,SISTEM_SUDAH_IDEAL
30.8861207205191,9.97311854048062,0.851287217376367,25.5477093629571,0.108402135580636,0.720324675795019,1.11022302462516e-16,1,TURUNKAN_KP_ATAU_NAIKKAN_KD
37.6576694196105,22.4021021892793,2.31438315710121,13.0802845745623,0.0828921904829871,0.384881183827835,0,1,SISTEM_SUDAH_IDEAL
15.8305907179399,4.85544813305912,0.423081665029693,22.1687244698245,0.159452599381603,1.1180114469051,3.33066907387547e-16,1,TURUNKAN_KP_ATAU_NAIKKAN_KD
27.7896292315316,20.1489985911062,9.87552690209596,1.4174324936955,0.0839744497606314,0.308351606258361,2.22044604925031e-16,1,SISTEM_SUDAH_IDEAL
45.03435279841,4.4564554715172,0.884331209635203,30.3946505427718,0.0817416581461187,0.634201583613486,4.76613415401062e-10,1,TURUNKAN_KP_ATAU_NAIKKAN_KD
17.7300621950759,25.5197633798069,7.03260013598389,3.36079379644127,0.0867111836531773,1.76655055971062,2.22044604925031e-16,1,SISTEM_SUDAH_IDEAL
8.25473243258951,5.93665143456251,9.37545733050289,2.76711057163759,0.0874237872776883,4.24128231683741,1.11022302462516e-16,1,SISTEM_SUDAH_IDEAL
13.2192058472765,1.22267678068632,6.48823427745631,0.340647403212779,0.0926054344523373,0.887330929983454,2.25721574764748e-09,1,SISTEM_SUDAH_IDEAL
19.4358029072498,21.1363160442489,0.692178546945976,27.042515682681,0.138198418436012,1.10892819767809,1.11022302462516e-16,1,TURUNKAN_KP_ATAU_NAIKKAN_KD
46.6516713851939,7.64805448947767,6.7249789842251,0.4924961958644,0.0806964557882725,0.0988531583406338,3.17523785042795e-14,1,SISTEM_SUDAH_IDEAL
12.7209830014428,28.333502227576,3.26338740710763,8.0250503773601,0.152054125423798,1.41382802760465,2.22044604925031e-16,1,SISTEM_SUDAH_IDEAL
46.9379603673204,7.84414995057683,8.42273240737039,0.251081430415567,0.0813987429934783,0.0997134601670109,1.66533453693773e-14,1,SISTEM_SUDAH_IDEAL
32.6311206829967,19.0361001492706,2.98156797279962,6.90426677945231,0.0849330611503083,0.467999675825795,3.33066907387547e-16,1,SISTEM_SUDAH_IDEAL
32.7613669149557,29.3766536575959,7.01300880736223,1.76791083963284,0.0831583609693846,0.165398287784825,2.22044604925031e-16,1,SISTEM_SUDAH_IDEAL
17.7947237517714,22.2084077765422,2.9510182532424,5.07034390209502,0.129791426628017,1.33362134080738,1.11022302462516e-16,1,SISTEM_SUDAH_IDEAL
23.607073137438,22.754139927962,5.40714368534308,2.50975351525466,0.0861934185777091,1.25430390241937,1.11022302462516e-16,1,SISTEM_SUDAH_IDEAL
40.5036553295918,4.52339955687363,2.00809226587539,14.6027639303244,0.0821798144096573,0.338645570379244,8.9290352889293e-11,1,SISTEM_SUDAH_IDEAL
38.3160938883892,8.91657010126397,4.97336390567817,1.52850449187818,0.0818499009249137,0.106865664508251,1.11022302462516e-16,1,SISTEM_SUDAH_IDEAL
31.6063896242678,12.7271335796289,1.93610641934151,12.9049930029562,0.089550716466152,0.398905005719667,0,1,SISTEM_SUDAH_IDEAL
3.51590614039423,3.25912774724151,4.38431184509406,6.69564576450408,0.622255832301473,5.18112466833439,2.22044604925031e-16,1,SISTEM_SUDAH_IDEAL
19.5373875057971,7.55636777337469,6.41994901192188,1.23647914517953,0.086969446267789,0.433429283008826,1.11022302462516e-16,1,SISTEM_SUDAH_IDEAL
32.4682919411996,18.6645749014652,0.302393057290782,40.4008220635965,0.108258133153398,0.813708559481386,0,1,TURUNKAN_KP_ATAU_NAIKKAN_KD
12.5397730962255,21.3930679946153,7.33479700916834,4.19091414113955,0.0879040499303382,2.1929078796058,2.22044604925031e-16,1,SISTEM_SUDAH_IDEAL
44.5217918051374,16.16752786566,1.91572356357874,17.2183636048596,0.079330785595972,0.326365418151154,2.22044604925031e-16,1,SISTEM_SUDAH_IDEAL
38.7246016877333,18.5506652077454,9.3849597373284,0.832825918084046,0.0825730377253448,0.1773312002086,0,1,SISTEM_SUDAH_IDEAL
24.6945642113915,10.6289187232391,8.14240403620852,1.07592630541811,0.0848678599782506,0.363462472212054,2.22044604925031e-16,1,SISTEM_SUDAH_IDEAL
16.1617210399393,29.2853794617314,3.78336564649963,5.86899914888273,0.124012733982816,1.38683218346895,0,1,SISTEM_SUDAH_IDEAL
4.73725107052596,0.631098821851962,5.29246773259443,1.26899288142952,0.541623709079123,2.19488324373819,3.96127575186256e-13,1,SISTEM_SUDAH_IDEAL
4.94489604639975,27.4449837143029,7.23567015652081,8.58715978863782,0.145112554391962,6.8238879761186,2.22044604925031e-16,1,SISTEM_SUDAH_IDEAL
23.0007670355485,8.1266153911793,8.31362886033167,0.945588860510771,0.0851691291532375,0.423562114159595,4.44089209850063e-16,1,SISTEM_SUDAH_IDEAL
2.96961576615407,16.6598944815282,5.94789462065924,10.7914189624569,0.310475892973605,10.2815265857545,3.77475828372553e-15,1,SISTEM_SUDAH_IDEAL
15.4501397034782,10.9788907177279,9.93710332595751,1.9484200872081,0.085823443149937,0.621547930620136,2.22044604925031e-16,1,SISTEM_SUDAH_IDEAL
30.9587820058606,24.5011524891476,6.00859779895686,1.76928878778342,0.0836706881314312,0.165276901258654,2.22044604925031e-16,1,SISTEM_SUDAH_IDEAL
2.81128854240488,1.78502897474474,4.34306159959696,6.07386255949032,0.854301979848351,6.95809797223306,2.22044604925031e-16,1,SISTEM_SUDAH_IDEAL
34.4571621852482,20.2001684438941,3.59212875293605,4.92619193999433,0.0832513527957402,0.448548561878697,0,1,SISTEM_SUDAH_IDEAL
24.6660850951609,5.19127485890145,1.11936936692361,14.3895240827157,0.124743909903069,0.444597351269925,2.22044604925031e-16,1,SISTEM_SUDAH_IDEAL
28.8162411674976,11.1457945295684,3.57446237954645,2.36483952135709,0.0863110333081436,0.36353764309753,2.22044604925031e-16,1,SISTEM_SUDAH_IDEAL
4.87011224556692,29.5493300756037,4.23166169676224,13.5672697578176,0.232904101884724,5.42073316158812,2.22044604925031e-16,1,SISTEM_SUDAH_IDEAL
38.3784029194252,22.358356595488,8.66152940616516,1.02102581828747,0.0824812385926808,0.160773161580793,1.11022302462516e-16,1,SISTEM_SUDAH_IDEAL
40.5695535127279,15.6484867989329,2.56170009986735,11.2806395896183,0.0810638904030048,0.361887956460696,0,1,SISTEM_SUDAH_IDEAL
44.2525718945848,25.4371928303288,0.207783470813663,50.4037694912371,0.085654415408142,1.04180528853037,1.11022302462516e-16,1,TURUNKAN_KP_ATAU_NAIKKAN_KD
3.10188975307713,20.6784471568355,2.60709949111723,21.4360432873018,0.331028004416348,8.00907906320684,2.22044604925031e-16,1,TURUNKAN_KP_ATAU_NAIKKAN_KD
1.14642119390929,17.7519806192489,0.395973708518415,999,999,999,1,0,TURUNKAN_KP_DAN_KI
5.23424731260537,10.8356088823579,0.0793332391736223,44.8639915763019,0.262509129597608,2.32332788558166,0,1,TURUNKAN_KP_ATAU_NAIKKAN_KD
23.3334615651536,3.50266622576531,7.18533205035262,0.401913449821811,0.085571396591167,0.422881676147772,2.70894418008538e-13,1,SISTEM_SUDAH_IDEAL
33.4782308144992,16.776088917997,5.67229109440665,1.15846511434134,0.0831459144797736,0.149044449147416,2.22044604925031e-16,1,SISTEM_SUDAH_IDEAL
23.4314635591872,11.1234453516563,0.350469729356215,31.7077576490709,0.129893549920096,0.965101007553034,0,1,TURUNKAN_KP_ATAU_NAIKKAN_KD
43.3422480890453,28.8208802237981,9.09970228164354,1.04676343829706,0.0818561258654898,0.118317123887584,1.11022302462516e-16,1,SISTEM_SUDAH_IDEAL
37.8588388081762,8.5743100581926,3.29891797568182,6.12043270711122,0.0821534297165981,0.351252375021388,0,1,SISTEM_SUDAH_IDEAL
23.6414108459125,17.0766510000688,6.02734830858923,1.89163732160103,0.0858542606246313,0.26280774737224,0,1,SISTEM_SUDAH_IDEAL
12.002693098554,17.2919714634841,3.68382028284236,5.6347060750161,0.162335024426317,1.85764207069625,0,1,SISTEM_SUDAH_IDEAL
13.6807927858513,29.5650767343724,6.47920247394388,4.96830982196594,0.0883125083575703,1.79494215061259,1.11022302462516e-16,1,SISTEM_SUDAH_IDEAL
19.6512623656699,3.47610485973864,3.08374124013965,0.671555313083227,0.127468620539888,0.212476221403305,9.10382880192628e-15,1,SISTEM_SUDAH_IDEAL
2.17005295625095,11.407228116243,7.23700994640183,9.47273975397374,0.316685887223571,13.7490752006173,1.73924463719999e-09,1,SISTEM_SUDAH_IDEAL
38.9478362904267,3.01441847352563,9.19918051106886,0.0937673104005832,0.0826656426985013,0.197496572778613,8.03004374105853e-09,1,SISTEM_SUDAH_IDEAL
34.4576471148006,3.43434061208289,7.58840495109839,0.164368070665022,0.083196765941161,0.201556326764696,4.42716308057811e-10,1,SISTEM_SUDAH_IDEAL
37.4452289952938,24.5315687268112,5.99867315337152,1.38627346165345,0.0820492845166761,0.116226897881831,1.11022302462516e-16,1,SISTEM_SUDAH_IDEAL
28.4935228329848,24.7409638099761,9.65821891920729,1.61128684455012,0.0838587857257808,0.279190046562085,2.22044604925031e-16,1,SISTEM_SUDAH_IDEAL
2.49758305591802,4.85593447818706,8.30603272818411,6.63332750760273,0.227536973161588,13.0568328468128,2.92800672596627e-10,1,SISTEM_SUDAH_IDEAL
0.622700632007594,19.7288493724524,8.53070200020162,10.5404691480214,0.203385149274504,100.835066249355,0.00194537065146516,1,SISTEM_SUDAH_IDEAL
18.5756227482776,21.6521239714695,3.87078829598898,3.90293369944887,0.111835696018815,1.43493495394998,2.22044604925031e-16,1,SISTEM_SUDAH_IDEAL
46.6494028863264,14.1634364901583,5.24491021293863,2.57513917824379,0.0796723685247997,0.251651045725862,2.22044604925031e-16,1,SISTEM_SUDAH_IDEAL
1.87388991016714,6.65165666231705,8.08164024341879,8.1900963877058,0.302069765286087,15.3503199154706,1.3210720073431e-08,1,SISTEM_SUDAH_IDEAL
5.63468861830348,13.2198290400555,6.76508670782565,6.62886613868849,0.186504427456972,5.0621030094004,1.11022302462516e-16,1,SISTEM_SUDAH_IDEAL
23.1193205465879,0.612633647298217,6.90461830830284,0,0.0857950625108432,0.45938091900383,9.95922432134311e-06,1,SISTEM_SUDAH_IDEAL
11.4601277234122,6.53088533235672,0.800958664848157,12.1382559514998,0.191939172372609,1.74393684074402,3.33066907387547e-16,1,SISTEM_SUDAH_IDEAL
27.1271086793701,17.8239927118155,0.74398888253263,24.851311895169,0.117252738300212,0.885502090715264,3.33066907387547e-16,1,TURUNKAN_KP_ATAU_NAIKKAN_KD
9.21026068982373,12.3782257818029,1.67774087097257,9.28352089126434,0.215343210310265,1.76110561459182,0,1,SISTEM_SUDAH_IDEAL
44.2200211257131,27.3139445401,4.30669391958142,4.92028386455317,0.0794620757790146,0.373460085040794,2.22044604925031e-16,1,SISTEM_SUDAH_IDEAL
6.63771473096726,15.2080154592435,7.95819890906415,5.63989179058857,0.090342369013043,4.84631160496509,0,1,SISTEM_SUDAH_IDEAL
30.0653114147856,20.4118134564051,4.66811263847649,1.84725327692987,0.0844160433124771,0.15413722706227,2.22044604925031e-16,1,SISTEM_SUDAH_IDEAL
35.7015865729158,8.67592855920813,0.285250912973332,41.5718574352688,0.103168058258331,0.906801097913458,2.22044604925031e-16,1,TURUNKAN_KP_ATAU_NAIKKAN_KD
25.0422892686317,5.85923350021553,9.63823601452367,0.582198217820684,0.0845285698464991,0.443377950558519,1.11022302462516e-16,1,SISTEM_SUDAH_IDEAL
38.2548555657611,18.3838122112224,3.8629818414469,4.77824495934296,0.0815828740391038,0.378146753458287,2.22044604925031e-16,1,SISTEM_SUDAH_IDEAL
45.6698980226298,16.0755247854667,7.49595001187919,0.607525861270108,0.0811322876091435,0.0993870523212008,2.22044604925031e-16,1,SISTEM_SUDAH_IDEAL
20.4935605862024,10.2339998489499,7.46898095138685,1.41717128782264,0.0860023043457628,0.426423382544936,5.55111512312578e-16,1,SISTEM_SUDAH_IDEAL
40.3523575424267,11.8198077039372,7.75090879087881,0.535867665430456,0.0821103489504798,0.134795952092941,0,1,SISTEM_SUDAH_IDEAL
25.4875663622922,11.8277181506071,3.82814419666753,1.56448472756445,0.0876166248139748,0.174855104710998,0,1,SISTEM_SUDAH_IDEAL
44.2714768374661,21.9117294027189,7.6624882037454,0.855293319349903,0.0813514756963861,0.0996555577280729,2.22044604925031e-16,1,SISTEM_SUDAH_IDEAL
24.5534185732274,12.2338439677036,8.74205637419379,1.19298077886338,0.0847283536351565,0.372787502307348,2.22044604925031e-16,1,SISTEM_SUDAH_IDEAL
12.4813528910984,0.509101620309318,0.974459076129323,6.11190765272762,0.185193088234234,0.60148099757681,4.22032844005216e-07,1,SISTEM_SUDAH_IDEAL
40.5202475099703,29.4474542904426,4.95456212912735,2.96542846512113,0.0808357093502695,0.389913945964437,1.11022302462516e-16,1,SISTEM_SUDAH_IDEAL
21.5750587079734,20.8830096189311,2.1850045196595,7.9638005031744,0.121658431222117,1.02040413961614,1.11022302462516e-16,1,SISTEM_SUDAH_IDEAL
3.91299183581634,13.8206158359084,3.84181169520372,12.3761402305295,0.362296525012743,5.85042549821864,1.11022302462516e-16,1,SISTEM_SUDAH_IDEAL
12.1485933118145,22.8132913823697,9.65052705878531,3.78471061754559,0.0863683040835931,2.40177769891267,2.22044604925031e-16,1,SISTEM_SUDAH_IDEAL
4.84625189938364,23.394214306378,1.88638158469238,22.4599839760976,0.265054730000919,4.42228961085644,1.11022302462516e-16,1,TURUNKAN_KP_ATAU_NAIKKAN_KD
0.574330257278904,12.3023214177611,1.41326006093733,999,999,999,1,0,TURUNKAN_KP_DAN_KI
26.7379654976991,16.7327916103199,6.93439709750677,1.47823194079995,0.0846656072212029,0.254143994871908,2.22044604925031e-16,1,SISTEM_SUDAH_IDEAL
43.9184320546013,0.589038656735411,6.86594099630955,0,0.0813356009283964,0.0996361111372856,8.01906556819887e-05,1,SISTEM_SUDAH_IDEAL
49.4215157960236,29.5728438454328,4.56081203069508,4.87858366565568,0.0781583448683053,0.344593343287484,2.22044604925031e-16,1,SISTEM_SUDAH_IDEAL
17.500525867922,29.4874170252459,4.85870067917901,4.6210270597802,0.0932519396957995,1.47974389326283,4.44089209850063e-16,1,SISTEM_SUDAH_IDEAL
15.854713149404,11.4415462060138,0.180104679451314,33.4038639439596,0.155077941960561,1.23934966192647,2.22044604925031e-16,1,TURUNKAN_KP_ATAU_NAIKKAN_KD
25.2815891035311,3.80975973874558,3.05174566418702,2.07265827383054,0.0972777570383274,0.309449319378169,4.36761737887537e-13,1,SISTEM_SUDAH_IDEAL
12.9029251256784,0.0687544573745302,7.72712775811915,0,0.0876810723673725,1.08315526566594,0.00121792266431964,1,SISTEM_SUDAH_IDEAL
33.189943555312,11.938989931146,5.01051178487892,0.919104140976179,0.0833822773443159,0.145298960066863,0,1,SISTEM_SUDAH_IDEAL
30.7275542472678,3.99217301627846,2.83353859003173,5.4407144129919,0.0869089357350735,0.36960556921399,8.17990120083323e-12,1,SISTEM_SUDAH_IDEAL
41.9700166508208,25.9779368675412,0.54758796880646,40.6926924112291,0.0857778222834672,0.708893006476804,0,1,TURUNKAN_KP_ATAU_NAIKKAN_KD
24.7592270191951,24.9044522048662,9.18485125660436,1.97563399793155,0.0844657331340512,0.313172359840544,0,1,SISTEM_SUDAH_IDEAL
40.1616408081087,29.3634286732094,5.71478094542962,1.71582562686019,0.0812385918837822,0.0995172750576332,3.33066907387547e-16,1,SISTEM_SUDAH_IDEAL
3.28782365655364,2.59301621344458,9.76798824285352,4.09131170348602,0.0880954673033922,7.85838961633111,4.74364991731591e-12,1,SISTEM_SUDAH_IDEAL
22.5356038305991,26.8251031048876,9.11188906636276,2.33008782431612,0.0848137023235461,1.57504806879919,0,1,SISTEM_SUDAH_IDEAL
48.1707202457208,23.3418140887625,9.48100983494838,0.72635636832552,0.0814485327331766,0.0997744525981413,2.22044604925031e-16,1,SISTEM_SUDAH_IDEAL
34.0538911093163,21.4247880871474,1.37596346722687,21.6373564508131,0.0902006845223125,0.380452488332397,1.11022302462516e-16,1,TURUNKAN_KP_ATAU_NAIKKAN_KD
4.23875655585006,3.36677587027376,3.69215423122447,6.19299031392253,0.557652030509744,4.65742729117499,0,1,SISTEM_SUDAH_IDEAL
48.370771149952,10.8716909305333,9.30393722005854,0.33738465089288,0.0814802512465471,0.0998133077770201,1.11022302462516e-16,1,SISTEM_SUDAH_IDEAL
4.89913511216252,3.65791691009437,4.88612134889167,4.91722071101484,0.444287328520377,4.81672236272881,1.11022302462516e-16,1,SISTEM_SUDAH_IDEAL
46.2254174156927,4.04509854117134,1.44381090930961,21.5075757467952,0.0792481891132573,0.459845940922652,2.10237871556274e-09,1,TURUNKAN_KP_ATAU_NAIKKAN_KD
16.7657419652244,13.6497625207826,0.0839190462152684,39.8183957821804,0.149651460231564,1.18370848422673,1.11022302462516e-16,1,TURUNKAN_KP_ATAU_NAIKKAN_KD
20.5169794715678,5.42641667881712,8.73352380297658,0.778722444219637,0.0855147225821682,0.534904962161779,0,1,SISTEM_SUDAH_IDEAL
27.5439610188647,25.8395108253805,0.531221120970803,31.0485471768861,0.116002400229822,0.900247707001823,2.22044604925031e-16,1,TURUNKAN_KP_ATAU_NAIKKAN_KD
25.6519385699599,4.37387750216551,4.38657096604299,0.475667853686668,0.0868557270526896,0.190442667097486,1.77635683940025e-14,1,SISTEM_SUDAH_IDEAL
22.8630262056363,9.54409886674286,9.255160180068,1.06238415058288,0.084908669775958,0.442446079869016,2.22044604925031e-16,1,SISTEM_SUDAH_IDEAL
36.1757461327895,19.0968595706547,9.45800998401918,0.945001866244599,0.0828976970896263,0.199577245107701,0,1,SISTEM_SUDAH_IDEAL
36.6163934248767,15.6578076847064,6.47242350851863,0.8882868396207,0.0824705169816071,0.138905561766689,0,1,SISTEM_SUDAH_IDEAL
36.9003245582677,26.1302737010077,8.67095950918552,1.23742849645243,0.0826547722185407,0.168537041199431,0,1,SISTEM_SUDAH_IDEAL
11.5432175609867,9.03143667803057,4.0990515354387,3.53774010211318,0.170885349328452,2.39922384757065,3.33066907387547e-16,1,SISTEM_SUDAH_IDEAL
9.71643870747024,5.83651491058552,1.49643067050516,4.91558746251679,0.224492024679191,2.2343478828603,2.22044604925031e-16,1,SISTEM_SUDAH_IDEAL
42.860158680638,27.9203665641474,7.79567920951636,1.11334269508063,0.081550168309044,0.099898956178579,2.22044604925031e-16,1,SISTEM_SUDAH_IDEAL
8.01474822969306,21.8749708836787,1.93504754708417,14.6518132819998,0.21191275414771,2.289898038155,2.22044604925031e-16,1,SISTEM_SUDAH_IDEAL
23.0092181295029,25.6622032010502,1.31757277183054,17.3161780748432,0.122840205943224,0.569856782110721,0,1,SISTEM_SUDAH_IDEAL
30.7934109535171,19.1523422681447,7.52028636824309,1.30815976532437,0.0836880770200862,0.207748833963214,3.33066907387547e-16,1,SISTEM_SUDAH_IDEAL
12.9336335883134,16.459705737456,9.38038565240678,3.08596994687702,0.0864454515154014,2.59069026451472,2.22044604925031e-16,1,SISTEM_SUDAH_IDEAL
47.6033680456745,18.1654612616637,8.1056812668317,0.619438123679172,0.0810867651881911,0.099331287355534,0,1,SISTEM_SUDAH_IDEAL
15.8552431348487,8.16402205430047,4.28744136634574,2.06550455613541,0.130704430648874,1.49182403421426,2.22044604925031e-16,1,SISTEM_SUDAH_IDEAL
37.46309482062,13.9494808732408,9.83740149159476,0.66874920550648,0.0828112627400165,0.206920962997654,2.22044604925031e-16,1,SISTEM_SUDAH_IDEAL
42.5328086482016,9.65585912223885,1.78596818088529,17.7104494666313,0.0810243287874793,0.400524039149947,2.22044604925031e-16,1,SISTEM_SUDAH_IDEAL
42.8612405942762,25.8114201098043,1.05004971441383,29.9676871195247,0.0821391767201305,0.672222115788207,0,1,TURUNKAN_KP_ATAU_NAIKKAN_KD
38.1263118287886,4.17337364453417,6.07066780411042,0.180917983842233,0.0822178928053671,0.128337375795128,1.09273257109521e-10,1,SISTEM_SUDAH_IDEAL
39.7355637806418,6.353750039299,0.32050981331146,42.6141096858447,0.0941771149523817,0.842486396326173,1.0857981180834e-13,1,TURUNKAN_KP_ATAU_NAIKKAN_KD
40.2719150741099,1.17921057726292,7.4099969536727,0,0.0821615620091518,0.140403109699655,2.90430251437268e-06,1,SISTEM_SUDAH_IDEAL
17.0658943269297,12.4827258651598,1.93795870327211,5.93250507735159,0.146559393075522,1.28762477017341,1.11022302462516e-16,1,SISTEM_SUDAH_IDEAL
47.4528494320522,4.06667807894808,4.69374220441762,3.25886667490036,0.0792295296358022,0.263567726236896,2.45709941282257e-09,1,SISTEM_SUDAH_IDEAL
42.6669364616925,7.40470159970109,4.31395664540402,3.64025794657141,0.0803385711402428,0.285144612588846,9.54791801177635e-15,1,SISTEM_SUDAH_IDEAL
49.8103488133117,27.8295289097422,0.430219947217815,43.1710719563733,0.07803982616184,0.930117110021955,1.11022302462516e-16,1,TURUNKAN_KP_ATAU_NAIKKAN_KD
27.4858018893178,0.0448226270079977,7.24761382621074,0,0.0845669176666732,0.34309687983396,0.00110262101077807,1,SISTEM_SUDAH_IDEAL
31.0384516739507,11.1699913709803,2.94159057744743,5.75222262962718,0.0862197618420916,0.410743190584371,2.22044604925031e-16,1,SISTEM_SUDAH_IDEAL
2.85705481013778,21.0206864345757,8.9296714545474,8.25540797043576,0.0887136048164431,12.9171489183412,3.24534843443303e-10,1,SISTEM_SUDAH_IDEAL
36.4012440952082,17.5656397005594,9.52208100508843,0.869007063605176,0.0828873686986924,0.202245927597124,1.11022302462516e-16,1,SISTEM_SUDAH_IDEAL
18.1373932098178,2.73757011794516,4.86916856292688,0.530970331291458,0.101157926721703,0.452822464833793,3.41504602374698e-13,1,SISTEM_SUDAH_IDEAL
8.37920764483385,7.7197355543687,0.0174413713592825,35.0127054466301,0.218114999643755,1.83179125334271,0,1,TURUNKAN_KP_ATAU_NAIKKAN_KD
38.2625387621081,22.9138833962203,0.15676052166543,50.0628043460689,0.0975904631940078,1.12684536750306,2.22044604925031e-16,1,TURUNKAN_KP_ATAU_NAIKKAN_KD
6.28743522710083,2.41324724053317,0.780735431430221,5.33765718833816,0.328667854189747,3.19674267552878,2.22044604925031e-16,1,SISTEM_SUDAH_IDEAL
29.6622525756863,14.8838383972542,4.92938944941652,1.32370262318013,0.0845435687262993,0.164881555241323,1.11022302462516e-16,1,SISTEM_SUDAH_IDEAL
32.5099457973492,25.222294581875,0.171498443316437,45.5205941432109,0.108192505998455,1.22140553965624,0,1,TURUNKAN_KP_ATAU_NAIKKAN_KD
42.3029571565693,23.1568947122318,2.89107437700923,10.1017138857775,0.0798208943452253,0.370284495243951,3.33066907387547e-16,1,SISTEM_SUDAH_IDEAL
35.1316828569604,27.3912771852438,9.44897083709908,1.3296989680263,0.0829551340230306,0.195051955582473,0,1,SISTEM_SUDAH_IDEAL
13.4986733139132,4.63081726550269,3.70596347043015,1.67527553262152,0.161988254583915,0.478582402818922,0,1,SISTEM_SUDAH_IDEAL
11.2406923330197,0.78784661935306,1.8107975557867,0.276240132258643,0.207042679549898,0.387755507442484,7.21186423913167e-08,1,SISTEM_SUDAH_IDEAL
12.2924445887411,29.9135534643547,6.54934237444018,5.44744346347985,0.0886667142172455,1.84053869330404,2.22044604925031e-16,1,SISTEM_SUDAH_IDEAL
5.99169090898802,24.7430152978791,7.31422577720203,7.56116502987134,0.128490205451748,5.43480680348481,3.33066907387547e-16,1,SISTEM_SUDAH_IDEAL
35.8189850429491,16.7165386983077,3.81068316666157,4.27811323865956,0.0826220732236634,0.383662459964927,0,1,SISTEM_SUDAH_IDEAL
17.4677562011189,2.56136549868624,2.12167988739456,2.06667788785546,0.148886325734038,0.405335155443194,1.10578213252666e-12,1,SISTEM_SUDAH_IDEAL
4.52857963266529,22.786035538159,0.696216609034197,44.4587283161529,0.260749559753405,4.96060329399233,0,1,TURUNKAN_KP_ATAU_NAIKKAN_KD
29.3888522772753,8.48375458973928,5.21658910419883,0.742429294368763,0.0846315341626162,0.178209548350705,0,1,SISTEM_SUDAH_IDEAL
48.8135064258164,20.5264398059517,4.01481078340198,5.87335954264039,0.0779772982163434,0.325486498930556,0,1,SISTEM_SUDAH_IDEAL
5.33858884454312,12.4465918062292,5.4769935333879,7.71661721833288,0.27224202167822,4.82339632923352,1.11022302462516e-16,1,SISTEM_SUDAH_IDEAL
11.6675402698058,0.180887583072437,5.41135887683848,0,0.156753866939644,1.02846101561692,0.000201833574550503,1,SISTEM_SUDAH_IDEAL
44.0948606855377,11.3526179180355,8.26495796329671,0.431493213194845,0.0816973655716253,0.105898862155319,3.33066907387547e-16,1,SISTEM_SUDAH_IDEAL
7.73680823187436,18.008533218998,8.38359676721994,5.25296886282367,0.0881770662201555,4.29946962975481,2.22044604925031e-16,1,SISTEM_SUDAH_IDEAL
16.2148306226972,12.1787062512051,4.14545146926435,2.82114000202669,0.127747969334757,1.73699154874697,2.22044604925031e-16,1,SISTEM_SUDAH_IDEAL
29.0046462859021,3.85894052742488,1.04171121396137,19.6372783209152,0.112829220429037,0.562499532167881,6.27675689202079e-12,1,SISTEM_SUDAH_IDEAL
7.27978091630996,13.1926598981204,4.71845920088767,6.83052186428554,0.229978246871562,2.55309345471192,0,1,SISTEM_SUDAH_IDEAL
34.4347036396928,10.7800669660995,3.09474424703277,6.24367470787597,0.0839995007517143,0.38074179672711,0,1,SISTEM_SUDAH_IDEAL
2.15782010536728,28.4255856614243,0.746163046084833,999,999,999,1,0,TURUNKAN_KP_DAN_KI
47.5851779181586,6.97380296673401,0.854703218068779,31.2330376048884,0.079462470643437,0.633534407881708,6.0063065632221e-13,1,TURUNKAN_KP_ATAU_NAIKKAN_KD
36.5252095377224,22.6199736261826,8.95171540418754,1.09873233562416,0.0827749262882483,0.181673841966548,1.11022302462516e-16,1,SISTEM_SUDAH_IDEAL
30.2465458544861,14.4509903422008,3.20748305154442,4.54024612013837,0.0860581693233349,0.455720962697265,2.22044604925031e-16,1,SISTEM_SUDAH_IDEAL
23.2618029373372,13.7239987445057,5.89621886692176,1.62908518969502,0.0861173471551398,0.278025131016281,0,1,SISTEM_SUDAH_IDEAL
36.8268553584261,29.9795406373433,8.27898840656615,1.41773745299516,0.082570338381758,0.15713037144302,0,1,SISTEM_SUDAH_IDEAL
14.0767674330337,24.9532689680446,5.282072717524,4.9448235645271,0.110333893500817,1.75698404868262,2.22044604925031e-16,1,SISTEM_SUDAH_IDEAL
0.472221472154965,22.7101708182186,8.50602391268061,13.2916026156036,0.0879805241152499,149.670859888388,0.0193458434114201,1,SISTEM_SUDAH_IDEAL
11.3544115308633,13.4940660560605,8.87462059127256,3.23675816459352,0.0870788576453701,2.85748488804454,0,1,SISTEM_SUDAH_IDEAL
4.72706839575692,14.8912426475895,2.28641810216869,15.9759067660913,0.318937383617355,4.39566138613249,0,1,SISTEM_SUDAH_IDEAL
5.63683209700465,13.5073340102689,0.318693343576045,37.7806085384927,0.259618462196068,1.90284081781759,2.22044604925031e-16,1,TURUNKAN_KP_ATAU_NAIKKAN_KD
11.7847001424308,14.7423240548847,3.44208218338785,5.3293381722219,0.168688000463446,1.93931344166926,3.33066907387547e-16,1,SISTEM_SUDAH_IDEAL
29.6374258123953,6.96709993047794,8.90080836404663,0.523056183630932,0.0839384043026625,0.321931023303918,1.11022302462516e-16,1,SISTEM_SUDAH_IDEAL
28.4742031160764,24.9103266480814,1.67856268450441,15.1433665980986,0.102402091946187,0.479293338233396,3.33066907387547e-16,1,SISTEM_SUDAH_IDEAL
15.7992867250178,17.297121903537,1.21669951444339,13.5592856976356,0.15278687410912,1.22153764934843,1.11022302462516e-16,1,SISTEM_SUDAH_IDEAL
33.5167763219038,5.41657268937292,1.77952806385804,14.4333907436521,0.088379574635116,0.373935123018525,8.5265128291212e-14,1,SISTEM_SUDAH_IDEAL
40.6103775188905,1.72432386192025,5.83256369703917,0.357984311828341,0.0816053688946795,0.0999665768959824,1.76289142839181e-07,1,SISTEM_SUDAH_IDEAL
35.3090276413808,27.1229733686362,2.89482326336862,8.94499411931198,0.083287727366721,0.473505845693056,0,1,SISTEM_SUDAH_IDEAL
43.0954849108115,12.2981701628187,9.97988626939847,0.464827490581232,0.0822013754111794,0.158296597487884,2.22044604925031e-16,1,SISTEM_SUDAH_IDEAL
30.9183868659169,28.8042970634294,0.387871465305456,39.0003846087914,0.109238165391031,0.847762313361483,2.22044604925031e-16,1,TURUNKAN_KP_ATAU_NAIKKAN_KD
9.11442307457969,3.33213725698568,1.86263441985321,2.83287821792657,0.250452095048584,2.39789115606669,2.22044604925031e-16,1,SISTEM_SUDAH_IDEAL
43.9753057576223,18.4551109413525,7.57747635599237,0.733211347086304,0.0814035056165162,0.0997192943802324,2.22044604925031e-16,1,SISTEM_SUDAH_IDEAL
27.3459685366491,5.89766241191902,7.60640426344376,0.526059686452629,0.0845326789674235,0.32653309276939,0,1,SISTEM_SUDAH_IDEAL
8.71273422823554,25.8467774935199,8.31522339005234,5.62108146917804,0.0879049287159395,3.77044536067094,6.66133814775094e-16,1,SISTEM_SUDAH_IDEAL
37.5526161762645,21.6363795608183,5.23054740863196,1.60163975687069,0.0818918347681025,0.1080075297046,3.33066907387547e-16,1,SISTEM_SUDAH_IDEAL
45.7106290403488,8.42676862928284,1.10737439345992,26.9423753567724,0.0802245172852248,0.609174521602953,2.66453525910038e-15,1,TURUNKAN_KP_ATAU_NAIKKAN_KD
17.8216356723628,3.53429235911357,6.05930572489739,0.705413657992726,0.0879264773163392,0.53189973245597,3.33066907387547e-16,1,SISTEM_SUDAH_IDEAL
18.0942206717013,17.2538708276334,6.19366986057899,2.68430472213903,0.0874373338600074,1.76980597907817,3.33066907387547e-16,1,SISTEM_SUDAH_IDEAL
36.1429713060708,16.7168556618146,4.49513372776629,2.46651015447505,0.0823582812564457,0.298645771210723,0,1,SISTEM_SUDAH_IDEAL
17.3762697916575,1.8075271718514,4.44043644191811,0.3394339801986,0.119681321513885,0.464126893291548,4.39303260435508e-10,1,SISTEM_SUDAH_IDEAL
11.1440407480945,21.7427791283312,7.42879482702607,4.65513868107938,0.088181302011502,2.26248599198363,2.22044604925031e-16,1,SISTEM_SUDAH_IDEAL
13.1486262017378,0.117871300319414,7.85697103447752,0,0.0875641946340898,1.08190545605638,0.000617009635513588,1,SISTEM_SUDAH_IDEAL
49.4505552538075,18.254994709553,3.59422356812934,7.1951692703186,0.0774372534554054,0.317893710430377,1.11022302462516e-16,1,SISTEM_SUDAH_IDEAL
48.3162827491649,26.1966746303848,4.35135074832631,5.16299958201594,0.0783198937762473,0.342726617679246,2.22044604925031e-16,1,SISTEM_SUDAH_IDEAL
7.76381393505023,19.5409584311977,1.60507985945279,15.9850175854653,0.222217224969622,2.21670466675871,2.22044604925031e-16,1,SISTEM_SUDAH_IDEAL
16.0766433051594,4.46517485022724,1.61175522126372,4.82400938148959,0.1572461184541,0.633063451299455,2.22044604925031e-16,1,SISTEM_SUDAH_IDEAL
12.7048519929069,14.475520429103,4.28088639329924,4.30683002498731,0.151693945911772,2.04584360883327,2.22044604925031e-16,1,SISTEM_SUDAH_IDEAL
44.8482137771073,8.62705091668953,3.00098990759547,8.78960583700414,0.0790454051661735,0.32308788080213,6.66133814775094e-16,1,SISTEM_SUDAH_IDEAL
28.3406186425648,23.0246797651229,9.0642856458516,1.57765433561836,0.0839537984127248,0.273774404082721,0,1,SISTEM_SUDAH_IDEAL
18.4034865924662,9.17767616778909,6.03825177664175,1.6286541940385,0.0876459982005311,0.421959412644677,3.33066907387547e-16,1,SISTEM_SUDAH_IDEAL
24.5607658124808,7.33296817341655,8.7241000048248,0.764395077559987,0.0847864736115006,0.410266532397752,0,1,SISTEM_SUDAH_IDEAL
26.666339924983,21.9495560854967,4.04835978513897,2.55936826743903,0.0863888004253099,0.89434099071111,1.11022302462516e-16,1,SISTEM_SUDAH_IDEAL
36.2003240888882,21.1143497284712,2.97367215570089,8.24432288204364,0.082888485127798,0.418998718571074,0,1,SISTEM_SUDAH_IDEAL
4.12899254684762,18.5745881530189,4.68367526362777,11.5621990125839,0.297657667186589,6.89732652465549,4.44089209850063e-16,1,SISTEM_SUDAH_IDEAL
47.7419867455119,10.0570786226396,6.93590359386516,0.505551642105373,0.0805939979040986,0.0987276474325208,0,1,SISTEM_SUDAH_IDEAL
23.3400350812401,7.60232767978095,4.77128066404105,1.01048707149058,0.087284162903399,0.2422114066454,3.33066907387547e-16,1,SISTEM_SUDAH_IDEAL
30.6931198449032,13.4629444604318,0.861196522447282,25.8842383370434,0.10815550619614,0.773645624883626,3.33066907387547e-16,1,TURUNKAN_KP_ATAU_NAIKKAN_KD
48.7430909765562,5.95993671087676,0.896996451846226,30.1805751484952,0.0784175477845451,0.623512386055896,1.80004899874575e-11,1,TURUNKAN_KP_ATAU_NAIKKAN_KD
27.2515683656254,4.87166798177155,0.0477409736760326,35.7284894053107,0.122592518198331,1.05225997203441,1.04360964314765e-14,1,TURUNKAN_KP_ATAU_NAIKKAN_KD
27.3967514640201,18.9197520434306,3.93110587770847,2.32107955895622,0.0862791359368228,0.690473900021039,0,1,SISTEM_SUDAH_IDEAL
28.4741533685461,2.49766421693119,5.00919194686668,0.16619654086627,0.0851796080129333,0.187036603772593,2.91273472008413e-09,1,SISTEM_SUDAH_IDEAL
4.40373416075322,7.55981431009847,1.73028405175183,13.6679043576207,0.400327486333821,3.88140418069561,3.33066907387547e-16,1,SISTEM_SUDAH_IDEAL
1.73490470041939,26.2947361574244,0.577493587610514,999,999,999,1,0,TURUNKAN_KP_DAN_KI
23.4794551436807,18.2204475596206,3.5772225246937,2.74258663961602,0.0909875602303263,1.02024924230125,1.11022302462516e-16,1,SISTEM_SUDAH_IDEAL
22.4140798546575,23.8867925841956,8.13764985983941,2.28714616987826,0.0851416402015578,1.52079784532378,0,1,SISTEM_SUDAH_IDEAL
15.2492771691181,7.40561942102919,3.89335493289793,2.07670195799268,0.142820406630284,1.49337809130723,0,1,SISTEM_SUDAH_IDEAL
8.3152468850249,22.5360694990229,0.605619253067011,33.1721480079193,0.20651691024522,1.5372402078768,0,1,TURUNKAN_KP_ATAU_NAIKKAN_KD
4.66684528632798,28.1973645480089,5.83669254609868,10.5670599951099,0.202165032660261,6.32593029416712,2.22044604925031e-16,1,SISTEM_SUDAH_IDEAL
42.9989277416702,11.4089377039923,3.60367288321535,6.10089484433567,0.0798803520438403,0.332220953543746,1.11022302462516e-16,1,SISTEM_SUDAH_IDEAL
14.7039249061249,2.56874329407672,6.45593722931464,0.705837280880162,0.0885144885975677,0.718831299350568,3.33066907387547e-15,1,SISTEM_SUDAH_IDEAL
46.7598026242345,16.3319796848702,6.69973944014263,0.806946107385231,0.0805547254208107,0.0986795386404931,3.33066907387547e-16,1,SISTEM_SUDAH_IDEAL
46.3555700581941,17.2399627621399,9.12797610143725,0.58692753951306,0.0816056461311604,0.0999669165106715,1.11022302462516e-16,1,SISTEM_SUDAH_IDEAL
46.4772265350739,8.6314554344902,9.40694295346317,0.280020177600626,0.0817407818910279,0.112257099407149,6.66133814775094e-16,1,SISTEM_SUDAH_IDEAL
40.8283748137896,15.7560193345964,8.19583766417815,0.686527448666618,0.08210299488663,0.135927777702838,5.55111512312578e-16,1,SISTEM_SUDAH_IDEAL
34.9311486935524,26.2349339191575,5.67709864258441,1.66907610844238,0.0825946649317377,0.130567627692812,1.11022302462516e-16,1,SISTEM_SUDAH_IDEAL
34.0212855500237,0.864494879082418,7.59422915280682,0,0.0833080815407187,0.223687091303473,8.78008800708763e-06,1,SISTEM_SUDAH_IDEAL
8.87100671708008,16.7963792901481,5.32174654987573,6.0735610247622,0.170496348072776,2.32290427749662,2.22044604925031e-16,1,SISTEM_SUDAH_IDEAL
15.3005286737779,21.0021018534306,9.52069306410814,2.96189888607954,0.0859217667771647,2.23963047418478,1.11022302462516e-16,1,SISTEM_SUDAH_IDEAL
27.3390055808271,7.77260527028187,0.210876712156237,32.3921892105823,0.121444730100187,0.874779926532259,2.22044604925031e-16,1,TURUNKAN_KP_ATAU_NAIKKAN_KD
37.9711287287456,0.236028653859899,2.65493495051052,8.76353302639521,0.082868157719446,0.339662764082033,0.000351517828885761,1,SISTEM_SUDAH_IDEAL
27.6026466739721,4.15608978005441,4.46047443379601,0.385482577885177,0.0859252453213709,0.179836061179197,3.59712259978551e-13,1,SISTEM_SUDAH_IDEAL
7.1922229156503,26.2690499126411,5.50115775646275,8.56372223533761,0.173219150421474,3.3639077531949,3.33066907387547e-16,1,SISTEM_SUDAH_IDEAL
29.3275054074111,15.9239712418676,8.59596138517182,1.14559787769204,0.0839177402025151,0.274678133048888,2.22044604925031e-16,1,SISTEM_SUDAH_IDEAL
25.4589659817389,22.0881128089818,8.57486965438703,1.80485466664717,0.0844976459451837,0.299441553233107,1.11022302462516e-16,1,SISTEM_SUDAH_IDEAL
5.813971305359,12.9977332574767,2.84771654560967,11.0172622211876,0.300413108826347,3.55545225218648,2.22044604925031e-16,1,SISTEM_SUDAH_IDEAL
43.5284738613645,2.0086514522272,6.11404014986471,0.49952915324496,0.0810656796367908,0.0993054575550687,1.79092060070829e-07,1,SISTEM_SUDAH_IDEAL
17.3166818531123,8.0902428355958,5.70130589219612,1.63564369694866,0.0884419764902492,0.446321008087348,4.44089209850063e-16,1,SISTEM_SUDAH_IDEAL
6.70910483854666,4.04918682921485,9.3503138174543,2.76742186202374,0.0877609612682691,5.19440098255017,2.22044604925031e-16,1,SISTEM_SUDAH_IDEAL
16.8817747244362,5.92857109666494,0.715745692281798,17.9065383209269,0.154143327705768,0.567950623257753,0,1,SISTEM_SUDAH_IDEAL
45.68903669756,28.7082485481574,3.59320357440788,7.50263611318929,0.0785056707877976,0.370258106021316,0,1,SISTEM_SUDAH_IDEAL
4.90452853118825,26.8060878582882,3.83644621403203,14.0660449007783,0.247595976489959,5.40026367517198,1.11022302462516e-16,1,SISTEM_SUDAH_IDEAL
8.00652369203608,19.2565301077553,0.384083329939824,37.6438093135198,0.213430271405194,1.46079593610958,2.22044604925031e-16,1,TURUNKAN_KP_ATAU_NAIKKAN_KD
3.44247160032072,16.1695775934768,9.18255284871756,7.2113893172093,0.0884101916862035,10.0669608454943,3.6569636208128e-12,1,SISTEM_SUDAH_IDEAL
8.4356523891624,3.73829011376175,0.136945903161759,22.3633232568273,0.233789766025734,2.12264564250182,2.22044604925031e-16,1,TURUNKAN_KP_ATAU_NAIKKAN_KD
38.2381339948461,21.682625509776,8.54439201989133,1.00459280777339,0.0824893508655384,0.160458740128576,2.22044604925031e-16,1,SISTEM_SUDAH_IDEAL
12.5978530370792,18.447008725299,0.486113083015134,29.2248662027983,0.169142175788891,1.3418474803184,3.33066907387547e-16,1,TURUNKAN_KP_ATAU_NAIKKAN_KD
5.7397290486202,10.4444229344264,4.7194924570149,7.42474877698851,0.300902889427204,4.60040848476921,4.44089209850063e-16,1,SISTEM_SUDAH_IDEAL
4.07659925321059,20.4608808435835,5.25287278551066,11.0088001965714,0.271271917068135,7.05446716616239,1.11022302462516e-16,1,SISTEM_SUDAH_IDEAL
25.8933286469878,28.2117012293819,1.31727358312596,17.543356138195,0.113687388310559,0.487731075215017,2.22044604925031e-16,1,SISTEM_SUDAH_IDEAL
32.6390666143158,25.4156101495835,3.45903537918188,5.29703300152702,0.0840980514230273,0.574562746762574,0,1,SISTEM_SUDAH_IDEAL
3.50741617021783,0.344412216594081,0.0679006178412922,4.83500025755457,0.479922098134716,1.57721496921768,5.66246005639925e-09,1,SISTEM_SUDAH_IDEAL
14.7237369429713,6.52986891450648,3.01901981960125,2.13810704990669,0.156991160578158,1.38436500365195,0,1,SISTEM_SUDAH_IDEAL
29.8698648518417,16.9107877908949,2.1799577266672,10.4650363400796,0.0906750065424848,0.466745746423156,3.33066907387547e-16,1,SISTEM_SUDAH_IDEAL
19.6292123298508,10.1436945686435,7.4587261459746,1.49875532425898,0.0862099709897383,0.446824718390581,2.22044604925031e-16,1,SISTEM_SUDAH_IDEAL
18.5497066238417,12.6966126210944,5.71435314826206,2.12951944368549,0.0878821560796861,1.53242033931329,4.44089209850063e-16,1,SISTEM_SUDAH_IDEAL
29.5060117507879,0.862373559211905,0.911302032196148,21.4268299866313,0.113299844050331,0.585326284187833,4.12613443756538e-06,1,TURUNKAN_KP_ATAU_NAIKKAN_KD
25.1510630335938,27.547587738152,2.47616040914947,7.89833454620239,0.101697102143013,0.881879151960956,0,1,SISTEM_SUDAH_IDEAL
32.7468948682799,1.9560967222584,0.163374830323335,40.1936194231441,0.111256047656589,0.959949909754786,8.57562620915076e-08,1,TURUNKAN_KP_ATAU_NAIKKAN_KD
26.1044701010936,19.5704499463949,3.94154496357146,2.41264769687106,0.0868858560500358,0.850060767920796,0,1,SISTEM_SUDAH_IDEAL
19.131785856328,11.0881578824653,7.5313001182634,1.66080570150298,0.0862720687164514,0.45039844172486,2.22044604925031e-16,1,SISTEM_SUDAH_IDEAL
30.6949946772576,7.17454114169262,9.25260141377855,0.501808093292166,0.0837524325888717,0.312048427592499,0,1,SISTEM_SUDAH_IDEAL
19.1943118589463,11.2036480154929,3.29775631002825,2.30844878065117,0.123028121600293,1.13702143931955,1.11022302462516e-16,1,SISTEM_SUDAH_IDEAL
45.2892108426294,13.9835002811725,5.08200516527191,2.68734032717544,0.0798973572949663,0.259998225506532,0,1,SISTEM_SUDAH_IDEAL
39.8364497019738,4.05300960509042,2.04995755418917,14.0213791853263,0.082568113964491,0.34180394772023,3.5519875929424e-10,1,SISTEM_SUDAH_IDEAL
9.6088095122589,0.0567331586299835,8.57775043928891,0,0.087704686208637,1.61638798464378,0.00147728939661307,1,SISTEM_SUDAH_IDEAL
0.600463454777994,0.26053650976458,8.40485254643139,5.92969032952073,1.6990483766314,42.796558261557,0.000517046031716872,1,SISTEM_SUDAH_IDEAL
38.6021596616942,25.7147929138597,9.334520980353,1.10959604973486,0.0825167882731182,0.167644254872438,2.22044604925031e-16,1,SISTEM_SUDAH_IDEAL
0.853654744508925,5.69532635871639,6.94103917856729,11.0658873732044,0.63130914398414,37.4709245475833,4.82509170103285e-05,1,SISTEM_SUDAH_IDEAL
48.964875640901,17.2578201117051,5.62370184067695,2.35073733145588,0.0793941738189982,0.237119642221693,2.22044604925031e-16,1,SISTEM_SUDAH_IDEAL
47.1887151993087,20.590667580022,3.3115750079193,8.31512911947556,0.0779573988068965,0.338835140254418,1.11022302462516e-16,1,SISTEM_SUDAH_IDEAL
17.1028230962482,28.0311441487781,3.07495857709408,6.21230710182616,0.129106141010076,1.27706463541476,0,1,SISTEM_SUDAH_IDEAL
2.03813089214972,17.0334021811842,6.50849331712765,11.3357416174997,0.316505401459494,16.7729630481742,3.21660920121758e-09,1,SISTEM_SUDAH_IDEAL
37.0345621463423,28.6911963159244,3.06056261685545,8.60985921761113,0.0821636776914607,0.461002476187244,0,1,SISTEM_SUDAH_IDEAL
38.0551936768478,8.43981449244438,9.01909477903906,0.403514104182801,0.0827114612846052,0.192019433382719,2.22044604925031e-16,1,SISTEM_SUDAH_IDEAL
33.6294062002376,8.74647087176659,3.234848864071,5.18537696018659,0.0843135892839176,0.369376768143079,0,1,SISTEM_SUDAH_IDEAL
35.938588523956,5.52686544751389,4.40327803839445,1.96836280910038,0.0826752754967717,0.123747596345021,1.98729921407903e-13,1,SISTEM_SUDAH_IDEAL
18.325830367403,6.4052078873344,5.33546602895052,1.24352907051781,0.088596531099622,0.418043595507455,0,1,SISTEM_SUDAH_IDEAL
41.7135726113396,14.1838493645469,6.32356811249311,0.684707703900078,0.081364363516558,0.0996713453077835,2.22044604925031e-16,1,SISTEM_SUDAH_IDEAL
9.95005338943948,29.9264780494509,0.0233758239046955,62.884926843574,0.174766580523861,2.39145317801007,0,1,TURUNKAN_KP_ATAU_NAIKKAN_KD
30.8656453611642,24.7340567471713,4.14065739989271,2.81412306772353,0.0843327414696027,0.674638136543695,0,1,SISTEM_SUDAH_IDEAL
44.9158265343735,15.360385298201,9.6168510169435,0.544809485298337,0.0819081063920585,0.128009900828609,0,1,SISTEM_SUDAH_IDEAL
30.4934584603139,19.9828252318566,9.21454597930682,1.27294659465829,0.0836564928399715,0.261706719660761,2.22044604925031e-16,1,SISTEM_SUDAH_IDEAL
22.5344449405989,18.9989415378749,2.11514921777917,8.24298281954405,0.119267465142496,0.916556258801249,2.22044604925031e-16,1,SISTEM_SUDAH_IDEAL
28.1171656908035,3.10827724561194,2.92328870559013,3.6616474998248,0.0884425007230542,0.357404920778333,1.37100553132541e-10,1,SISTEM_SUDAH_IDEAL
27.3008491932079,5.42615034756445,2.76075305916425,4.18519476859431,0.0927507977442062,0.391564517685525,2.22044604925031e-16,1,SISTEM_SUDAH_IDEAL
11.7298451049782,16.4645335013041,5.57048763448675,4.48262780514421,0.131243842137782,2.22230522373429,2.22044604925031e-16,1,SISTEM_SUDAH_IDEAL
31.1256270145761,0.0197075588493223,1.87783652456388,11.6049002086176,0.0946411591113764,0.377151812932797,0.00116056549472698,1,SISTEM_SUDAH_IDEAL
23.913465841234,0.544704844839817,4.74907909597357,0,0.0872360347119536,0.273610104672674,2.24569588014312e-05,1,SISTEM_SUDAH_IDEAL
3.92953462711375,7.5207429541961,5.81181607110321,7.49650091392544,0.379239866775669,6.47201737919726,4.44089209850063e-16,1,SISTEM_SUDAH_IDEAL
7.65068355782335,12.306317197445,8.93035790884345,4.34928053381183,0.0878031714441148,3.34938080781152,2.22044604925031e-16,1,SISTEM_SUDAH_IDEAL
42.8216874572155,16.2826605638623,4.60458240612018,3.42759277470621,0.0802543353396476,0.299828391646967,1.11022302462516e-16,1,SISTEM_SUDAH_IDEAL
7.56973919878398,14.6671257553229,5.69120721519152,6.23635464030627,0.184035459723902,2.60440957724944,0,1,SISTEM_SUDAH_IDEAL
17.1729984620982,12.5376823966102,1.76772112023519,7.06387710025571,0.146870342245684,1.24638361496531,0,1,SISTEM_SUDAH_IDEAL
41.8388368964506,20.2738433988521,1.85443080728449,17.9659338416217,0.081006320486318,0.347372100211945,0,1,SISTEM_SUDAH_IDEAL
30.6566423805212,21.1545455114991,0.283189971642777,39.3958920888264,0.111676514743082,0.845339411333273,2.22044604925031e-16,1,TURUNKAN_KP_ATAU_NAIKKAN_KD
26.143466119806,7.77361464935232,5.08215998560839,0.834536946713693,0.0858598817591347,0.198492355046821,2.22044604925031e-16,1,SISTEM_SUDAH_IDEAL
48.7620543594985,24.5469496058264,8.5876147423649,0.781862441937586,0.0810682305523903,0.0993085824266782,1.11022302462516e-16,1,SISTEM_SUDAH_IDEAL
44.9308640386295,8.98513734918922,8.8002509576802,0.317316483176544,0.0817641853585392,0.113409503003564,0,1,SISTEM_SUDAH_IDEAL
12.860663854911,5.76444339330156,1.86618434728607,3.05491037816508,0.175252847863253,1.58879655733937,0,1,SISTEM_SUDAH_IDEAL
43.1553849558964,13.3379687604932,3.86605595670863,5.33094891189649,0.0798699143452498,0.330821703974905,2.22044604925031e-16,1,SISTEM_SUDAH_IDEAL
41.7002980391006,6.19476867530757,8.97802882728932,0.236191084561455,0.0822455612867047,0.158572725855971,2.79110068390764e-13,1,SISTEM_SUDAH_IDEAL
23.0751468216819,4.90349879176887,2.68749845675418,2.82410421598722,0.114525821404805,0.392849722036443,1.11022302462516e-16,1,SISTEM_SUDAH_IDEAL
26.1350427274003,23.1710376582606,3.8739090100886,2.88418184422636,0.0868801682009742,0.951693361413698,0,1,SISTEM_SUDAH_IDEAL
2.32125880097104,29.6054305719062,5.2302361848477,14.7454922860695,0.272435443003055,15.9673196294803,7.45151607084438e-10,1,SISTEM_SUDAH_IDEAL
42.2841616997387,26.7557142095399,6.85589106885733,1.17842469777627,0.0813041554593337,0.0995975904376837,0,1,SISTEM_SUDAH_IDEAL
25.9922141978873,13.2586848150212,3.80141087167019,1.76826290544214,0.0873576611510958,0.170702346795336,2.22044604925031e-16,1,SISTEM_SUDAH_IDEAL
1.69218894119549,6.47646325681574,0.85303760602232,36.5730512735823,0.557009271656378,10.2021390478328,3.33066907387547e-16,1,TURUNKAN_KP_ATAU_NAIKKAN_KD
39.9438267963922,12.0541662128589,0.497938393850016,39.1189578691538,0.0901902811525188,0.719206668256441,0,1,TURUNKAN_KP_ATAU_NAIKKAN_KD
15.9244262548377,26.1365954630248,9.31405901051082,3.25638726750184,0.0858510778060232,2.04940128231385,2.22044604925031e-16,1,SISTEM_SUDAH_IDEAL
21.386714587357,25.9846585291903,4.80643006518285,3.35488509519042,0.0876292387167052,1.35119177915881,2.22044604925031e-16,1,SISTEM_SUDAH_IDEAL
45.5171189643212,7.51602068362895,5.26644211230876,2.12353447472691,0.0800648453125136,0.212241660416008,3.04201108747293e-14,1,SISTEM_SUDAH_IDEAL
12.3415572855568,25.1531839991313,5.25723470889763,5.64185409384441,0.125749801462159,1.81167643152358,0,1,SISTEM_SUDAH_IDEAL
17.5901915767229,7.71394589359363,1.68827957876712,6.56577076541753,0.147674156509932,0.745991633990479,3.33066907387547e-16,1,SISTEM_SUDAH_IDEAL
30.0617446997218,24.3297530622264,8.48919287183767,1.56176930721335,0.0837126695006935,0.235193272760359,1.11022302462516e-16,1,SISTEM_SUDAH_IDEAL
42.3386221929718,7.05009106087856,5.08285302462269,1.95575367070757,0.0807833090671632,0.0989595536072749,2.59792187762287e-14,1,SISTEM_SUDAH_IDEAL
33.5677370277539,2.7222397245778,5.42998691068786,0.124452856776203,0.0833817674975853,0.158027978027004,6.03897110096341e-09,1,SISTEM_SUDAH_IDEAL
14.9995669293996,11.4552961640468,5.33886584053346,2.69266035044342,0.109710963771329,2.04983100388223,1.11022302462516e-16,1,SISTEM_SUDAH_IDEAL
21.4262835636203,6.96108329807735,0.284190649573277,32.2420365459071,0.136817428615231,0.994499531671147,3.33066907387547e-16,1,TURUNKAN_KP_ATAU_NAIKKAN_KD
1.40141193676636,8.22903351362459,6.94480594652145,10.4338302576237,0.466099765877027,22.0166563035852,2.15767393729749e-07,1,SISTEM_SUDAH_IDEAL
16.5998919840544,22.5146708834758,7.95652212781622,3.12726595247206,0.0864411314086596,1.97705236113059,1.11022302462516e-16,1,SISTEM_SUDAH_IDEAL
2.78709138531572,0.276718312357824,7.28124503903357,1.18664582203853,0.607363285908733,4.51509634207855,9.43689570931383e-14,1,SISTEM_SUDAH_IDEAL
33.3196004894191,17.5597984189757,9.19037788207564,1.00663574993141,0.0832818160202469,0.233544770635096,1.11022302462516e-16,1,SISTEM_SUDAH_IDEAL
8.46686109054103,29.1589195172843,2.19606978154558,15.60907151489,0.187869896460988,2.16028266586879,2.22044604925031e-16,1,SISTEM_SUDAH_IDEAL
2.01242673607496,6.86884219618974,7.0776573991382,8.90141130702022,0.430929794552963,14.1714268700157,1.40084599475898e-09,1,SISTEM_SUDAH_IDEAL
17.7311027135722,21.2846353579086,5.88692509015231,3.26180049764271,0.0877986117793183,1.72705542525733,3.33066907387547e-16,1,SISTEM_SUDAH_IDEAL
5.53780483748213,19.4046992587259,7.31114780907315,7.28122518418299,0.145647463447386,4.50461012775715,0,1,SISTEM_SUDAH_IDEAL
43.2690054708731,0.679427390397115,1.51201250148042,20.0282159975177,0.0813895649842873,0.465829820704726,5.25061431133622e-05,1,TURUNKAN_KP_ATAU_NAIKKAN_KD
26.359704186457,6.79693598080552,8.41663469853089,0.63555605246195,0.0845478525143441,0.369637439966359,1.11022302462516e-16,1,SISTEM_SUDAH_IDEAL
21.601652543707,8.98171089238674,5.77168904902615,1.26946991661823,0.0868428474477867,0.336250753348195,2.22044604925031e-16,1,SISTEM_SUDAH_IDEAL
17.3376173663554,25.7103355661604,2.86568891549439,6.04959714120532,0.131383722970664,1.27712342192267,2.22044604925031e-16,1,SISTEM_SUDAH_IDEAL
22.1476787187205,22.9917343457493,3.83014469383169,3.37714903783111,0.0912393079932974,1.21257324361678,2.22044604925031e-16,1,SISTEM_SUDAH_IDEAL
12.0401952821706,11.8173684774079,1.95833415687371,6.06519621746933,0.175865938458693,1.74792015249181,0,1,SISTEM_SUDAH_IDEAL
22.1350700704533,18.5520208347459,2.31855335977414,6.80855057816447,0.11870249605094,0.978835423797573,1.11022302462516e-16,1,SISTEM_SUDAH_IDEAL
43.6716611121147,21.9426008657313,3.19948853682584,8.57610920881968,0.0792617016711592,0.363317016594121,1.11022302462516e-16,1,SISTEM_SUDAH_IDEAL
40.688831542951,13.7656717279556,6.75968956123058,0.649009388878286,0.0817360740720826,0.106166344316384,0,1,SISTEM_SUDAH_IDEAL
14.4892542027924,21.9155945166985,7.342214810126,3.69403950554792,0.0873769551636364,2.06578839333569,0,1,SISTEM_SUDAH_IDEAL
35.4964579472281,6.28395914261738,1.7115855836937,16.1656736275149,0.0868679707386831,0.364662608774909,8.43769498715119e-15,1,SISTEM_SUDAH_IDEAL
26.7870423675468,21.2658613282645,0.0101277659079146,43.5813202972427,0.120383654837897,1.36133521593104,1.11022302462516e-16,1,TURUNKAN_KP_ATAU_NAIKKAN_KD
9.64915399621216,22.08041211122,9.9554450272871,4.35870424210882,0.0866293004876996,2.60704103347594,2.22044604925031e-16,1,SISTEM_SUDAH_IDEAL
9.95646513905509,6.98671295603031,3.35190755101026,3.8325134768862,0.208720951180476,2.60610168012953,0,1,SISTEM_SUDAH_IDEAL
7.05151067341968,10.0955449443901,5.66146124232041,5.53577532300955,0.216908295137412,3.09833395033849,2.22044604925031e-16,1,SISTEM_SUDAH_IDEAL
23.1496682826325,26.7463560846344,1.1739867303146,19.5726753954109,0.123119699882842,0.914888332521451,0,1,SISTEM_SUDAH_IDEAL
5.40900454322373,11.7567111530996,6.96743145146946,6.39904094186039,0.186173162040399,5.40464678213368,2.22044604925031e-16,1,SISTEM_SUDAH_IDEAL
44.5263482362615,1.38611811672662,2.92177571660369,8.64525432799739,0.0793605616363941,0.305905753512991,1.62101263401215e-06,1,SISTEM_SUDAH_IDEAL
47.787422241215,22.8290897516175,0.557705360895362,39.7613850544445,0.0796666868677222,0.659197813990942,0,1,TURUNKAN_KP_ATAU_NAIKKAN_KD
1.52121564535546,27.8121290896673,3.70590280728781,21.558716838305,0.328215348262848,37.5293663232209,8.50208540603692e-06,1,TURUNKAN_KP_ATAU_NAIKKAN_KD
0.891686942166719,15.1090872924897,9.49154073528798,9.19867524031852,0.0887069944209488,47.3975882710348,0.000537621753147199,1,SISTEM_SUDAH_IDEAL
46.7219136705175,1.61120002125423,9.1455211918447,0,0.0817058843704485,0.108963137915859,4.81262882656708e-07,1,SISTEM_SUDAH_IDEAL
25.2876756006275,5.74620062449971,6.18834639397846,0.61708583015303,0.0854851578873004,0.299319629609358,0,1,SISTEM_SUDAH_IDEAL
43.8661379786244,12.5963370317258,9.30432038308178,0.469980963756678,0.081985303125089,0.134795985422456,1.11022302462516e-16,1,SISTEM_SUDAH_IDEAL
26.6179426324397,25.3319240025231,7.60505041256386,1.9902297319605,0.084424870421238,0.248945766071117,1.11022302462516e-16,1,SISTEM_SUDAH_IDEAL
32.5474010682572,27.8786969345394,6.98579521997938,1.71286161807198,0.0832219766726873,0.168108802789313,0,1,SISTEM_SUDAH_IDEAL
11.5154399548718,21.1022235934552,2.38032431573691,8.91468553741697,0.170790105033042,1.46758482904838,0,1,SISTEM_SUDAH_IDEAL
27.1167989671629,11.317837400154,6.32882401775592,1.0593100277958,0.0848323850155606,0.24346198790454,2.22044604925031e-16,1,SISTEM_SUDAH_IDEAL
49.4799341600366,23.3079032413143,7.16881713283278,0.892511708607047,0.0802929500111187,0.0983588637636204,3.33066907387547e-16,1,SISTEM_SUDAH_IDEAL
42.2310100797839,7.85742349627563,4.61283352770645,2.89328695654125,0.0805911377675969,0.26428932623247,1.33226762955019e-15,1,SISTEM_SUDAH_IDEAL
18.2460872732608,18.5098310958076,3.09449665610937,4.06512854049366,0.12747904962358,1.38061415180746,0,1,SISTEM_SUDAH_IDEAL
31.7328265581461,23.3715891348895,8.88038172098787,1.38193298429503,0.0834510876397428,0.228224756528892,2.22044604925031e-16,1,SISTEM_SUDAH_IDEAL
34.0419023972768,6.43185355583148,1.9674201790424,13.0410304426304,0.0870668883085191,0.374380809571184,1.33226762955019e-15,1,SISTEM_SUDAH_IDEAL
20.6303931033866,23.009446988715,7.86699445246009,2.50388092741496,0.0856123118083459,1.66183426690364,1.11022302462516e-16,1,SISTEM_SUDAH_IDEAL
30.0797794544858,4.80183063394091,1.87610929507923,11.4835717332251,0.0980538123794347,0.391349579246949,1.21458398893992e-13,1,SISTEM_SUDAH_IDEAL
43.0567361501388,15.4590719282773,4.68985531630745,3.2315130237091,0.0802439169502372,0.291393128639868,2.22044604925031e-16,1,SISTEM_SUDAH_IDEAL
0.363792790061068,22.7280354619218,5.13684930952036,999,999,999,1,0,TURUNKAN_KP_DAN_KI
22.1952087818878,29.2335977574402,3.50325127640609,4.50802329356832,0.096068472064404,1.14612536749305,2.22044604925031e-16,1,SISTEM_SUDAH_IDEAL
9.98499995876234,14.3577887184799,8.88893283896008,3.75596745605571,0.0873321431872543,2.93613578944067,2.22044604925031e-16,1,SISTEM_SUDAH_IDEAL
28.0913172541795,7.47354863806916,2.64964934446156,5.40192668890278,0.0908251620882617,0.416363075912998,0,1,SISTEM_SUDAH_IDEAL
28.2690149679675,23.7946833881372,0.211781214286829,38.4262647315239,0.116421342195213,1.24884118446099,1.11022302462516e-16,1,TURUNKAN_KP_ATAU_NAIKKAN_KD
36.9457743242312,12.0341439420048,7.10065719983537,0.651430484204352,0.0825658776925641,0.153003268135036,1.11022302462516e-16,1,SISTEM_SUDAH_IDEAL
32.1550490624689,19.4337883276021,9.58725910862292,1.1369878803992,0.0834206593982122,0.252219877739145,2.22044604925031e-16,1,SISTEM_SUDAH_IDEAL
25.8834317767378,0.385384150434717,8.28593931550058,0,0.0847278888986352,0.441953585519575,0.00010241879902595,1,SISTEM_SUDAH_IDEAL
31.4267564183717,18.2516066177085,7.05995399028007,1.24538788912743,0.083588855794894,0.190141843348149,1.11022302462516e-16,1,SISTEM_SUDAH_IDEAL
26.8530080797437,1.83420599499241,5.55621704432356,0.10642113761965,0.0854168384781776,0.252183907221182,3.70778874270172e-08,1,SISTEM_SUDAH_IDEAL
3.44490508616705,22.5596690523957,0.353883295042916,68.6849430868511,0.272464359581074,13.0078992631723,4.44089209850063e-16,1,TURUNKAN_KP_ATAU_NAIKKAN_KD
48.0310953988261,11.2143997577214,9.96787832424767,0.34781781175659,0.0816878372715124,0.106611200339248,0,1,SISTEM_SUDAH_IDEAL
38.0365577080284,2.50057871609692,5.1273999461873,0.890814503402448,0.0820760791404425,0.115479970262852,3.66023789055703e-08,1,SISTEM_SUDAH_IDEAL
43.4468169361327,19.7800656439889,0.688537820304417,36.5145608172709,0.0835366127248456,0.682644730222695,2.22044604925031e-16,1,TURUNKAN_KP_ATAU_NAIKKAN_KD
46.3570745774432,1.18066324879478,9.90720956707378,0,0.0819280733755525,0.137245162325501,6.35924983516389e-06,1,SISTEM_SUDAH_IDEAL
35.0816776521311,25.8595032174164,1.6835914414421,18.7899568948549,0.0865136206016515,0.386103143086643,2.22044604925031e-16,1,SISTEM_SUDAH_IDEAL
34.6252515389848,25.45441978296,2.29517493433015,12.6373573595126,0.0848625062431693,0.430614900764844,0,1,SISTEM_SUDAH_IDEAL
6.3448192695417,1.5354669513553,6.39516353128325,1.76099685041042,0.262817825189738,1.58017161426303,2.22044604925031e-16,1,SISTEM_SUDAH_IDEAL
4.01058794416013,23.1211218033771,5.57130805300926,11.021351472959,0.247890996378751,6.91892378052175,1.11022302462516e-16,1,SISTEM_SUDAH_IDEAL
4.80320780481745,21.8538203964254,4.20108124927059,12.2615261792382,0.267322624093648,4.83999016666435,0,1,SISTEM_SUDAH_IDEAL
33.6423697928349,24.2003212498933,8.89783228511574,1.30928093031748,0.0831625992247842,0.202593950350341,3.33066907387547e-16,1,SISTEM_SUDAH_IDEAL
33.5108164093714,24.8686952162999,9.68008641043474,1.30171903172007,0.0831946757938685,0.223420461896633,0,1,SISTEM_SUDAH_IDEAL
37.5785803245233,17.4344366005434,9.52474571067223,0.820546865115435,0.0827410848425779,0.191604727732319,1.11022302462516e-16,1,SISTEM_SUDAH_IDEAL
10.8415600846055,6.1797304141824,9.85370475894645,2.05265902188452,0.0866567740022943,3.21387639893908,4.44089209850063e-16,1,SISTEM_SUDAH_IDEAL
25.9223591136642,7.1457375930078,3.86222951792561,0.911680224898825,0.0874580780478071,0.176769860360198,1.11022302462516e-16,1,SISTEM_SUDAH_IDEAL
10.7414113433739,8.95181159689448,6.88050502983945,3.07148614507067,0.0994515248408664,2.99584254667199,2.22044604925031e-16,1,SISTEM_SUDAH_IDEAL
31.231151339018,3.1065712148754,2.8604889328144,5.44752461709095,0.0865462934680912,0.36230950514941,5.85932191654592e-10,1,SISTEM_SUDAH_IDEAL
30.1678502606034,26.0546493358122,8.15685157493809,1.67183250012977,0.0836909619772256,0.21930692007048,0,1,SISTEM_SUDAH_IDEAL
18.8458801564593,14.4891726260377,7.77823426856196,2.03999455518253,0.0861549612485066,1.63350535063621,2.22044604925031e-16,1,SISTEM_SUDAH_IDEAL
11.0495292314298,4.65519547646047,2.46902824423481,2.61327686562463,0.195653607853966,2.0935013216343,0,1,SISTEM_SUDAH_IDEAL
48.9577585716801,16.2227720898291,6.64646441022661,1.08894694643458,0.0801407679585265,0.0981724407491949,2.22044604925031e-16,1,SISTEM_SUDAH_IDEAL
33.753811799966,18.4089703070693,0.666366747063877,33.0755781250632,0.101964161839333,0.784062834827571,0,1,TURUNKAN_KP_ATAU_NAIKKAN_KD
23.1456529830361,10.5302121363739,6.05221805330662,1.29199738676025,0.0861064790517048,0.304362084767606,0,1,SISTEM_SUDAH_IDEAL
30.7079363938765,9.12659662601049,8.390836341869,0.651081063266301,0.0837812200692086,0.276819889136222,2.22044604925031e-16,1,SISTEM_SUDAH_IDEAL
8.74312756181698,0.165593437621642,2.16990425733067,0,0.282610730729184,0.80750592431172,0.000137139478101234,1,SISTEM_SUDAH_IDEAL
26.8446616854615,10.2740770915947,1.65743065057843,11.8229758291788,0.111385513826672,0.453811218352807,3.33066907387547e-16,1,SISTEM_SUDAH_IDEAL
30.6916415033452,8.54617524683356,3.02321260777303,4.97700088958759,0.0863440646244565,0.388444454445051,2.22044604925031e-16,1,SISTEM_SUDAH_IDEAL
25.1359138030159,15.8607069707995,0.141614533250277,38.9831456966643,0.124825323803227,1.33203666477105,2.22044604925031e-16,1,TURUNKAN_KP_ATAU_NAIKKAN_KD
6.00472022374509,4.17443067110155,7.62085235974621,3.48202007727521,0.151282014736889,5.06115655106189,2.22044604925031e-16,1,SISTEM_SUDAH_IDEAL
10.4484452883991,15.1054138964394,2.33754988435782,7.71106410607705,0.184060805950485,1.73856280683637,2.22044604925031e-16,1,SISTEM_SUDAH_IDEAL
33.2065557467154,19.254365951196,8.49670116858989,1.12384954519207,0.0832659096606022,0.208833872725558,2.22044604925031e-16,1,SISTEM_SUDAH_IDEAL
43.7949545355016,28.4048928202175,8.08563838761826,1.07673443637395,0.0815060583953621,0.0998449215343186,2.22044604925031e-16,1,SISTEM_SUDAH_IDEAL
3.9353799433984,9.00032003698706,1.05231598449911,21.8192543283043,0.372656969777319,3.28055510556529,2.22044604925031e-16,1,TURUNKAN_KP_ATAU_NAIKKAN_KD
35.2452551185237,13.5810516525182,3.49605224594474,5.01499039052062,0.0831247348489465,0.379686579472975,1.11022302462516e-16,1,SISTEM_SUDAH_IDEAL
40.3675011536819,1.71823321344218,1.88276857528354,15.4663643778516,0.0826302410234838,0.334522672681274,1.74664744445607e-07,1,SISTEM_SUDAH_IDEAL
14.0773007325086,22.5915693809709,4.06690140595141,5.38965786841232,0.137346503853302,1.65150298680396,0,1,SISTEM_SUDAH_IDEAL
16.0194028431142,13.1572826023908,3.50358334666449,3.30407253605396,0.138485993086081,1.66892486426897,1.11022302462516e-16,1,SISTEM_SUDAH_IDEAL
23.1402397080781,12.3661233040634,9.47121827228777,1.27510223372507,0.0847821964016993,0.416692974161389,2.22044604925031e-16,1,SISTEM_SUDAH_IDEAL
47.4945090274133,13.813079243277,3.70183944741159,6.42453942798922,0.0782695017749275,0.315487108945285,2.22044604925031e-16,1,SISTEM_SUDAH_IDEAL
16.9364209250575,14.6530922599213,8.51530071788195,2.25640204623319,0.0861724865769315,2.06018051182811,1.11022302462516e-16,1,SISTEM_SUDAH_IDEAL
3.50731112782308,15.7870793990166,3.28804979027992,15.3506845578061,0.361351517215708,6.72034745989519,3.33066907387547e-16,1,SISTEM_SUDAH_IDEAL
17.2052107610285,21.9304024858379,8.33159957620492,2.88588475318898,0.0861193242961347,1.9772202154797,1.11022302462516e-16,1,SISTEM_SUDAH_IDEAL
35.4879301254045,4.74450279177383,9.76820417954347,0.233799074840646,0.083128369187258,0.263802080522668,2.61657362443657e-12,1,SISTEM_SUDAH_IDEAL
28.0898785366715,14.1645587781688,3.95294053012827,1.8293969862718,0.0860403207645501,0.160929012918965,0,1,SISTEM_SUDAH_IDEAL
4.31780480727356,8.29120075977387,3.66972541074441,9.66149078731742,0.420902968109399,5.06159690311303,4.44089209850063e-16,1,SISTEM_SUDAH_IDEAL
39.9586004643476,0.354751409447421,2.29690096343296,11.6878659903563,0.0821770540472084,0.334874705682783,0.000205618675950592,1,SISTEM_SUDAH_IDEAL
34.4536640055226,1.10042380795331,7.86349951993032,0,0.0832402068816112,0.228138129885518,1.58630682223215e-06,1,SISTEM_SUDAH_IDEAL
33.1490771758911,22.652954909224,5.17652892830249,1.67571040362149,0.0831660066650582,0.13940891414605,2.22044604925031e-16,1,SISTEM_SUDAH_IDEAL
49.6167038309593,5.33798554543154,4.37026558754983,4.25788596427983,0.0783500745894527,0.280068811523379,1.2208678512593e-10,1,SISTEM_SUDAH_IDEAL
31.6292996229479,20.2084488915337,9.17498711881621,1.21991363177263,0.083493433009026,0.246332798270567,1.11022302462516e-16,1,SISTEM_SUDAH_IDEAL
45.4801122945534,1.9146361783545,6.37231139433728,0.491426066226563,0.0808005159257069,0.0989806320089909,1.51323015007421e-07,1,SISTEM_SUDAH_IDEAL
24.1545415459392,8.62527162324507,7.21540233550789,0.95956006372544,0.0852936378644766,0.354997026792975,3.33066907387547e-16,1,SISTEM_SUDAH_IDEAL
25.3443769976176,20.3188710704935,8.0238743452994,1.75252885340265,0.0846529212621891,0.293715194677115,0,1,SISTEM_SUDAH_IDEAL
34.2664862654383,3.46480958125443,9.57638682083772,0.164096672519465,0.0832918417924087,0.282188063002366,3.35661720640701e-10,1,SISTEM_SUDAH_IDEAL
16.8776355594939,9.54874502247965,6.68347742737445,1.83812887517769,0.0874896981939696,0.486633607495731,2.22044604925031e-16,1,SISTEM_SUDAH_IDEAL
7.43926799150881,8.34012146223311,6.59415739726235,4.40148118938188,0.169201005774121,3.50480956309659,2.22044604925031e-16,1,SISTEM_SUDAH_IDEAL
27.2113451477953,8.52284585266586,9.76195598338072,0.720527473438026,0.0841758516354052,0.378911622687851,1.11022302462516e-16,1,SISTEM_SUDAH_IDEAL
28.8289376660123,21.815913921543,8.7930961712258,1.49733576446109,0.0839164724942793,0.26558044101405,2.22044604925031e-16,1,SISTEM_SUDAH_IDEAL
33.2041732497451,15.654031300186,2.54765954501228,9.28287516830812,0.0855642725757691,0.416960187539968,1.11022302462516e-16,1,SISTEM_SUDAH_IDEAL
33.7839854195497,25.77303505145,4.72530754811264,2.21371546369555,0.0829575578549731,0.501027759349845,2.22044604925031e-16,1,SISTEM_SUDAH_IDEAL
45.7262637614454,1.87488609727282,4.87560095200786,2.58662684694793,0.0798545080670219,0.238426005796956,1.23098978566105e-07,1,SISTEM_SUDAH_IDEAL
45.8534097586559,14.694507921662,4.84301837223959,3.24630293392716,0.0795792707484655,0.282204701844512,0,1,SISTEM_SUDAH_IDEAL
13.8066072763986,2.73265456833212,6.65939910486429,0.839155431044913,0.0885575227475103,0.772281621109044,0,1,SISTEM_SUDAH_IDEAL
6.37780747530252,3.26416452539287,4.42895866539152,3.53237498961905,0.365689983973078,4.37379608808184,0,1,SISTEM_SUDAH_IDEAL
27.7556058486614,28.876137805667,5.71510380296431,2.41249765869551,0.084560569525559,1.05238626687814,1.11022302462516e-16,1,SISTEM_SUDAH_IDEAL
3.89448359709968,10.8741605183051,0.1948180693317,47.9565318147544,0.308240876545643,3.67032661541663,0,1,TURUNKAN_KP_ATAU_NAIKKAN_KD
23.2953286295041,28.6769798996581,9.7756862157347,2.26211076218092,0.0845299338211732,1.54431998744013,1.11022302462516e-16,1,SISTEM_SUDAH_IDEAL
7.24874313487788,8.18355095213413,9.70876621364073,3.6089451472703,0.0873488836148146,4.11218075885486,1.11022302462516e-16,1,SISTEM_SUDAH_IDEAL
38.6957689924609,18.1756215952987,8.42383194320181,0.848594544284675,0.0824388012505951,0.158367959394079,1.11022302462516e-16,1,SISTEM_SUDAH_IDEAL
34.0297124367669,27.7052459144032,9.74727470261515,1.37912670496319,0.083104983540422,0.212190590585192,2.22044604925031e-16,1,SISTEM_SUDAH_IDEAL
3.00382639748288,0.791361811760668,7.09767621267017,2.78175426189506,0.555117924241477,10.6289776346134,8.4821039081362e-14,1,SISTEM_SUDAH_IDEAL
32.0983818193096,14.038126095427,5.57166128424865,1.04349983834897,0.0835892026673718,0.160013887739501,2.22044604925031e-16,1,SISTEM_SUDAH_IDEAL
4.81721241982304,24.5971408283152,3.74734509186577,13.9985249131317,0.259747036889819,5.52527724040072,2.22044604925031e-16,1,SISTEM_SUDAH_IDEAL
45.7115310939406,25.1817930720589,5.92903836034757,1.86612248666413,0.0801765754334237,0.098216304905944,2.22044604925031e-16,1,SISTEM_SUDAH_IDEAL
4.8966619077658,7.14963200943778,0.232976645546809,29.1458917330722,0.308706339139355,1.56073433794961,2.22044604925031e-16,1,TURUNKAN_KP_ATAU_NAIKKAN_KD
7.80166052876342,26.4133832144014,1.18960793840219,24.6861431832229,0.207060146139622,1.85951716027061,0,1,TURUNKAN_KP_ATAU_NAIKKAN_KD
43.0969196345062,25.9646716744798,8.95457694589616,0.967227066418497,0.0818773715482884,0.120106008367854,0,1,SISTEM_SUDAH_IDEAL
0.684436385779269,23.882964165985,1.82145709027707,999,999,999,1,0,TURUNKAN_KP_DAN_KI
1.71527378815183,4.89439114674228,5.48175722168676,10.5800300526876,0.69776801416678,15.0725800896833,9.89418325048064e-10,1,SISTEM_SUDAH_IDEAL
38.5198222943088,23.3853603814714,3.49070266680343,6.5352627496569,0.0814092162575883,0.407377850556323,2.22044604925031e-16,1,SISTEM_SUDAH_IDEAL
35.5126688643576,9.91870814264518,6.16060448107641,0.59853625454882,0.0827614431950837,0.148403437826187,0,1,SISTEM_SUDAH_IDEAL
23.0447243809401,6.57358538366151,4.32058051875356,0.91725610178448,0.0881158774417503,0.21614799100948,0,1,SISTEM_SUDAH_IDEAL
32.0683594312348,24.9340054221408,7.08725937669242,1.57622286097185,0.0833638485459554,0.177039252326209,2.22044604925031e-16,1,SISTEM_SUDAH_IDEAL
9.08861389216108,17.3971309055667,7.77895659780589,4.81938476880914,0.0884375853863787,2.6470396692436,2.22044604925031e-16,1,SISTEM_SUDAH_IDEAL
38.0522593269077,7.51867899022339,3.4376746355521,5.52166389356545,0.0820271560280628,0.340523540455525,2.22044604925031e-16,1,SISTEM_SUDAH_IDEAL
36.6365578153974,8.61851936080621,4.43893621856805,2.23595724411867,0.0823582237272977,0.232360592974174,0,1,SISTEM_SUDAH_IDEAL
42.091598538095,29.5096801624204,6.14553209617717,1.47755022423968,0.0809914447278156,0.099214519791574,2.22044604925031e-16,1,SISTEM_SUDAH_IDEAL
8.92750180004492,1.92287081282099,6.85696709851626,1.23971961669542,0.140678103475372,1.21985108625126,1.11022302462516e-16,1,SISTEM_SUDAH_IDEAL
11.5967339774812,19.9353471253175,8.44224693484357,3.99533269289147,0.0872458009602227,2.43452748393815,0,1,SISTEM_SUDAH_IDEAL
36.8523005064813,26.9850666611835,2.44236319517222,12.3212090419393,0.0830331415451261,0.399750475388409,2.22044604925031e-16,1,SISTEM_SUDAH_IDEAL
44.2812004156063,1.36890833356981,4.92895815278608,2.26309947024461,0.0802811933669044,0.220331174436714,1.71684007244099e-06,1,SISTEM_SUDAH_IDEAL
29.1216644171871,28.4684726491199,6.31653395422116,2.11864356026708,0.0840383554701856,0.949308474909309,2.22044604925031e-16,1,SISTEM_SUDAH_IDEAL
23.7265541853956,3.64756884735481,2.79710704451344,2.41822671153711,0.110079347355793,0.348273449214919,2.97317725994617e-13,1,SISTEM_SUDAH_IDEAL
38.5606681250019,22.5239411782776,0.180845001964068,49.3799777024051,0.096744073473492,1.11954678714089,0,1,TURUNKAN_KP_ATAU_NAIKKAN_KD
42.5228035284481,27.0703983552918,6.76039013462218,1.19664848626129,0.0812159592351274,0.099489550063031,0,1,SISTEM_SUDAH_IDEAL
2.12991286720051,14.8625717843122,6.86580696832699,10.4383363659927,0.31033676835362,15.9827587949388,7.92431009699612e-10,1,SISTEM_SUDAH_IDEAL
1.94352780441387,7.51719574525822,3.16444939510907,16.5028924298201,0.607440083474808,11.9371339033125,3.66373598126302e-15,1,SISTEM_SUDAH_IDEAL
8.44047904664829,13.7887815535799,9.17840283176213,4.16363958026094,0.0874364554956975,3.16013580967553,0,1,SISTEM_SUDAH_IDEAL
2.55076717004455,8.45785464768369,8.15134490163779,7.65686155864211,0.211003078064622,13.033310367229,3.41071615395094e-12,1,SISTEM_SUDAH_IDEAL
44.7556325145931,23.7082727468988,0.226394569144582,49.5121091898773,0.0849463794812628,1.03396663101787,3.33066907387547e-16,1,TURUNKAN_KP_ATAU_NAIKKAN_KD
4.06141889764318,27.6260910549439,5.14139837739626,12.2674209658345,0.239471718888426,7.47720963213683,1.11022302462516e-16,1,SISTEM_SUDAH_IDEAL
2.22333734009122,23.7188209572987,7.28113294800991,10.6914988788928,0.213815248484507,16.7600618044929,4.32552060836144e-09,1,SISTEM_SUDAH_IDEAL
4.8699893337705,23.6845682656752,7.07159301485602,8.44583548468283,0.16165120202649,5.76949683330746,2.22044604925031e-16,1,SISTEM_SUDAH_IDEAL
19.5907216206148,27.1840692011266,1.27345202532159,18.2653191480597,0.133668916134976,0.734481915772137,2.22044604925031e-16,1,SISTEM_SUDAH_IDEAL
23.1170879123057,15.8184863200295,6.14049890866498,1.82057554235002,0.085963618574059,0.281120311614831,2.22044604925031e-16,1,SISTEM_SUDAH_IDEAL
2.68908820558483,0.645987642177237,1.11480336756446,4.8223233397211,0.941804106616701,7.18848362237103,0,1,SISTEM_SUDAH_IDEAL
27.8649906263685,18.152104547947,7.84043390068847,1.4205144716531,0.084233297825744,0.264138998512892,4.44089209850063e-16,1,SISTEM_SUDAH_IDEAL
47.8378069052065,5.82945713853005,4.6667696594776,3.43829244114062,0.0790754593086214,0.269733239243144,1.67381664084587e-11,1,SISTEM_SUDAH_IDEAL
45.6560544284237,12.4787567489663,2.98012686704141,9.248200816223,0.0785971197032609,0.327733097203133,0,1,SISTEM_SUDAH_IDEAL
12.9679780848574,24.9571252299958,6.94535642686375,4.5478287192158,0.0881068459629058,2.003410523894,4.44089209850063e-16,1,SISTEM_SUDAH_IDEAL
0.408923264669031,19.1145638629352,8.15012626726182,7.01687667542732,0.56454611592342,149.524203604876,0.0416715362909204,1,SISTEM_SUDAH_IDEAL
33.1659738672111,10.0480450887881,9.59159053494223,0.606355548760296,0.0833746245243884,0.271285699739891,1.11022302462516e-16,1,SISTEM_SUDAH_IDEAL
26.8673270021606,16.9991939937398,1.15862753436787,18.4043679154165,0.114889173663214,0.447294525799689,2.22044604925031e-16,1,SISTEM_SUDAH_IDEAL
25.5457917648833,24.4491967432163,6.32271091258082,2.22540422390338,0.0850379109679287,1.16555459921499,0,1,SISTEM_SUDAH_IDEAL
6.6046077413182,15.9972828786021,9.51082762250197,5.11660671046197,0.0875185830968837,5.14102789523031,1.11022302462516e-16,1,SISTEM_SUDAH_IDEAL
3.99970089392768,13.1019429844773,7.81661175237138,7.26147707046501,0.163505614254944,7.90542516610473,2.22044604925031e-16,1,SISTEM_SUDAH_IDEAL
8.28199558709058,20.785126054903,4.34680455530927,8.1020609386155,0.187025804355367,3.12133544684407,2.22044604925031e-16,1,SISTEM_SUDAH_IDEAL
41.095173110532,16.6323439074505,7.881459502637,0.726364083745112,0.0819728853793052,0.124819939692216,1.11022302462516e-16,1,SISTEM_SUDAH_IDEAL
13.4949029190483,15.8784767446393,6.49212676676911,3.49629268037619,0.0886113438977937,2.24759143832372,1.11022302462516e-16,1,SISTEM_SUDAH_IDEAL
9.14690648673105,5.94287299914182,1.55646673192154,5.23261601736615,0.236560918794718,2.33491160317575,0,1,SISTEM_SUDAH_IDEAL
49.3928955700666,7.51694532878356,3.72624721185135,6.15765803401938,0.0777921202602757,0.294108424558951,2.17159623616681e-13,1,SISTEM_SUDAH_IDEAL
24.0659712181653,9.1325424459195,7.11425628855118,1.01960441992375,0.0853450580467677,0.348633453845643,2.22044604925031e-16,1,SISTEM_SUDAH_IDEAL
23.6438712093077,18.801057669308,2.0827921303715,8.58251268150367,0.115449158750065,0.795095897112843,1.11022302462516e-16,1,SISTEM_SUDAH_IDEAL
19.6804146051587,5.13220364325208,5.8053351335252,0.873809653353042,0.0875377665083801,0.42792299640124,2.22044604925031e-16,1,SISTEM_SUDAH_IDEAL
13.9382096555455,2.76133376719556,2.60636248760882,1.01541547437594,0.168048108316603,0.353518828933278,2.22044604925031e-16,1,SISTEM_SUDAH_IDEAL
41.9599298080798,22.5888263396236,3.64528169138687,6.48369198344703,0.0800360208145216,0.376901213068345,0,1,SISTEM_SUDAH_IDEAL
30.0821800706242,10.2819747462204,4.36479759540816,1.08388035688847,0.0848345921280167,0.157847950572792,0,1,SISTEM_SUDAH_IDEAL
13.0110374648289,12.9621963166592,0.355839768723308,28.5943794900915,0.169911867854625,1.4266395647296,2.22044604925031e-16,1,TURUNKAN_KP_ATAU_NAIKKAN_KD
4.0364260415786,10.1836924929013,2.08438543917472,15.6745953204025,0.391063600659304,3.84857646141491,2.22044604925031e-16,1,SISTEM_SUDAH_IDEAL
37.2603003046343,14.946406760663,0.685137794645813,34.1686148148173,0.0936109943337614,0.740872016352301,1.11022302462516e-16,1,TURUNKAN_KP_ATAU_NAIKKAN_KD
19.6079565032764,7.76520712675061,7.55175246633567,1.20006865391462,0.0861984532129694,0.479287135888372,3.33066907387547e-16,1,SISTEM_SUDAH_IDEAL
44.0514380242251,26.0628635316518,2.12493946106521,16.0853772759671,0.0791237037795107,0.345825639578111,3.33066907387547e-16,1,SISTEM_SUDAH_IDEAL
22.3738378579583,0.672435903604168,7.76549896072094,0,0.0855846986492924,0.525173630378203,4.13101851903797e-06,1,SISTEM_SUDAH_IDEAL
20.1356683781689,18.6998737447866,9.7355239159582,2.03211112357222,0.0851016534657532,1.65411084074553,1.11022302462516e-16,1,SISTEM_SUDAH_IDEAL
19.0510590306643,20.9052655225384,4.52309238928843,3.36828745814237,0.094707760935419,1.49532650482732,3.33066907387547e-16,1,SISTEM_SUDAH_IDEAL
22.274235327787,7.31275406131387,1.67734734002757,8.85424548030127,0.128312430756233,0.499354565481119,1.11022302462516e-16,1,SISTEM_SUDAH_IDEAL
32.3209224009665,0.38025545143502,0.108671481485529,40.6699870605694,0.112687042311721,0.984490870245856,0.000148858517283634,1,TURUNKAN_KP_ATAU_NAIKKAN_KD
20.7759101761081,9.70416397808765,3.44614971441844,1.76091932067062,0.11214681735784,0.196418284869914,2.22044604925031e-16,1,SISTEM_SUDAH_IDEAL
12.3089192509418,12.295604242263,0.481016991996002,24.4606954825051,0.175206611809705,1.48473696350795,1.11022302462516e-16,1,TURUNKAN_KP_ATAU_NAIKKAN_KD
47.5096957208655,1.1125730766064,5.3397978281547,1.99321735960534,0.0797422780515381,0.0976842906131341,9.88445609406696e-06,1,SISTEM_SUDAH_IDEAL
26.2862295999875,2.60013604721609,2.31740055767812,5.48686837079253,0.106458565461277,0.397492342601476,7.50870032817375e-10,1,SISTEM_SUDAH_IDEAL
19.2743163317415,12.7415809571644,7.73617662441931,1.80707419531512,0.0861061343970054,0.437614625416509,0,1,SISTEM_SUDAH_IDEAL
42.7483512738783,28.3724192104004,1.18233156697587,27.981077418242,0.0816541444626635,0.658859421645555,3.33066907387547e-16,1,TURUNKAN_KP_ATAU_NAIKKAN_KD
9.48595719824699,3.27368470715436,4.54469065214817,2.02527981458249,0.215495075956488,2.57693391432762,2.22044604925031e-16,1,SISTEM_SUDAH_IDEAL
10.2086651290459,8.4996094587717,3.40157958868141,4.27215254717805,0.195163489131769,2.45905195534703,0,1,SISTEM_SUDAH_IDEAL
30.6187825311126,19.7001496600717,9.79674668777016,1.22146009131106,0.0836122064753033,0.2739678089692,2.22044604925031e-16,1,SISTEM_SUDAH_IDEAL
21.2854624924102,25.060891489268,1.89470124377699,10.9785180188359,0.124177366755335,0.97592369343813,0,1,SISTEM_SUDAH_IDEAL
19.6616805789616,16.8632143716449,9.56839341833693,1.96784626634421,0.0852446654388458,0.447375302469872,0,1,SISTEM_SUDAH_IDEAL
2.31090989283181,1.9360185054022,9.08335733334861,4.89314274734256,0.0990201540037716,14.3425205599044,2.43103903674324e-09,1,SISTEM_SUDAH_IDEAL
34.7984053076523,25.6286984744804,7.72367569701856,1.38625367674132,0.0828780589066645,0.167657708080706,0,1,SISTEM_SUDAH_IDEAL
48.0024457187228,11.4795372502468,4.21071321246505,4.80112853366781,0.0785584120682753,0.295420933261063,2.22044604925031e-16,1,SISTEM_SUDAH_IDEAL
13.1403269998685,14.9246065969682,0.0957196260427462,39.9430091472293,0.166133066221925,1.37191308473022,2.22044604925031e-16,1,TURUNKAN_KP_ATAU_NAIKKAN_KD
44.0384347554821,9.8972776912084,1.94010035906808,16.346461899144,0.0798071295389921,0.322719269812402,0,1,SISTEM_SUDAH_IDEAL
14.2047871513112,28.5021563043167,6.41386515339504,4.73076728889639,0.0882392411604272,1.79534635420167,2.22044604925031e-16,1,SISTEM_SUDAH_IDEAL
14.0546145448694,9.2168855337722,4.4283550066354,2.67918381617602,0.142305776229965,2.05645648909969,3.33066907387547e-16,1,SISTEM_SUDAH_IDEAL
44.6801076974842,9.7601133557809,3.74541699286361,5.7352425653,0.0793533568645233,0.313943250194916,1.11022302462516e-16,1,SISTEM_SUDAH_IDEAL
38.8740249855774,19.7228585639585,0.0601067147854828,52.8290639885189,0.0978718465907944,1.12532617388761,1.11022302462516e-16,1,TURUNKAN_KP_ATAU_NAIKKAN_KD
4.47856784555999,7.49259912350193,2.61613266882231,10.7994266081112,0.423324814361443,4.50094190499663,2.22044604925031e-16,1,SISTEM_SUDAH_IDEAL
5.7230536188578,14.8435119348219,4.71228257009732,8.71566760683571,0.269059670063257,4.17145663532339,0,1,SISTEM_SUDAH_IDEAL
26.9059454755294,28.0275784054003,0.620912040795621,29.0206768780859,0.116509419495765,0.920117464894074,0,1,TURUNKAN_KP_ATAU_NAIKKAN_KD
4.31540561186825,24.0593273653168,5.09326655603538,11.5863527049701,0.249999053841186,6.47542246212503,2.22044604925031e-16,1,SISTEM_SUDAH_IDEAL
19.5896645760711,3.5615246222123,6.55242493445543,0.586862517610731,0.0869184186925081,0.497681349413119,1.77635683940025e-15,1,SISTEM_SUDAH_IDEAL
13.1448110510824,15.6134048139927,0.340567170451632,31.1957435800562,0.167334147836713,1.38872963405791,1.11022302462516e-16,1,TURUNKAN_KP_ATAU_NAIKKAN_KD
48.232803908366,27.9701791606918,5.22753417117441,3.32913707502376,0.0790730718443347,0.311772656953697,2.22044604925031e-16,1,SISTEM_SUDAH_IDEAL
31.4722749652252,25.3674350354449,8.75443656218165,1.49946520039503,0.0834709417107041,0.222523914292199,0,1,SISTEM_SUDAH_IDEAL
2.80859918313994,2.1380839403048,1.95405082653445,9.53962944469446,0.789008118117368,4.92294367501965,0,1,SISTEM_SUDAH_IDEAL
27.1819426216833,16.388794042934,2.61870887856769,6.05305003430177,0.093421851732285,0.568858079910795,1.11022302462516e-16,1,SISTEM_SUDAH_IDEAL
10.5687884121301,22.0860067427323,4.06097261339582,7.09848602248229,0.165715186453036,1.78938908432364,0,1,SISTEM_SUDAH_IDEAL
25.8744918122779,21.3173733973604,9.91470220969572,1.61863789911725,0.0842160127350815,0.330953348016865,0,1,SISTEM_SUDAH_IDEAL
7.89773293313297,14.2316368898029,4.7928086260093,6.54155318788747,0.205935558249361,2.44963605747374,2.22044604925031e-16,1,SISTEM_SUDAH_IDEAL
21.2957252765325,14.6202209222575,9.9427958823245,1.58775898547223,0.0849128575808997,0.445148361445642,2.22044604925031e-16,1,SISTEM_SUDAH_IDEAL
4.16806269340847,0.414213926722867,9.86538656305886,0.834020533723945,0.0878789487535785,3.55216136932451,8.34887714518118e-14,1,SISTEM_SUDAH_IDEAL
47.6090263616861,23.5284461247913,0.742582446482145,35.5965064807803,0.079110271497492,0.657075881841098,0,1,TURUNKAN_KP_ATAU_NAIKKAN_KD
20.9794778593404,10.7771104476902,9.86697366794699,1.2977366577525,0.0850167633135709,0.485478508075645,0,1,SISTEM_SUDAH_IDEAL
47.0522599166788,0.463057738848301,4.73261365346132,2.98343642968089,0.0794162703562074,0.252018323698565,0.000146206426238193,1,SISTEM_SUDAH_IDEAL
45.0080750509637,4.30995551169668,2.45725267931863,11.7130431452245,0.0790909460312021,0.311844327250968,7.05927760691338e-10,1,SISTEM_SUDAH_IDEAL
6.6732897256809,21.0923967018296,3.30046965707428,11.5647183326458,0.235297760304203,3.04460002371052,2.22044604925031e-16,1,SISTEM_SUDAH_IDEAL
5.27380312543061,6.6394990533978,8.50168158335992,4.58681529781093,0.0887928686187904,4.58669148018859,0,1,SISTEM_SUDAH_IDEAL
39.5058416235176,5.57012690122918,3.9484496875254,3.96259702952606,0.0813890468341649,0.29578337696678,1.2747580768746e-12,1,SISTEM_SUDAH_IDEAL
13.0815452627486,17.9630419451296,6.67819427294918,3.83905653982508,0.0884850632116192,2.21776236655983,2.22044604925031e-16,1,SISTEM_SUDAH_IDEAL
3.92200160070362,11.7804546911078,2.31562057548408,16.132573194513,0.380652740388496,5.1147101875604,2.22044604925031e-16,1,SISTEM_SUDAH_IDEAL
47.4084942391918,10.7824769281625,2.90725231659212,9.66112638092502,0.0778692184395434,0.310993229036856,1.11022302462516e-16,1,SISTEM_SUDAH_IDEAL
4.89722019370701,19.3482868191691,4.96117878536822,10.2979902604247,0.261387119854725,5.4009030791447,2.22044604925031e-16,1,SISTEM_SUDAH_IDEAL
13.4219239628242,21.9860776162063,9.49299486142785,3.44255227854473,0.08624097254943,2.3398503784279,2.22044604925031e-16,1,SISTEM_SUDAH_IDEAL
48.3859312030217,24.8536117092743,1.8988065536998,18.1955492818294,0.0768235272523598,0.299775579424159,2.22044604925031e-16,1,SISTEM_SUDAH_IDEAL
39.3236089471387,13.7917358695365,1.25370926088135,24.3809080901372,0.0850737121395136,0.485704410956223,1.11022302462516e-16,1,TURUNKAN_KP_ATAU_NAIKKAN_KD
19.2557611453938,2.02275094251062,9.10505674005844,0.285742463371785,0.0856342375175471,0.665621824357825,2.45265363574276e-10,1,SISTEM_SUDAH_IDEAL
48.870349829003,20.9423240110877,2.45960592683963,13.1526728319365,0.0767728391480048,0.309864988941454,1.11022302462516e-16,1,SISTEM_SUDAH_IDEAL
33.8718949940959,2.6971892434169,9.68358853481333,0.111477645895053,0.0833497933915727,0.294172490292529,6.64662991312071e-09,1,SISTEM_SUDAH_IDEAL
33.3389833944179,3.39563019322428,0.827661707629707,26.7923602302771,0.103465200043699,0.559680342594041,4.30322000255501e-10,1,TURUNKAN_KP_ATAU_NAIKKAN_KD
1.892781845932,17.1592017474629,8.39618590956441,9.30916700677602,0.161596212837713,18.8052925136367,9.42321306540705e-08,1,SISTEM_SUDAH_IDEAL
38.5173735975317,29.9885886145215,6.05106057737362,1.62138616262029,0.0817318276975129,0.103931595013454,1.11022302462516e-16,1,SISTEM_SUDAH_IDEAL
18.46185246804,0.507304784200548,2.35445411876548,1.1223629361121,0.143254618872326,0.199333831061235,1.00783026797391e-05,1,SISTEM_SUDAH_IDEAL
34.063570086767,12.8702592238265,1.6628181183108,16.9064955754788,0.0881093826943345,0.379462114077588,3.33066907387547e-16,1,SISTEM_SUDAH_IDEAL
27.2371373742267,17.6583440815778,8.11606658953466,1.41870540234335,0.0843149437436109,0.282253189328556,2.22044604925031e-16,1,SISTEM_SUDAH_IDEAL
23.7105033600854,27.5540965027759,8.63485977952001,2.29434993385829,0.0847240645977156,1.46308243026147,1.11022302462516e-16,1,SISTEM_SUDAH_IDEAL
26.1918534183168,15.868122097306,6.79585182614347,1.46872208889588,0.0848468732145914,0.260374239274151,0,1,SISTEM_SUDAH_IDEAL
34.1842231309475,5.67185180314158,4.72252411815585,0.883578473542368,0.0832317303289841,0.139501821706179,3.17523785042795e-14,1,SISTEM_SUDAH_IDEAL
30.9477811554674,27.7777875924001,1.66149183322044,17.3264535818833,0.0941471103782705,0.445509890829187,2.22044604925031e-16,1,SISTEM_SUDAH_IDEAL
43.3057801647076,8.22787668425994,5.73972928152502,1.15738858867216,0.0808418433472466,0.0990312581003771,6.66133814775094e-16,1,SISTEM_SUDAH_IDEAL
6.34021728205426,15.5291833680242,0.808431917613837,25.1024546071551,0.252277074426976,2.10851044381746,1.11022302462516e-16,1,TURUNKAN_KP_ATAU_NAIKKAN_KD
18.6134651930369,20.2228380591801,0.26344232559121,38.8331695233787,0.141264245445316,1.13120970739744,1.11022302462516e-16,1,TURUNKAN_KP_ATAU_NAIKKAN_KD
32.6894571902512,26.780173837512,4.50218976038217,2.52758827722532,0.0833777192156186,0.624503955836889,2.22044604925031e-16,1,SISTEM_SUDAH_IDEAL
43.4468260365996,22.5145905797591,4.48162563639456,4.12073903583765,0.0798881532326203,0.347980889420297,0,1,SISTEM_SUDAH_IDEAL
30.4325697434809,21.0072769790606,2.334705223098,10.1003746897245,0.0880183062756061,0.487862356715366,2.22044604925031e-16,1,SISTEM_SUDAH_IDEAL
22.8041256927066,1.4317527784166,6.11331140451713,0.100395208369508,0.0863330512340676,0.40652909521827,8.17423224663827e-08,1,SISTEM_SUDAH_IDEAL
0.954497372151303,18.7295925394163,1.94363589281668,999,999,999,1,0,TURUNKAN_KP_DAN_KI
25.3911542429774,14.3939626679741,7.10547126264381,1.39403298578662,0.0849629718595168,0.2897834419527,0,1,SISTEM_SUDAH_IDEAL
34.6165260218277,21.781499285492,4.4103559991004,2.60948566617718,0.0828046050602995,0.400864643772323,0,1,SISTEM_SUDAH_IDEAL
16.5316514195389,16.4131090229398,8.58383080976713,2.4881965347535,0.0861952589402383,2.13664987198893,1.11022302462516e-16,1,SISTEM_SUDAH_IDEAL
45.8188393103048,18.7799868905825,5.17211070038068,2.79599596414801,0.079747664232221,0.273858147168142,2.22044604925031e-16,1,SISTEM_SUDAH_IDEAL
26.9740582955916,4.83009202635265,1.38231609888569,13.7101557797095,0.115371720766655,0.417721331663698,7.7715611723761e-15,1,SISTEM_SUDAH_IDEAL
29.8727883914851,18.2087979543244,6.44308640205724,1.39154083842286,0.0839927648810534,0.188708032286488,2.22044604925031e-16,1,SISTEM_SUDAH_IDEAL
3.28027491609694,1.90354445865431,6.03855035377869,4.62276749809705,0.604009120156187,7.41366558809036,2.22044604925031e-16,1,SISTEM_SUDAH_IDEAL
20.5127434498394,13.1641521202685,0.794132102130575,21.9534165077882,0.137077614417652,1.03031314191403,3.33066907387547e-16,1,TURUNKAN_KP_ATAU_NAIKKAN_KD
20.4831774851407,3.38702252969043,9.97108323343235,0.469872747964994,0.085130848530569,0.614201285577401,1.08801856413265e-14,1,SISTEM_SUDAH_IDEAL
35.3945568083863,13.9633289521837,1.2049168886174,23.6575354271548,0.0902401309435134,0.511351200101446,1.11022302462516e-16,1,TURUNKAN_KP_ATAU_NAIKKAN_KD
37.6383904192595,28.9575718089952,8.66735524891366,1.31016930410941,0.0825203247796014,0.159086072854906,0,1,SISTEM_SUDAH_IDEAL
44.0881927453248,5.20980207271896,2.87731413938738,9.09929875535462,0.0794608048960623,0.319435281895801,3.2393421278698e-11,1,SISTEM_SUDAH_IDEAL
42.6651567147762,13.8768045693282,9.97156944139304,0.533537138821716,0.0822340584744196,0.160032135612248,0,1,SISTEM_SUDAH_IDEAL
14.154650675076,10.7453585628445,7.40006969268818,2.42171229679904,0.0875893689654136,2.40104998712208,3.33066907387547e-16,1,SISTEM_SUDAH_IDEAL
27.4309878815501,17.1434239689962,0.738525923418267,25.1743082613647,0.116670957194631,0.87674865874261,0,1,TURUNKAN_KP_ATAU_NAIKKAN_KD
4.26196610844929,5.92547025131029,8.96807660455755,4.94065718829195,0.088568510244305,7.82208411971514,4.44089209850063e-16,1,SISTEM_SUDAH_IDEAL
33.7755451583209,18.2202365595132,0.516509137300381,36.341737145455,0.103599153193497,0.788662371790811,2.22044604925031e-16,1,TURUNKAN_KP_ATAU_NAIKKAN_KD
25.4922786163256,9.02869858075653,2.4054219506153,5.27038136545452,0.106539305318919,0.47724464301784,3.33066907387547e-16,1,SISTEM_SUDAH_IDEAL
38.8997651358429,26.7754088871041,0.530695877307744,40.5333402359305,0.0905348479781316,0.744201412884326,2.22044604925031e-16,1,TURUNKAN_KP_ATAU_NAIKKAN_KD
27.931685853206,4.54045279106001,9.89336975617186,0.360537092044289,0.0840975103068273,0.398106183778691,2.59792187762287e-14,1,SISTEM_SUDAH_IDEAL
26.4105363886117,16.0951474225406,7.12475427552733,1.44147764167954,0.084701182263384,0.268528777816976,1.11022302462516e-16,1,SISTEM_SUDAH_IDEAL
41.0366708594223,26.2230431919042,6.21711511270623,1.30797864817214,0.081292712244596,0.0995835724996301,0,1,SISTEM_SUDAH_IDEAL
0.63033003323249,6.66814556268231,0.526161723929673,999,999,999,1,0,TURUNKAN_KP_DAN_KI
25.8227800389486,26.7850762522779,5.79624519864938,2.46526850581672,0.0851456694628707,1.16283531680303,1.11022302462516e-16,1,SISTEM_SUDAH_IDEAL
31.5023870170872,4.32878894262716,7.48615574530254,0.278539808737288,0.0837424187783439,0.252135138625381,1.84274817627283e-12,1,SISTEM_SUDAH_IDEAL
14.1330526675736,26.0634065805763,8.02124437379511,3.96273506991904,0.0868993738465967,2.03066072019954,1.11022302462516e-16,1,SISTEM_SUDAH_IDEAL
24.5188647607525,29.2071126029098,5.27161593475838,2.97064012241075,0.0858478766468925,1.21784338596829,1.11022302462516e-16,1,SISTEM_SUDAH_IDEAL
10.9779107796802,5.89753683954327,0.176922272911859,26.5448557406545,0.197831408623776,1.60287233554663,2.22044604925031e-16,1,TURUNKAN_KP_ATAU_NAIKKAN_KD
17.3163938903969,25.0590327219682,2.74665131308236,6.20177426779644,0.133033643483779,1.27013339799374,2.22044604925031e-16,1,SISTEM_SUDAH_IDEAL
32.9782098558809,5.0930989162521,2.94629732086559,5.93610039054309,0.0852251524768898,0.364526099021676,2.18713935851156e-13,1,SISTEM_SUDAH_IDEAL
18.6305005737227,19.4678727407792,5.67779430351716,2.93080760934703,0.0877561014423231,1.66262131168393,2.22044604925031e-16,1,SISTEM_SUDAH_IDEAL
25.7118534622797,1.81255948724084,7.77825347657081,0.11483176424254,0.084876017618945,0.406315758160266,2.82460368428161e-08,1,SISTEM_SUDAH_IDEAL
1.60042864515612,20.4112884315367,8.92743310813458,9.33448364187683,0.102090624194228,24.2819742276665,2.52194172967179e-06,1,SISTEM_SUDAH_IDEAL
18.6512315463846,18.7087438125451,6.92674814602502,2.59857143098046,0.0866506799815405,1.77592518700396,3.33066907387547e-16,1,SISTEM_SUDAH_IDEAL
39.3489301712419,18.9723765485243,6.90286307416231,0.930397223780433,0.0819697534116746,0.118729692289282,1.11022302462516e-16,1,SISTEM_SUDAH_IDEAL
40.2311553362185,11.2735961204929,0.47873800720334,39.5587312531698,0.0898816070313614,0.715535213823746,2.22044604925031e-16,1,TURUNKAN_KP_ATAU_NAIKKAN_KD
5.24999742105766,16.2148695118681,8.49334908528826,6.34628113979967,0.0886727487355771,5.21999732401371,2.22044604925031e-16,1,SISTEM_SUDAH_IDEAL
26.7234679346013,27.2582823429433,0.896554492404187,23.9796091084685,0.115227835339418,0.911419511512909,1.11022302462516e-16,1,TURUNKAN_KP_ATAU_NAIKKAN_KD
43.2972817018876,25.7235473183734,8.82895685077355,0.959970847439617,0.0818224677045898,0.115525497238061,3.33066907387547e-16,1,SISTEM_SUDAH_IDEAL
3.81802398158065,10.2647666798587,2.28213248485717,15.5297016388622,0.405884806561414,5.31664813998025,1.11022302462516e-16,1,SISTEM_SUDAH_IDEAL
42.320491465633,4.02285086350457,8.81298225867115,0.125163202351519,0.0821521261914496,0.150926374828187,6.99410085402974e-10,1,SISTEM_SUDAH_IDEAL
9.78365621439797,25.3987033156391,2.07980966035493,13.0497078155206,0.180377407245963,1.91933867517847,0,1,SISTEM_SUDAH_IDEAL
33.6269757524974,6.49337751591888,0.64747280541812,31.0246280708208,0.104325361302963,0.749812471385362,6.66133814775094e-16,1,TURUNKAN_KP_ATAU_NAIKKAN_KD
21.5562585069414,9.09236571637513,5.85564309530357,1.28169445825679,0.0867824801872562,0.341186952754645,0,1,SISTEM_SUDAH_IDEAL
12.3892783853392,22.2015823848865,2.23020599723286,9.07554315748251,0.164859151352059,1.37762265420678,1.11022302462516e-16,1,SISTEM_SUDAH_IDEAL
0.120927720930974,0.0878272510796252,9.25698515312847,10.2629259848179,0.087439098111016,123.100404517215,0.0202609777992321,1,SISTEM_SUDAH_IDEAL
2.08462046091638,16.1122419680156,1.91614560559284,29.040720686919,0.398825457557588,13.4217296214889,4.77395900588817e-15,1,TURUNKAN_KP_ATAU_NAIKKAN_KD
8.2825320939789,20.9173452209945,6.68721954135551,6.1662808463065,0.129089270404062,3.7152607733346,0,1,SISTEM_SUDAH_IDEAL
39.3197098902715,15.6616268845691,7.95818730610508,0.732857231769768,0.0822804019068152,0.145437345353871,1.11022302462516e-16,1,SISTEM_SUDAH_IDEAL
29.0037152067178,15.4594800896393,3.88879338489,2.21306200421361,0.0856494711106307,0.391050018666909,2.22044604925031e-16,1,SISTEM_SUDAH_IDEAL
29.1091157456856,14.7878879817198,5.58930659818909,1.26680779460924,0.084454640004456,0.18057025496304,0,1,SISTEM_SUDAH_IDEAL
42.830720233561,20.7437985703393,0.453291833386501,42.3930226578437,0.0857276073745799,0.805446090502944,2.22044604925031e-16,1,TURUNKAN_KP_ATAU_NAIKKAN_KD
45.1529739350889,7.62764295500245,5.55695682194926,1.63814726876599,0.0803282722287542,0.0984021334802239,1.66533453693773e-14,1,SISTEM_SUDAH_IDEAL
30.7620045405239,24.605120908199,5.48520315817017,1.88013191086671,0.083805921731439,0.157880745768968,0,1,SISTEM_SUDAH_IDEAL
1.41353823573188,25.1256613775796,9.60754925582593,9.1188180253172,0.0883291105315967,30.7649345477716,1.82925678164914e-05,1,SISTEM_SUDAH_IDEAL
41.6578967888078,12.0673174081412,5.03188734265541,2.17193617601492,0.0808584405599208,0.222359749575312,1.11022302462516e-16,1,SISTEM_SUDAH_IDEAL
32.7323629948808,20.8827911044248,7.79723567517057,1.26951022949611,0.0833048136833528,0.191812499457142,1.11022302462516e-16,1,SISTEM_SUDAH_IDEAL
44.0217915931121,6.90034787974207,8.00361004453839,0.246581872655516,0.0816720901664346,0.103650177970304,8.57092175010621e-14,1,SISTEM_SUDAH_IDEAL
37.7610156419981,29.4700784389475,1.11092731213326,28.4159656751964,0.0866300681996038,0.72978100058273,1.11022302462516e-16,1,TURUNKAN_KP_ATAU_NAIKKAN_KD
35.943195156466,20.0006052322023,1.77979670541511,17.30192240441,0.0856378389249292,0.378842896213493,3.33066907387547e-16,1,SISTEM_SUDAH_IDEAL
17.8341321949765,11.6942176412583,5.85080971135393,2.09158956886557,0.0879965849857247,1.58271676683415,1.11022302462516e-16,1,SISTEM_SUDAH_IDEAL
9.83042600790352,5.19381875301414,9.17873662349211,2.12261462576564,0.087270770669187,3.57597114605457,0,1,SISTEM_SUDAH_IDEAL
17.8272572831538,2.04378987146841,1.96416882544552,3.09432094893871,0.14815963573735,0.453060117533541,1.17378329278495e-10,1,SISTEM_SUDAH_IDEAL
25.2772139988354,11.7828392261665,9.05307096995696,1.09558606518012,0.0845481188483214,0.372041806207825,2.22044604925031e-16,1,SISTEM_SUDAH_IDEAL
12.2693216681956,6.98657298255024,0.160654240742609,29.5896623291215,0.181444799826124,1.46557651034662,0,1,TURUNKAN_KP_ATAU_NAIKKAN_KD
22.6010903326851,20.8658761300681,7.05947164691912,2.1963014996867,0.0855418900145162,1.3971636296337,2.22044604925031e-16,1,SISTEM_SUDAH_IDEAL
23.099493474208,2.93228500384539,6.49257012904759,0.333690650565743,0.0859819727336902,0.398878421157076,1.07549524841488e-11,1,SISTEM_SUDAH_IDEAL
31.4723695255152,4.46879343328983,2.02069574686513,11.0560785786601,0.0899760094117099,0.383527156928056,1.50546242139171e-12,1,SISTEM_SUDAH_IDEAL
33.2357114750403,9.88338001092549,2.80447871880353,7.20639455014691,0.0851817530696802,0.387677557924779,2.22044604925031e-16,1,SISTEM_SUDAH_IDEAL
20.6753265484639,25.6068576876438,3.04529965147687,4.92253305605339,0.112896739300341,1.17786762768942,1.11022302462516e-16,1,SISTEM_SUDAH_IDEAL
38.0842613703525,16.415858709071,7.77820199075778,0.812020020799187,0.0824349295307149,0.152120615278944,0,1,SISTEM_SUDAH_IDEAL
39.4530546573792,28.3144731570596,1.12632953431477,28.4419615596974,0.0848929255678454,0.710051848004354,1.11022302462516e-16,1,TURUNKAN_KP_ATAU_NAIKKAN_KD
43.4295908543898,25.490882911682,2.95131928398125,10.073130795801,0.0792408067612199,0.368720040836424,1.11022302462516e-16,1,SISTEM_SUDAH_IDEAL
11.7680102855317,14.3162705212308,1.91058529572233,7.445103994694,0.175833969186309,1.62320825012942,1.11022302462516e-16,1,SISTEM_SUDAH_IDEAL
45.7993286516022,9.47579533123553,1.08735567393551,27.4017125306086,0.0801664582703025,0.615888846021833,2.22044604925031e-16,1,TURUNKAN_KP_ATAU_NAIKKAN_KD
22.0640418520339,16.1362883706923,0.491762289112416,30.1622995342075,0.132060597457119,1.02171642146476,1.11022302462516e-16,1,TURUNKAN_KP_ATAU_NAIKKAN_KD
27.6717274516411,17.7428660124438,2.75242916428659,5.76810803858745,0.0887675636031262,0.585897984597599,0,1,SISTEM_SUDAH_IDEAL
21.0212642505189,14.9740437740985,6.13151009155306,1.98752813308125,0.0866171237374331,0.322032220334023,2.22044604925031e-16,1,SISTEM_SUDAH_IDEAL
42.0139395961738,26.8918837171343,4.86693753521325,3.25095560450563,0.0804231627901264,0.360645212649664,0,1,SISTEM_SUDAH_IDEAL
12.6366761553696,4.5622040001227,6.22451733967171,1.58253449136732,0.109527647507053,0.723084688272859,2.22044604925031e-16,1,SISTEM_SUDAH_IDEAL
43.0335591141515,26.7223786992311,1.57081529826954,22.094939821617,0.0804713834943342,0.428441480684824,1.11022302462516e-16,1,TURUNKAN_KP_ATAU_NAIKKAN_KD
29.9365567576379,25.0435310818528,8.10071740991461,1.64337587228678,0.0837457829883382,0.22328028328754,0,1,SISTEM_SUDAH_IDEAL
39.9813114963238,26.3521520163353,4.0143617547274,5.11114698213344,0.080767371104638,0.409517553677228,0,1,SISTEM_SUDAH_IDEAL
41.9941479910325,18.7813796533969,2.06990870796284,15.7064918977937,0.0806363262259812,0.349718945181236,0,1,SISTEM_SUDAH_IDEAL
18.9209247896407,21.2628491619894,0.287566599503597,38.6519445517576,0.139961050664093,1.12030500677026,0,1,TURUNKAN_KP_ATAU_NAIKKAN_KD
14.2557385331983,18.669965357456,1.03281768246529,16.9684275420981,0.159860968505929,1.17153157658042,2.22044604925031e-16,1,SISTEM_SUDAH_IDEAL
18.593372362984,15.0343083303027,3.236481606143,3.19528597778256,0.125402388684823,1.3776868377343,0,1,SISTEM_SUDAH_IDEAL
44.8744217548839,21.0597217384828,1.20552031929737,26.8148504954954,0.0801318689225336,0.628204698828919,0,1,TURUNKAN_KP_ATAU_NAIKKAN_KD
49.8524515972061,28.3176249928795,7.87382443565062,0.919445682155384,0.0805714042845427,0.0986999702485648,2.22044604925031e-16,1,SISTEM_SUDAH_IDEAL
31.188739390022,28.521331249221,1.11088574424958,24.9566134753785,0.101391222076674,0.810185237519621,0,1,TURUNKAN_KP_ATAU_NAIKKAN_KD
43.9458137690681,23.0419434984958,6.85074217019301,0.977213111221942,0.081048102962455,0.0992839261290073,1.11022302462516e-16,1,SISTEM_SUDAH_IDEAL
36.0624973221454,18.1870485697479,1.35525958218163,22.374740756372,0.0875313810484938,0.3669173704809,0,1,TURUNKAN_KP_ATAU_NAIKKAN_KD
28.4883187248299,10.3898423284425,6.78266234204053,0.885130291988689,0.0843853675488627,0.245520517491474,3.33066907387547e-16,1,SISTEM_SUDAH_IDEAL
17.0559001910404,9.84980159778724,2.14481460228884,4.1262773984498,0.146838231340675,1.21399536715204,0,1,SISTEM_SUDAH_IDEAL
18.689180898246,13.2323363607021,4.6702573219264,2.36166284339865,0.0968349337720109,1.48633160866595,1.11022302462516e-16,1,SISTEM_SUDAH_IDEAL
13.3346123510974,26.704708121576,0.504062548568576,33.8288864383544,0.16025673522108,0.940205642057929,1.11022302462516e-16,1,TURUNKAN_KP_ATAU_NAIKKAN_KD
22.5571156966993,26.8638555016184,9.11232191774474,2.32971870591574,0.0848096985908101,1.57341026393782,0,1,SISTEM_SUDAH_IDEAL
8.0899523782707,17.5305404929675,4.46912306840232,7.45383184151196,0.197647233915892,2.1603340849418,1.11022302462516e-16,1,SISTEM_SUDAH_IDEAL
48.7708816812738,23.3133598519953,9.55967493929846,0.709462047783038,0.081406919837017,0.0997234768003459,1.11022302462516e-16,1,SISTEM_SUDAH_IDEAL
11.9493059002031,1.91132398082257,2.29226718251694,0.912741037749609,0.184952691752353,0.4187611901137,1.55875312657372e-13,1,SISTEM_SUDAH_IDEAL
39.17106206309,28.9449617555688,2.24704523777626,14.611889399572,0.0818254047893303,0.381771759260118,4.44089209850063e-16,1,SISTEM_SUDAH_IDEAL
44.3407556401842,28.4050102877382,1.87165111266348,18.806323369138,0.0790916269834219,0.33843750735175,1.11022302462516e-16,1,SISTEM_SUDAH_IDEAL
31.1450488969358,25.8771432197526,3.08814143418401,6.45063655651796,0.0854025774196283,0.615329704520892,1.11022302462516e-16,1,SISTEM_SUDAH_IDEAL
8.69924734631053,21.7242163301233,5.86113451226687,6.59895159074642,0.151635037178941,3.3660138254607,2.22044604925031e-16,1,SISTEM_SUDAH_IDEAL
22.9134157915246,13.614733585264,1.18311690196181,15.9192700516036,0.127453307619764,0.494141791932533,2.22044604925031e-16,1,SISTEM_SUDAH_IDEAL
0.127872379367949,27.126813319386,1.58816263945149,999,999,999,1,0,TURUNKAN_KP_DAN_KI
42.4038141352448,14.3006430706581,3.1605684852478,8.06611646368489,0.0799848017871628,0.35130754470699,0,1,SISTEM_SUDAH_IDEAL
6.43364251646491,20.1727500758832,9.15106890019374,5.76603994937013,0.0877759421966672,4.72281169238139,0,1,SISTEM_SUDAH_IDEAL
17.2220572935563,6.12304590181072,5.74631791881211,1.29301973531668,0.0884590380306479,0.480853368264492,1.11022302462516e-16,1,SISTEM_SUDAH_IDEAL
27.2135994007903,11.3211337011087,0.861802901192414,21.7133472463164,0.117617114297931,0.805452985748282,0,1,TURUNKAN_KP_ATAU_NAIKKAN_KD
21.0647120410821,19.2385782589353,1.25991558073706,16.3389538594499,0.131347038686635,0.935581345521594,2.22044604925031e-16,1,SISTEM_SUDAH_IDEAL
34.2765757663105,24.9419336557902,8.5501226543273,1.32746432615598,0.0830427919493823,0.188796447822049,2.22044604925031e-16,1,SISTEM_SUDAH_IDEAL
30.1523708963059,24.0950040492244,7.25131823222728,1.65564067546817,0.083765314026087,0.195819639238228,2.22044604925031e-16,1,SISTEM_SUDAH_IDEAL
35.1590816978757,28.1504090630133,1.88864743133799,16.8378367033314,0.0855624775158452,0.393904839534282,2.22044604925031e-16,1,SISTEM_SUDAH_IDEAL
45.3073511497338,27.7035625756017,7.24750748597669,1.07321058461525,0.0809451296147845,0.099157783778111,2.22044604925031e-16,1,SISTEM_SUDAH_IDEAL
18.8046087475971,21.0653797937978,1.83339606850039,9.81085650165263,0.135626150090813,1.11569290883772,0,1,SISTEM_SUDAH_IDEAL
47.1034024300956,6.82872377132672,6.01430933902555,1.25456698432076,0.080204121395262,0.098250048709196,5.57331958361829e-13,1,SISTEM_SUDAH_IDEAL
1.43142403157225,23.423913533548,2.9902771875332,25.3410136600847,0.364442712802243,39.026311942739,8.47145966553775e-06,1,TURUNKAN_KP_ATAU_NAIKKAN_KD
17.8164875733776,4.52579068442052,4.46487612037515,0.974767908708696,0.113681126738277,0.393847858406354,2.22044604925031e-16,1,SISTEM_SUDAH_IDEAL
42.5441883919948,27.0643296473044,4.23712742220997,4.8823738230372,0.0799551932683911,0.385154868335111,3.33066907387547e-16,1,SISTEM_SUDAH_IDEAL
13.6913416850457,21.1519035305406,6.7863203474193,3.99920850375515,0.0881251099328899,2.07467360988788,1.11022302462516e-16,1,SISTEM_SUDAH_IDEAL
38.9835882983229,11.8669164552804,0.25114466870756,45.3022180710468,0.0961793942830812,0.868337869775262,4.44089209850063e-16,1,TURUNKAN_KP_ATAU_NAIKKAN_KD
48.0762861233512,14.1865794832584,8.84795645988145,0.45883912929281,0.0813417639949992,0.099643660893874,2.22044604925031e-16,1,SISTEM_SUDAH_IDEAL
43.4754263661138,25.8421064509397,3.78916151368301,6.36325269594793,0.0794575593865631,0.377533661432118,1.11022302462516e-16,1,SISTEM_SUDAH_IDEAL
18.895141925944,18.4664983196819,6.63265009303507,2.58905194171608,0.0867999114450612,1.72876064462565,0,1,SISTEM_SUDAH_IDEAL
14.8114418098935,3.10400771891351,0.210701112474345,24.3075107886746,0.165038480116214,1.16570707316962,2.22044604925031e-16,1,TURUNKAN_KP_ATAU_NAIKKAN_KD
7.52941908350267,9.98032914871382,0.338049440890983,25.9143407759003,0.238726541664345,1.24262408187381,2.22044604925031e-16,1,TURUNKAN_KP_ATAU_NAIKKAN_KD
36.7364160450983,13.2945701465844,4.04332565558623,3.56024622872271,0.0822664512571506,0.336933708922623,3.33066907387547e-16,1,SISTEM_SUDAH_IDEAL
4.71980244937987,24.8850954819812,9.27161347488925,7.01710005899092,0.087963455841261,6.35721564735742,8.88178419700125e-16,1,SISTEM_SUDAH_IDEAL
41.2375149428567,3.52785708248357,1.70201161891987,17.7442136696256,0.0823508564786335,0.4282315763017,3.01530089785729e-09,1,SISTEM_SUDAH_IDEAL
39.8224144632203,11.3764185952823,8.92380939462925,0.50805393679465,0.0824332369066851,0.168330790450556,1.11022302462516e-16,1,SISTEM_SUDAH_IDEAL
31.5207176989337,7.41670439492414,8.18603206581946,0.508141913014803,0.0836734522535356,0.265239210927611,0,1,SISTEM_SUDAH_IDEAL
27.4767107744506,6.07923731181592,8.64780956399066,0.52433271614627,0.0843245991164156,0.361139840144748,2.22044604925031e-16,1,SISTEM_SUDAH_IDEAL
11.2127271060514,18.0360373326797,2.46423851224971,7.90790227964249,0.175177888853774,1.60667193940662,0,1,SISTEM_SUDAH_IDEAL
45.2510117250785,19.1117833777526,1.44435052739608,23.0684695145852,0.079397803297677,0.451580147258149,2.22044604925031e-16,1,TURUNKAN_KP_ATAU_NAIKKAN_KD
11.7938549374224,23.555859039339,8.70968878229753,4.19276808656095,0.0869741670688753,2.29886230446191,0,1,SISTEM_SUDAH_IDEAL
27.7925774778396,26.9332841054251,9.48331392308573,1.78005925218798,0.0839523251331226,0.276641526415112,3.33066907387547e-16,1,SISTEM_SUDAH_IDEAL
15.0650280403341,14.9848630358655,3.93667810902179,3.75147812297509,0.137718880178514,1.79367286173124,3.33066907387547e-16,1,SISTEM_SUDAH_IDEAL
47.5525813420802,28.1882612081929,7.33540858091536,1.03078882086103,0.0806280839603053,0.0987694028513739,1.11022302462516e-16,1,SISTEM_SUDAH_IDEAL
17.6137190195176,10.1580065735656,7.88953277599342,1.70968110568541,0.0864261010867531,0.509396053704229,0,1,SISTEM_SUDAH_IDEAL
39.8189090110352,10.547887157949,3.34241326850748,6.51896078767957,0.0811944552890585,0.34984760288614,2.22044604925031e-16,1,SISTEM_SUDAH_IDEAL
20.3728945650156,16.7861418620403,7.01443532949193,2.13886307528977,0.0861788051595689,1.52963678326609,1.11022302462516e-16,1,SISTEM_SUDAH_IDEAL
41.4437258080587,14.0151920582912,1.81003853720168,17.7329896945357,0.0815804345871175,0.342676957340996,2.22044604925031e-16,1,SISTEM_SUDAH_IDEAL
48.7837624409269,7.58098324422301,4.66057595115694,3.62937676234412,0.0787907771439767,0.27473185381264,1.29007915461443e-13,1,SISTEM_SUDAH_IDEAL
1.86645722176955,4.00873909741664,0.809180627596251,28.0978982338349,0.64688227925869,6.78683136850861,1.11022302462516e-16,1,TURUNKAN_KP_ATAU_NAIKKAN_KD
39.3408212321978,5.40186297707521,3.25994955188202,6.39827006324429,0.0815654874704234,0.334485176977948,2.28173036020962e-12,1,SISTEM_SUDAH_IDEAL
14.8737297599258,3.09971036467264,9.42280916564783,0.769686374326461,0.0862346421266181,0.842766939194861,2.22044604925031e-16,1,SISTEM_SUDAH_IDEAL
10.4256936253503,12.9345968423127,0.504592287850282,23.3310791726082,0.195924978356523,1.48975609720296,0,1,TURUNKAN_KP_ATAU_NAIKKAN_KD
33.8896270436427,3.31986899393505,4.33987832015943,1.44101197171624,0.0835008748881628,0.138920191843986,6.37703001515888e-10,1,SISTEM_SUDAH_IDEAL
41.8373190972497,2.90338534746778,7.84418557681164,0.0715251418079932,0.0819989259467753,0.131536631700746,2.1072931399857e-08,1,SISTEM_SUDAH_IDEAL
20.211714881435,19.3668377263146,6.10709590640476,2.5547186548829,0.086807037153904,1.56491299272783,2.22044604925031e-16,1,SISTEM_SUDAH_IDEAL
0.823069071748389,17.5609349927134,4.21412738177202,19.4587841227291,0.449094756249561,75.6612057339818,0.00106054124513477,1,SISTEM_SUDAH_IDEAL
1.86705175847636,19.7777829800645,7.78671076090261,10.1848364366843,0.207555322159628,19.070894628465,1.27886683465306e-08,1,SISTEM_SUDAH_IDEAL
8.92484112933367,27.6026188564148,3.26462565051138,10.7523457014462,0.180641690383703,2.50975242797788,1.11022302462516e-16,1,SISTEM_SUDAH_IDEAL
14.2090340752416,21.060756069082,9.38836172696457,3.21403934527604,0.0861674565471519,2.30890397198993,2.22044604925031e-16,1,SISTEM_SUDAH_IDEAL
41.607601558537,13.6501306021357,4.05578543963967,4.51878393091165,0.0804717654863533,0.329032939532394,0,1,SISTEM_SUDAH_IDEAL
49.538018438636,8.36575580821212,2.99947603320199,9.15105714538245,0.077121718999671,0.296716376782141,2.02060590481778e-14,1,SISTEM_SUDAH_IDEAL
21.7935102999835,13.1947077009008,4.79276422741704,1.8730775076935,0.0877806194605748,0.248301517760901,2.22044604925031e-16,1,SISTEM_SUDAH_IDEAL
9.57776536286062,14.9214166369861,8.7722777224911,3.9993555444237,0.0874939385495861,2.91467645071397,2.22044604925031e-16,1,SISTEM_SUDAH_IDEAL
9.56231240598016,0.192842451051491,2.16302940880812,0,0.256795331363899,0.696817033590933,9.76298418606802e-05,1,SISTEM_SUDAH_IDEAL
27.2421093812079,15.8720318646226,7.54022059660092,1.33454158842947,0.0844349814386712,0.271781554626841,3.33066907387547e-16,1,SISTEM_SUDAH_IDEAL
32.3284245038301,20.474409004295,7.11942217093364,1.31873144949048,0.0833711450265307,0.181354922133347,0,1,SISTEM_SUDAH_IDEAL
24.0958018948563,8.51940186924317,1.18207061185309,14.5212967106801,0.125177864017923,0.464717711682853,2.22044604925031e-16,1,SISTEM_SUDAH_IDEAL
26.8831509597527,16.4136638304122,8.22684496657921,1.35342251041084,0.0843760065659995,0.294739068106,2.22044604925031e-16,1,SISTEM_SUDAH_IDEAL
34.6927495146409,21.2426200546119,1.83502936491477,16.3935855006524,0.086425861614886,0.388738964989501,1.11022302462516e-16,1,SISTEM_SUDAH_IDEAL
16.1748835048914,4.8534909917713,7.41872266486902,1.08260678345922,0.087151323142235,0.63410511132461,2.22044604925031e-16,1,SISTEM_SUDAH_IDEAL
28.4358184774274,22.3377354304468,2.87766393088956,5.99857111562909,0.0876879152864331,0.672723006788562,2.22044604925031e-16,1,SISTEM_SUDAH_IDEAL
4.80142051857101,17.4586762030416,0.85195916425986,31.9878629115222,0.276385897150794,3.12983750921282,0,1,TURUNKAN_KP_ATAU_NAIKKAN_KD
38.8488615158865,21.3461580027212,0.209612932552306,48.3902275601472,0.0959211674067447,1.10987970137837,1.11022302462516e-16,1,TURUNKAN_KP_ATAU_NAIKKAN_KD
10.5870159191613,20.321620754028,4.53130426008334,6.3135779441007,0.161221056551827,1.93779230463183,1.11022302462516e-16,1,SISTEM_SUDAH_IDEAL
24.7608391753305,10.5803508897363,6.11898274734215,1.164581710718,0.0855874235930703,0.278522400920452,1.11022302462516e-16,1,SISTEM_SUDAH_IDEAL
22.9434741582461,8.84637639944257,8.37739856975739,1.02081547729949,0.0851512716915893,0.419622302636444,2.22044604925031e-16,1,SISTEM_SUDAH_IDEAL
17.4862348047436,29.1051690527286,4.02474516685062,5.1577967566663,0.112031243964842,1.38289732112212,1.11022302462516e-16,1,SISTEM_SUDAH_IDEAL
26.3200732222477,15.3107086751805,5.72596301848167,1.505862593477,0.085239529145676,0.207095737085111,0,1,SISTEM_SUDAH_IDEAL
44.7704491406712,11.2470045888965,9.68008389083267,0.399552646468693,0.0819720246448339,0.135963248204419,0,1,SISTEM_SUDAH_IDEAL
17.7643125627633,5.5182938598202,5.65059673301673,1.12291823353874,0.0883971865114537,0.469453203480098,1.11022302462516e-16,1,SISTEM_SUDAH_IDEAL
34.7682865908924,15.588542022389,7.07809962947082,0.924608384819803,0.0829418111794934,0.167151668322609,3.33066907387547e-16,1,SISTEM_SUDAH_IDEAL
45.3824943501564,26.3077326956567,2.67614698638356,11.9632858505358,0.0783005899313425,0.351873562768368,0,1,SISTEM_SUDAH_IDEAL
46.1227790457269,5.6809731002599,2.38330030255842,12.4469506480643,0.0784974409801537,0.30533561923355,1.57298618574941e-11,1,SISTEM_SUDAH_IDEAL
27.0213171499019,4.01207143147896,2.27306645629228,6.442771886606,0.103654262474971,0.407078137165657,6.38378239159465e-13,1,SISTEM_SUDAH_IDEAL
12.9264783864286,9.52169649054179,1.32984022475135,8.214861319247,0.172798990162987,1.6255996291719,1.11022302462516e-16,1,SISTEM_SUDAH_IDEAL
8.29999035373822,8.13654927457622,3.45231654484875,5.29356034368704,0.250603995032693,2.71599643538561,0,1,SISTEM_SUDAH_IDEAL
10.2488650820452,2.14561339206289,8.73480758607382,1.02636513954388,0.0875465920089349,1.19980632240055,2.22044604925031e-16,1,SISTEM_SUDAH_IDEAL
7.69374866757033,23.8285698198645,9.46366462557474,5.38238435730285,0.0872581680846654,4.28034460000757,2.22044604925031e-16,1,SISTEM_SUDAH_IDEAL
17.6717359558534,1.76774726935273,9.21386804937558,0.28550001989629,0.0858648306004223,0.748928457386191,5.30248733809913e-10,1,SISTEM_SUDAH_IDEAL
38.9577488110227,7.47559475844571,5.31702938595329,1.01403218530336,0.0817711659791961,0.105220164953092,4.44089209850063e-16,1,SISTEM_SUDAH_IDEAL
3.77992323314328,25.5478139815649,7.51320119008553,9.09382068952274,0.155636917882596,9.10282600135559,1.04360964314765e-14,1,SISTEM_SUDAH_IDEAL
8.92065549372353,24.7861788184506,0.336932664625325,43.4393494828492,0.19460870221255,1.76201595656792,2.22044604925031e-16,1,TURUNKAN_KP_ATAU_NAIKKAN_KD
0.997186362129665,21.4466349114365,9.24357922484459,9.60831804254143,0.0888534996863678,47.9344499770208,0.000618015797983595,1,SISTEM_SUDAH_IDEAL
27.8441737778372,24.8652984164656,3.56805625381685,3.77173167370397,0.086446626252352,0.84012288996461,1.11022302462516e-16,1,SISTEM_SUDAH_IDEAL
15.4389534067375,20.2150045227535,0.561665327824116,27.0306925896407,0.15373191381186,1.24829167765528,3.33066907387547e-16,1,TURUNKAN_KP_ATAU_NAIKKAN_KD
16.4404476499252,26.4983359097308,4.11086141132241,5.06490271256899,0.118210681006392,1.47763567361108,2.22044604925031e-16,1,SISTEM_SUDAH_IDEAL
25.2082814570632,10.7173192983585,9.88844576246691,0.988489770906087,0.0844109718900604,0.40055466591397,0,1,SISTEM_SUDAH_IDEAL
23.3446590089697,28.4045547293121,1.00234502443963,22.719268249394,0.123208968105406,0.95838687530994,4.44089209850063e-16,1,TURUNKAN_KP_ATAU_NAIKKAN_KD
16.0782754133519,11.8298936417324,8.38565499748245,2.09700405396149,0.0864490795760808,2.07464275497062,0,1,SISTEM_SUDAH_IDEAL
8.11283830698891,6.99516884633193,1.63834204911663,6.82347669521706,0.256463914223172,2.34029959601641,3.33066907387547e-16,1,SISTEM_SUDAH_IDEAL
28.5293580132561,4.58559564813257,6.70626028608535,0.373905755463722,0.0844790724690204,0.270028041165384,5.6399329650958e-14,1,SISTEM_SUDAH_IDEAL
44.9315461296755,20.2454475031788,6.57949310444615,0.906303105687711,0.0807710161529936,0.0989444947874172,3.33066907387547e-16,1,SISTEM_SUDAH_IDEAL
20.8028331830429,19.6668239333191,3.98033665724544,3.09309568513945,0.0969067140250349,1.31444501586051,2.22044604925031e-16,1,SISTEM_SUDAH_IDEAL
29.3764674555027,24.3527534917082,6.81860541234065,1.77682192571678,0.0839685275449551,0.192233993551969,0,1,SISTEM_SUDAH_IDEAL
48.5225961011705,8.70230702853378,0.1574854249984,48.7591259000258,0.081690121285597,0.970061826023953,5.77315972805081e-15,1,TURUNKAN_KP_ATAU_NAIKKAN_KD
20.6063233255984,25.7165838496136,9.82824470318389,2.41035669721181,0.0849357506330657,1.76625910714093,2.22044604925031e-16,1,SISTEM_SUDAH_IDEAL
40.9086368548571,5.68334940222273,0.397314561942173,40.8771171703459,0.0902158604723776,0.821147390191126,2.09277040141842e-12,1,TURUNKAN_KP_ATAU_NAIKKAN_KD
30.3956540649665,21.9162468680353,0.482247328378924,34.6681852496503,0.110728221712903,0.850621349376688,1.11022302462516e-16,1,TURUNKAN_KP_ATAU_NAIKKAN_KD
39.7111946116085,11.8584544464046,0.597846317685626,36.6060782618982,0.0890814471957602,0.716824830727197,0,1,TURUNKAN_KP_ATAU_NAIKKAN_KD
31.1368229755155,4.95573241657341,3.29325090628637,3.71906184981259,0.085691107501645,0.341044475006779,1.0857981180834e-13,1,SISTEM_SUDAH_IDEAL
13.5971982149686,16.2325715552016,8.53726128989867,3.06016571164138,0.0868105085429282,2.45354038869812,0,1,SISTEM_SUDAH_IDEAL
21.7105193936768,17.3405724195412,1.36477868769156,14.535808021428,0.12916197035901,0.587347746861887,1.11022302462516e-16,1,SISTEM_SUDAH_IDEAL
29.1770976940199,20.1361266445025,8.36939105970475,1.4124352185245,0.0839147150496278,0.255713783422693,2.22044604925031e-16,1,SISTEM_SUDAH_IDEAL
31.8202430979347,6.35446114736829,9.06701427352751,0.414944331902434,0.0836073668662166,0.291968127229123,1.11022302462516e-16,1,SISTEM_SUDAH_IDEAL
20.3572655739475,26.659123232163,5.75050711255209,3.29981003889992,0.0869330814350042,1.49146443047864,1.11022302462516e-16,1,SISTEM_SUDAH_IDEAL
0.935478943657569,16.2121349497905,8.52652213465756,10.2428403291647,0.184174013920063,45.9606476463661,0.000376166212524232,1,SISTEM_SUDAH_IDEAL
11.2290751633553,19.1101556496504,7.12481649249424,4.43799327157079,0.0885168319890194,2.33880739890166,0,1,SISTEM_SUDAH_IDEAL
16.7865181690786,1.52353570310261,4.59341426536502,0.281728069509479,0.121255974506192,0.510067776316013,2.92659962930486e-09,1,SISTEM_SUDAH_IDEAL
43.380509278283,23.2757212469309,3.42019142664712,7.62988571792182,0.0794076973781014,0.369870506535097,2.22044604925031e-16,1,SISTEM_SUDAH_IDEAL
37.5100270113817,18.7438266041162,7.28094956321912,0.964503819525842,0.0824088478373879,0.14397425911333,0,1,SISTEM_SUDAH_IDEAL
33.6058304554364,14.5552857105326,5.73999813026901,0.994481083198884,0.0831478463878833,0.151317967089082,1.11022302462516e-16,1,SISTEM_SUDAH_IDEAL
40.1193632863407,13.488702786898,2.76016165720755,9.74708924262922,0.0812203994152607,0.361638494023265,3.33066907387547e-16,1,SISTEM_SUDAH_IDEAL
36.3920085575289,11.9125031491574,3.88838020838,3.84948245723165,0.0824723765591446,0.341100756143122,2.22044604925031e-16,1,SISTEM_SUDAH_IDEAL
30.3966813082131,0.557783865273243,6.90824523374167,0,0.0840684948551977,0.26562453042565,4.41758205512732e-05,1,SISTEM_SUDAH_IDEAL
23.2999548779785,23.072930420363,3.3494904844852,3.75443384733996,0.0954067081680205,1.08556327175813,0,1,SISTEM_SUDAH_IDEAL
8.2040392159238,17.5412979067131,2.46600168500413,10.6139729940209,0.21894728645652,1.71590990004568,1.11022302462516e-16,1,SISTEM_SUDAH_IDEAL
5.01978100725853,12.2945861774335,8.23191381411411,6.08308934925408,0.103870849327048,5.81669911847936,2.22044604925031e-16,1,SISTEM_SUDAH_IDEAL
8.2995213305998,6.17029787888483,0.975457891155981,8.57707957440232,0.247585553082488,2.23535451925377,1.11022302462516e-16,1,SISTEM_SUDAH_IDEAL
38.6065731548956,29.5415597733314,4.41392460672322,3.89755177397177,0.0812533993579478,0.463576977220177,1.11022302462516e-16,1,SISTEM_SUDAH_IDEAL
6.63139148484762,7.35002046825103,8.6636426886516,3.95016527906793,0.0883161098931561,4.20772515296655,1.11022302462516e-16,1,SISTEM_SUDAH_IDEAL
3.38607058077283,1.81017445323433,2.6001923981977,6.24643543297787,0.761652821084585,5.63711212388008,0,1,SISTEM_SUDAH_IDEAL
22.4481907012372,20.254725163885,2.61485139382988,5.64156005870724,0.112977997347848,1.02416513024309,0,1,SISTEM_SUDAH_IDEAL
34.9088381887948,16.6664143953275,0.4300074335326,38.9607069896539,0.102246779314973,0.77485011673542,2.22044604925031e-16,1,TURUNKAN_KP_ATAU_NAIKKAN_KD
8.42975091740301,17.6003250313706,5.09389108644681,6.64903393926315,0.179481305924678,2.25648928578314,2.22044604925031e-16,1,SISTEM_SUDAH_IDEAL
50.0683470065344,29.3565229149417,7.64782787743648,0.977786966871119,0.080412026326498,0.09850473224996,0,1,SISTEM_SUDAH_IDEAL
11.811930669625,22.1071773798485,6.66684634980556,4.76345931107047,0.0888198108374797,2.12194694743679,1.11022302462516e-16,1,SISTEM_SUDAH_IDEAL
31.2116424026497,25.6635910383443,5.4829754417291,1.9249954987582,0.0836532176151261,0.154006045538185,1.11022302462516e-16,1,SISTEM_SUDAH_IDEAL
45.3540873197268,0.532766620359535,5.85865233205403,0.999672629044368,0.0805567758951202,0.0986820504715222,0.000106368373192001,1,SISTEM_SUDAH_IDEAL
14.156181215196,22.3166118131057,2.15920573605812,8.36016408442086,0.154875929443958,1.31459087200745,2.22044604925031e-16,1,SISTEM_SUDAH_IDEAL
2.64812107700569,8.45487406270402,1.33529287253715,24.9162863507301,0.467842574436495,6.65917540646719,3.33066907387547e-16,1,TURUNKAN_KP_ATAU_NAIKKAN_KD
22.9432465696627,6.68895547153255,5.53270383866823,0.879430282440996,0.0866437662020281,0.306831483865973,0,1,SISTEM_SUDAH_IDEAL
3.65754461303326,2.92480973731469,3.24318879566783,7.04233985304266,0.64822819555048,4.85368069237518,2.22044604925031e-16,1,SISTEM_SUDAH_IDEAL
31.5409863713718,22.5517567578207,4.46047453242302,2.16603562694826,0.0839184366589519,0.514402886655825,2.22044604925031e-16,1,SISTEM_SUDAH_IDEAL
11.6716621767565,17.0321650867287,2.12885648427823,8.03014205401074,0.173777869204324,1.55656810426878,2.22044604925031e-16,1,SISTEM_SUDAH_IDEAL
13.6917894449704,5.27716291581676,7.7560895127398,1.47686090760568,0.0874937593068464,0.73731455205071,0,1,SISTEM_SUDAH_IDEAL
4.19315225560798,16.4617934838547,7.32056601185193,7.95314169491155,0.181699633265518,6.98385267821151,0,1,SISTEM_SUDAH_IDEAL
32.7623741022743,19.5910263769807,6.88666780529769,1.26068098562426,0.0832881620613054,0.174297996687459,1.11022302462516e-16,1,SISTEM_SUDAH_IDEAL
5.63952756981588,10.7354515563108,6.00944319886572,6.58632336882108,0.24587409524385,5.1208854554838,0,1,SISTEM_SUDAH_IDEAL
17.4955792490502,24.3617372789026,1.17228046803109,18.1356385944043,0.142671936672627,0.885568538047128,2.22044604925031e-16,1,SISTEM_SUDAH_IDEAL
20.8968561351455,23.8433621353288,8.76722795189703,2.39347432936565,0.0852217589956697,1.69022514315888,4.44089209850063e-16,1,SISTEM_SUDAH_IDEAL
17.7606074139634,24.4520714136813,1.23163293081419,17.3823761569398,0.141417969765829,0.938678863420747,0,1,SISTEM_SUDAH_IDEAL
17.5013172549249,13.8177042525851,4.55367780683792,2.70390040462152,0.108431889198235,1.64909127600596,2.22044604925031e-16,1,SISTEM_SUDAH_IDEAL
19.4056356158453,1.86727557996817,4.2073633248776,0.275784491155284,0.109176783407062,0.357398232214232,1.26023036450817e-09,1,SISTEM_SUDAH_IDEAL
49.6582854338111,24.2562091211044,5.49670337345758,2.8663380118384,0.0790418581528287,0.277935770212352,2.22044604925031e-16,1,SISTEM_SUDAH_IDEAL
40.4369573864891,13.6687514199333,5.87204988854149,0.807722333275995,0.081476410868963,0.0998086033144797,3.33066907387547e-16,1,SISTEM_SUDAH_IDEAL
50.0393067372095,22.0099450005528,4.66715838999101,4.35528063867714,0.0782308772901536,0.305966277515927,2.22044604925031e-16,1,SISTEM_SUDAH_IDEAL
30.9209464815115,3.87249117492508,8.96750041243692,0.244286917900216,0.0837703719625413,0.319877854586944,1.03679287377645e-11,1,SISTEM_SUDAH_IDEAL
8.42661088000585,6.67228208228539,6.28329842287683,3.50202649585876,0.167408883910451,3.55354764801778,2.22044604925031e-16,1,SISTEM_SUDAH_IDEAL
24.81153299756,13.8323691668235,1.03640308065293,17.8084493772257,0.122510669507528,0.461992349994205,4.44089209850063e-16,1,SISTEM_SUDAH_IDEAL
4.50405094066839,27.2237651206191,3.98569941950685,14.3568027224314,0.253142246366346,5.55452731377782,1.11022302462516e-16,1,SISTEM_SUDAH_IDEAL
1.32256497885721,14.0065634596572,8.58291383335305,9.5228881134489,0.176322649755069,28.6825587625155,5.56961927500321e-06,1,SISTEM_SUDAH_IDEAL
43.2784181466794,15.1636779800469,4.87883202308942,2.85551881164483,0.0802860753423933,0.275645886848863,0,1,SISTEM_SUDAH_IDEAL
11.940902039601,29.1154846015388,1.46042894722249,16.9142787481485,0.165301329178764,1.02423436421374,1.11022302462516e-16,1,SISTEM_SUDAH_IDEAL
6.18621002689121,9.28083622348954,8.79645774641254,4.57968673122662,0.0882670833010294,3.91345714439473,0,1,SISTEM_SUDAH_IDEAL
14.0980475361354,18.0391132148163,2.69367975156089,5.84288774163821,0.154943142306742,1.55011489583813,1.11022302462516e-16,1,SISTEM_SUDAH_IDEAL
45.7811732778228,18.1614672106215,1.62229818359364,20.6957219794856,0.0787952261710426,0.434989534804747,2.22044604925031e-16,1,TURUNKAN_KP_ATAU_NAIKKAN_KD
46.1038965031811,3.20684967745393,1.43540850458363,21.5254538637962,0.0793790891658483,0.461279121078485,2.01258825160977e-08,1,TURUNKAN_KP_ATAU_NAIKKAN_KD
32.0785664938454,7.95031322246773,0.0996423678214353,42.557666973878,0.112025838590758,0.976576578803241,3.33066907387547e-16,1,TURUNKAN_KP_ATAU_NAIKKAN_KD
42.7305217678659,9.24670301014349,9.08527746585791,0.357730702491099,0.0821074779963855,0.14585451043982,3.33066907387547e-16,1,SISTEM_SUDAH_IDEAL
23.0174988074792,9.85934158329649,9.91286007862292,1.05686185904603,0.0847205061096428,0.453811143005258,3.33066907387547e-16,1,SISTEM_SUDAH_IDEAL
40.7769720188654,8.85182453893123,8.75883738414189,0.375487093580884,0.0823006462262053,0.158849011435986,3.33066907387547e-16,1,SISTEM_SUDAH_IDEAL
15.9456013312224,28.7934693184341,9.28594807677077,3.43136881826516,0.0858302383385538,1.98420174451954,1.11022302462516e-16,1,SISTEM_SUDAH_IDEAL
24.9069865201915,14.7527900695612,9.92204957414911,1.29629203293717,0.0844084201342584,0.380039022365634,3.33066907387547e-16,1,SISTEM_SUDAH_IDEAL
19.8432413934131,28.4181907556477,0.914016019592768,24.9622388053568,0.133947260476538,1.02345910648529,1.11022302462516e-16,1,TURUNKAN_KP_ATAU_NAIKKAN_KD
19.2373482916607,21.9156095819075,7.46189017046576,2.69742331569143,0.0861288538524934,1.75213757068609,0,1,SISTEM_SUDAH_IDEAL
8.77033800089584,10.8587672506873,6.6135855861244,4.32309206013914,0.139618816404961,3.02932423553529,1.11022302462516e-16,1,SISTEM_SUDAH_IDEAL
31.4883503414873,21.7420825539799,6.72602771471879,1.47298943476935,0.0835365188373745,0.178089587390059,1.11022302462516e-16,1,SISTEM_SUDAH_IDEAL
2.24472394587134,8.99289190082443,4.87373146317499,11.997926472909,0.512662546627218,12.6074875260151,2.4624746686186e-13,1,SISTEM_SUDAH_IDEAL
17.2963529651113,2.26681760770078,3.36203862100675,0.49052731141459,0.139153856409028,0.324651024017483,9.29478716216181e-12,1,SISTEM_SUDAH_IDEAL
6.22260682535311,4.28221815779608,3.76429773401088,4.66324154481594,0.375997426207101,3.87125657888993,1.11022302462516e-16,1,SISTEM_SUDAH_IDEAL
38.0313929535419,25.936049000136,8.56619718577942,1.18418366383717,0.0824791046839369,0.157461555893687,1.11022302462516e-16,1,SISTEM_SUDAH_IDEAL
6.75169769045567,25.8969671278035,5.94296403833363,8.37529287357348,0.168684249923412,3.53532812532429,2.22044604925031e-16,1,SISTEM_SUDAH_IDEAL
29.6130869613452,27.5395060135185,0.559402580149658,33.423471149052,0.110918092814941,0.867086713434848,2.22044604925031e-16,1,TURUNKAN_KP_ATAU_NAIKKAN_KD
35.3338347359818,14.9393546587097,3.65809884163919,4.54568072960058,0.082947366477033,0.381115715214902,1.11022302462516e-16,1,SISTEM_SUDAH_IDEAL
50.0106650756181,28.6498728978417,5.13321686501254,3.68286244465865,0.0785745075316345,0.315195467491883,1.11022302462516e-16,1,SISTEM_SUDAH_IDEAL
33.6140714352111,0.0567135129074348,4.92954398690221,0.169930904466331,0.0834192056893642,0.149384444411301,0.000892511344654179,1,SISTEM_SUDAH_IDEAL
26.6630920949371,9.17618893020881,8.59837588331008,0.824181701398863,0.0844345160628634,0.352555456769659,1.11022302462516e-16,1,SISTEM_SUDAH_IDEAL
3.41056614829077,16.0325564653109,0.063092069745464,75.7918315241783,0.266493906960453,9.39002725223496,2.22044604925031e-16,1,TURUNKAN_KP_ATAU_NAIKKAN_KD
33.2002649238349,16.1648836888596,4.45591682803257,1.8071711640544,0.0834348397919252,0.135783910789619,2.22044604925031e-16,1,SISTEM_SUDAH_IDEAL
39.3062922672439,4.81700474898691,1.54572277246148,19.2418089982403,0.0842923552387163,0.447182279841502,2.05169214950729e-11,1,SISTEM_SUDAH_IDEAL
40.7170896454805,29.3364248404022,2.85137834121592,10.5676109791422,0.0804284545088357,0.389995279861301,2.22044604925031e-16,1,SISTEM_SUDAH_IDEAL
32.9652524282769,24.2021287589201,8.20034215663587,1.39124385740794,0.0832400645160373,0.193364541769683,2.22044604925031e-16,1,SISTEM_SUDAH_IDEAL
15.3569360056372,2.22623282360048,6.17595012233106,0.556178086634485,0.0886455263133554,0.681584698285464,6.30162588777239e-13,1,SISTEM_SUDAH_IDEAL
6.90805415252762,24.2747232288926,9.77884667658437,5.61390907308865,0.0871824136951462,4.43814392813211,1.11022302462516e-16,1,SISTEM_SUDAH_IDEAL
45.1213092214983,5.4827223580752,9.22028404223966,0.169205080773271,0.0818800294096823,0.127290834747835,1.50985890456923e-11,1,SISTEM_SUDAH_IDEAL
6.92795017629433,1.30062756480989,6.72788839681518,1.30327277051658,0.200498745625478,1.59175935094418,0,1,SISTEM_SUDAH_IDEAL
6.48488085631918,6.57803878972185,6.58853957566638,4.42656666307577,0.199483298294199,3.98340312577226,3.33066907387547e-16,1,SISTEM_SUDAH_IDEAL
16.2293729288338,15.0743589697182,5.34424116799122,2.97947630269904,0.0961732911840861,1.88018599448013,0,1,SISTEM_SUDAH_IDEAL
23.0546904166499,15.5604072552756,5.72166536274935,1.85342242889994,0.0862754516530589,0.264935501251692,2.22044604925031e-16,1,SISTEM_SUDAH_IDEAL
19.3119820032084,25.6823454930684,3.55626730648583,4.56201180812321,0.111538469006542,1.3045986702303,1.11022302462516e-16,1,SISTEM_SUDAH_IDEAL
43.0295553369281,12.6018165212136,2.30400392764387,13.2953451782167,0.0799863704244826,0.339047444839364,1.11022302462516e-16,1,SISTEM_SUDAH_IDEAL
36.2659110571221,2.80685663153259,1.53229730368176,18.0672987762622,0.0871349091207344,0.354998767028308,9.727818328642e-09,1,SISTEM_SUDAH_IDEAL
45.3532819352026,17.2119849048578,6.82354431668125,0.713780931637764,0.080857766997342,0.099050764571744,1.11022302462516e-16,1,SISTEM_SUDAH_IDEAL
4.01229778964964,10.5621623884717,3.53324044743457,11.5631060805219,0.40179395920059,5.96858178042745,1.11022302462516e-16,1,SISTEM_SUDAH_IDEAL
5.85319278725743,14.7731281662651,4.33285235360085,9.00995514531555,0.274270248633382,4.01485532595682,0,1,SISTEM_SUDAH_IDEAL
11.7148661388853,5.98178988733677,2.57131046049568,2.96145113133532,0.182248248510051,2.08539249028094,1.11022302462516e-16,1,SISTEM_SUDAH_IDEAL
4.79849353078713,8.08772932798444,1.96449487081805,12.2984495895921,0.379117728711596,3.788269403376,1.11022302462516e-16,1,SISTEM_SUDAH_IDEAL
20.9748855919384,0.539347311009936,1.91955109695439,4.89655619184552,0.13437004713219,0.434005919437954,1.34822973516524e-05,1,SISTEM_SUDAH_IDEAL
13.3712148773302,17.898361943424,1.16489991545786,14.8228605956006,0.164814604178005,1.23574276688038,2.22044604925031e-16,1,SISTEM_SUDAH_IDEAL
7.78724844383996,12.6283328053561,0.441023020843354,26.6880649255822,0.230757231383327,1.15276106494358,0,1,TURUNKAN_KP_ATAU_NAIKKAN_KD
23.9856245701868,28.5339125731234,8.91555615293621,2.28064270354544,0.0846042134994525,1.45856556048175,2.22044604925031e-16,1,SISTEM_SUDAH_IDEAL
45.6583729354358,6.45185750790659,6.25266092442601,0.796814624051256,0.0806397911390931,0.098783744145389,9.58788604066285e-13,1,SISTEM_SUDAH_IDEAL
0.847690014067376,23.5180425179693,0.0846988316118802,999,999,999,1,0,TURUNKAN_KP_DAN_KI
38.1568481423016,9.93640288586761,1.04547903586248,26.8085974685019,0.087580548197558,0.51587416062688,2.22044604925031e-16,1,TURUNKAN_KP_ATAU_NAIKKAN_KD
45.5400541663421,23.1664715552036,1.24303329765606,26.4540439010539,0.0794417099448927,0.626003588058246,3.33066907387547e-16,1,TURUNKAN_KP_ATAU_NAIKKAN_KD
48.0841700232093,10.1969388046265,6.08298390543269,1.40395853237534,0.0800079853408944,0.0980097820425956,4.44089209850063e-16,1,SISTEM_SUDAH_IDEAL
28.8797488247583,29.5797771706716,9.86563021485226,1.78507232016558,0.0837446702748854,0.265019780071175,2.22044604925031e-16,1,SISTEM_SUDAH_IDEAL
23.0694456034289,11.2866531272548,0.317949129353181,32.8767258689171,0.130861897105978,0.974404800141907,0,1,TURUNKAN_KP_ATAU_NAIKKAN_KD
36.0558656203616,7.55639299244357,4.06762917292359,2.95886814433386,0.0826563479592266,0.284960456843328,0,1,SISTEM_SUDAH_IDEAL
41.3872979184201,17.0078898081127,5.7615181525973,1.20159416856416,0.0811602357407022,0.0994212887823602,1.11022302462516e-16,1,SISTEM_SUDAH_IDEAL
15.308462799894,8.68581681550485,2.71406851905739,2.76327337352729,0.153764829532371,1.53468309617836,1.11022302462516e-16,1,SISTEM_SUDAH_IDEAL
35.5728995834874,7.21161500105171,5.59983844669953,0.436296492851729,0.0827375963245775,0.140273378225163,4.44089209850063e-16,1,SISTEM_SUDAH_IDEAL
16.4014453997181,8.34508933715151,2.65387495933625,2.46183349933553,0.147848817167585,1.26599584253701,2.22044604925031e-16,1,SISTEM_SUDAH_IDEAL
25.2234501236255,17.0370411839456,1.26109620541883,15.5350022157714,0.118807046831379,0.476180745146064,0,1,SISTEM_SUDAH_IDEAL
2.54341758012872,24.3951537167836,2.01445857275123,29.9788551109188,0.317262068748753,13.2848828201293,4.77395900588817e-15,1,TURUNKAN_KP_ATAU_NAIKKAN_KD
36.0452930290997,20.5497720450498,1.63902599383168,19.006363123451,0.0860788174933111,0.375294127193116,2.22044604925031e-16,1,SISTEM_SUDAH_IDEAL
42.4380405370136,14.2798127787925,7.09034928165485,0.617455436687764,0.0815243987288772,0.0998673884428745,0,1,SISTEM_SUDAH_IDEAL
14.9546062160733,6.80690109756735,9.02525899753406,1.50953741870339,0.0863811088591656,0.694979357545875,0,1,SISTEM_SUDAH_IDEAL
31.1031545766303,6.96768660417251,5.99999974604091,0.521835045135166,0.083924633556867,0.184326961557651,2.22044604925031e-16,1,SISTEM_SUDAH_IDEAL
6.8157969745487,1.61069502460762,2.0598731952369,2.19756071919897,0.372638132132396,2.82937078882293,1.11022302462516e-16,1,SISTEM_SUDAH_IDEAL
11.5772150140571,19.2206077232992,2.19684907258949,8.71459378597512,0.172477582535125,1.48798974651428,1.11022302462516e-16,1,SISTEM_SUDAH_IDEAL
33.5530442641559,19.8337888126623,3.03376900284633,7.03007871267787,0.0842996503829546,0.459987995301675,3.33066907387547e-16,1,SISTEM_SUDAH_IDEAL
28.4418555875947,19.6058198451274,6.65701328375983,1.56612167652599,0.0842824559401286,0.204954438689747,2.22044604925031e-16,1,SISTEM_SUDAH_IDEAL
25.2717208444215,0.942951585749371,7.63345312075934,0,0.0850179294509239,0.42470267968009,1.26753438411953e-07,1,SISTEM_SUDAH_IDEAL
39.4420586040196,24.7178276661748,3.82846064191436,5.53014741622146,0.0809794501483302,0.404268317105572,0,1,SISTEM_SUDAH_IDEAL
17.7803559906946,9.91554788199223,7.02450172994884,1.72903948623286,0.0869532076435379,0.474864730147453,1.11022302462516e-16,1,SISTEM_SUDAH_IDEAL
19.2947223205795,0.934061444636822,4.56642209114953,0.0501598714278018,0.101223834675054,0.415499628225388,3.6950358639487e-07,1,SISTEM_SUDAH_IDEAL
14.0707608488202,10.0883601123567,0.521839677937836,21.4459271869764,0.165921659280227,1.39326943069806,0,1,TURUNKAN_KP_ATAU_NAIKKAN_KD
27.0992778763102,11.4280988949377,9.98439682080798,0.931986735921031,0.084132878014259,0.367143376435987,0,1,SISTEM_SUDAH_IDEAL
26.5809901869307,26.5931804852479,8.15573067590839,1.99737048952027,0.084320623039071,0.260914436429104,1.11022302462516e-16,1,SISTEM_SUDAH_IDEAL
16.3345025143096,7.98489333816812,2.77811782748545,2.304178307892,0.147491120632556,1.23899430377268,4.44089209850063e-16,1,SISTEM_SUDAH_IDEAL
37.8221110213374,29.3677549389759,6.42460062072804,1.54426407098143,0.0820030382094615,0.115902383168978,2.22044604925031e-16,1,SISTEM_SUDAH_IDEAL
42.7121087081932,25.6571837281219,5.58858333437885,1.99552665039304,0.0806344724146238,0.0987772287079142,2.22044604925031e-16,1,SISTEM_SUDAH_IDEAL
12.7544746663155,11.2989300680389,5.45043085738243,3.24395363490599,0.128980633577383,2.36779188034748,0,1,SISTEM_SUDAH_IDEAL
2.3409248253237,10.0407651892136,8.02580335607887,8.29777232208764,0.227870177231889,12.4281862624183,1.31991606533433e-09,1,SISTEM_SUDAH_IDEAL
24.7782340901599,7.76400738128862,2.84678944047517,3.18510382188624,0.102622951306625,0.432000258496368,2.22044604925031e-16,1,SISTEM_SUDAH_IDEAL
40.9461670083125,17.740288665157,3.93866003514722,5.00543976375811,0.0805888134430337,0.358097865918024,5.55111512312578e-16,1,SISTEM_SUDAH_IDEAL
5.64547504788823,29.8946155439652,0.0530027210086392,80.6131275440685,0.204611368176962,9.73950098139147,0,1,TURUNKAN_KP_ATAU_NAIKKAN_KD
12.6761284182283,20.1106071971106,6.21189893839313,4.39952545090507,0.0969504254064686,2.09754160904163,2.22044604925031e-16,1,SISTEM_SUDAH_IDEAL
21.1992387127606,18.9082258990365,0.393444044209496,34.2565621078103,0.133864962195043,1.05243708355815,2.22044604925031e-16,1,TURUNKAN_KP_ATAU_NAIKKAN_KD
22.3979151713952,9.84581089504522,7.97499560099216,1.17791389940263,0.0853788610757365,0.406854077626447,1.11022302462516e-16,1,SISTEM_SUDAH_IDEAL
42.880132424309,27.7004108510496,2.95943852324528,10.1207600427374,0.0794321983616862,0.376200814866924,1.11022302462516e-16,1,SISTEM_SUDAH_IDEAL
45.2294494295223,2.85792312785824,3.94988318518522,4.76607328386744,0.0794149974279941,0.288717001983339,4.1874253176033e-08,1,SISTEM_SUDAH_IDEAL
34.0001339454616,4.60260269021407,0.652622344757481,30.8486436057357,0.103660272724959,0.73849868771363,4.03677091753707e-12,1,TURUNKAN_KP_ATAU_NAIKKAN_KD
5.41867663338939,2.89381554696079,3.95889102321708,4.1527968552284,0.459476553393145,4.71131505925558,4.44089209850063e-16,1,SISTEM_SUDAH_IDEAL
49.3585218055971,17.0686094992837,2.82273796783096,10.6214226939683,0.0768636462444062,0.30770296527583,1.11022302462516e-16,1,SISTEM_SUDAH_IDEAL
33.5311513746452,18.5807017232674,9.15462921634878,1.04599511474124,0.083241821846976,0.226779960650409,1.11022302462516e-16,1,SISTEM_SUDAH_IDEAL
10.4701175836436,1.52967772892114,7.03058896020106,0.738329634128898,0.103060409361095,1.13221006894072,2.24709140184132e-13,1,SISTEM_SUDAH_IDEAL
8.08615291685973,20.1317122616169,0.68314750119003,28.7141946744953,0.21396563693828,1.61650806592061,0,1,TURUNKAN_KP_ATAU_NAIKKAN_KD
1.58737936413426,25.2485109002544,7.53925388133505,11.1679079640982,0.209399660353127,25.7548703053785,5.10141619458615e-06,1,SISTEM_SUDAH_IDEAL
4.98924434508729,6.25454707287864,0.869485714082208,14.895383244436,0.349191489302818,2.22695067837063,1.11022302462516e-16,1,SISTEM_SUDAH_IDEAL
43.3868913172639,0.737652788913243,2.51565068615149,10.8226670570425,0.0800101268782752,0.315079969940063,4.06122293560296e-05,1,SISTEM_SUDAH_IDEAL
30.8811593523106,14.0515761740254,7.38356347572074,1.00042248111918,0.0837435142694846,0.217461001188933,0,1,SISTEM_SUDAH_IDEAL
9.86090816518638,16.4477425157228,4.59118956952331,5.90701407925012,0.172512162932798,2.16581464919489,1.11022302462516e-16,1,SISTEM_SUDAH_IDEAL
48.6686692089089,9.72605966263912,2.02608350245781,15.729566378676,0.0770961377426706,0.295067658149025,4.44089209850063e-16,1,SISTEM_SUDAH_IDEAL
28.4637573120611,14.4938597375772,2.92417533410062,4.9932426877237,0.0878110011600975,0.492956507488424,2.22044604925031e-16,1,SISTEM_SUDAH_IDEAL
20.3575598682731,15.082751547605,7.89677775377867,1.8886744721776,0.0857629398965992,0.399226390395748,0,1,SISTEM_SUDAH_IDEAL
4.76341171765112,6.04454281236602,0.247738569631313,25.9312680473886,0.32295201367404,1.77763004591992,0,1,TURUNKAN_KP_ATAU_NAIKKAN_KD
34.168222310425,22.0605257337799,1.49469873000183,20.2090355296012,0.0884698019335956,0.383333933141577,1.11022302462516e-16,1,TURUNKAN_KP_ATAU_NAIKKAN_KD
15.5951404486074,9.95461634245292,1.86597028731742,5.24091924374488,0.1557255356108,1.39436870732255,1.11022302462516e-16,1,SISTEM_SUDAH_IDEAL
34.4809438114413,16.9389434453886,5.44206948433105,1.15794323921905,0.0828645387624789,0.137922771237729,0,1,SISTEM_SUDAH_IDEAL
46.7775194801951,0.942519158929486,6.62305336687428,0.383606945406045,0.0807020994050707,0.0988600717712115,1.99684911518228e-05,1,SISTEM_SUDAH_IDEAL
38.8586474376418,19.4383906073972,9.84728106646955,0.849508611556726,0.0826008041368022,0.183592990030349,0,1,SISTEM_SUDAH_IDEAL
47.8513448489168,22.5224024676609,0.967958080741558,30.9015849677366,0.0783059764297459,0.645312162309957,1.11022302462516e-16,1,TURUNKAN_KP_ATAU_NAIKKAN_KD
23.5534374926187,3.12446643930977,3.72154398871864,0.385947018224275,0.0920679630291562,0.191376746913064,6.048050948948e-12,1,SISTEM_SUDAH_IDEAL
3.58878270942034,27.3522486654577,5.99910267557454,11.3271215090774,0.224621602041972,9.44311804180481,1.33226762955019e-15,1,SISTEM_SUDAH_IDEAL
49.1651570213833,27.382802834564,5.00367722670542,3.80867322410425,0.078671256151912,0.319751154481574,1.11022302462516e-16,1,SISTEM_SUDAH_IDEAL
2.46726548188468,20.8222549017457,0.740332126350626,55.7566803147889,0.317620330374879,20.0593039104577,7.2570838227648e-12,1,TURUNKAN_KP_ATAU_NAIKKAN_KD
26.7180175524044,18.9392148524239,8.46676386228334,1.51477595383389,0.0843362209552593,0.293214489730074,2.22044604925031e-16,1,SISTEM_SUDAH_IDEAL
31.2842319493457,2.27171427892478,2.99749899716634,4.75324125164922,0.0862369878868295,0.348660260005814,1.98309924037687e-08,1,SISTEM_SUDAH_IDEAL
44.2614700827721,22.0037008082108,5.90626901441771,1.60285417589836,0.0805146120055241,0.098630399706767,1.11022302462516e-16,1,SISTEM_SUDAH_IDEAL
31.4946162347729,22.7935159900674,2.47359921913353,9.81811698105182,0.0866965332300605,0.488652539889165,2.22044604925031e-16,1,SISTEM_SUDAH_IDEAL
11.149791508835,8.44494098729633,7.77496441467837,2.68648758271468,0.088055445013315,3.07184813767795,0,1,SISTEM_SUDAH_IDEAL
21.005605336701,3.2508729417583,4.14291774092345,0.499213663535247,0.0984189323099176,0.277832211847412,2.14717132962505e-13,1,SISTEM_SUDAH_IDEAL
45.7114207422304,16.9169007829761,7.94531015409633,0.621218306249482,0.0813002405356895,0.0995927946562196,0,1,SISTEM_SUDAH_IDEAL
15.5124789667063,2.87427864153293,0.792398021583468,13.1079618742393,0.162467983524097,0.579526439669805,4.88498130835069e-15,1,SISTEM_SUDAH_IDEAL
28.061794315002,10.7739554518218,8.05319053240033,0.893545845307342,0.0842568426340231,0.297819785242873,0,1,SISTEM_SUDAH_IDEAL
2.42554510228511,18.8365488865041,3.38971861484484,18.6998854467065,0.37183462250902,12.1562629202738,7.7715611723761e-15,1,SISTEM_SUDAH_IDEAL
0.414514314245529,27.6188054330163,1.91105131702117,999,999,999,1,0,TURUNKAN_KP_DAN_KI
29.8952944710651,24.1030209565247,2.27015772319233,10.663627994543,0.0885719519723939,0.519228807369496,1.11022302462516e-16,1,SISTEM_SUDAH_IDEAL
43.2173046904771,26.8322747601765,2.59314437994899,12.3688610948151,0.0793362002552548,0.364435457804141,1.11022302462516e-16,1,SISTEM_SUDAH_IDEAL
40.2455221197076,10.3284741429534,1.42988964266305,21.6501401348276,0.0836807423889408,0.461814188081194,2.22044604925031e-16,1,TURUNKAN_KP_ATAU_NAIKKAN_KD
39.2165201478147,26.4305555565272,8.30308125130284,1.16491318283605,0.0822528132413783,0.141590003657253,1.11022302462516e-16,1,SISTEM_SUDAH_IDEAL
19.2815594696236,5.913566950011,5.12200474220205,1.07123783421275,0.088533929520009,0.383232429277846,3.33066907387547e-16,1,SISTEM_SUDAH_IDEAL
13.990424950633,3.09361234024513,1.89749756342937,1.74744851190256,0.169674560865251,0.267421202237324,1.11022302462516e-16,1,SISTEM_SUDAH_IDEAL
6.57735403494712,7.21829474316106,5.63202461290515,4.97583217650026,0.254215301098826,3.60746454954374,2.22044604925031e-16,1,SISTEM_SUDAH_IDEAL
36.5136926895103,22.6974405421252,1.46858635835826,21.6035139641115,0.0863124133427385,0.370000736436548,2.22044604925031e-16,1,TURUNKAN_KP_ATAU_NAIKKAN_KD
6.15421830913239,4.99079876256935,4.38432946227521,4.87540275088389,0.353692361803519,3.87017506996328,0,1,SISTEM_SUDAH_IDEAL
14.9454161913564,16.2771578494152,9.24436300635125,2.66908739061023,0.0861626981915204,2.37530962064523,0,1,SISTEM_SUDAH_IDEAL
12.728789143649,17.9878787861206,2.41295337424614,7.02267759959869,0.165024753718224,1.54893466955174,4.44089209850063e-16,1,SISTEM_SUDAH_IDEAL
17.0567921914979,19.9311005791734,0.568106388188665,28.3842938126688,0.147201875184001,1.19552332794066,2.22044604925031e-16,1,TURUNKAN_KP_ATAU_NAIKKAN_KD
49.5588722351032,27.1196373044972,7.94056677195079,0.882442669035854,0.0806566052087344,0.0988043413806997,2.22044604925031e-16,1,SISTEM_SUDAH_IDEAL
4.33959425616342,27.8466581194734,5.56182125848105,11.2770496089994,0.219846813140055,6.31823683790111,0,1,SISTEM_SUDAH_IDEAL
14.7092636339877,0.376835256417543,4.18292609590289,0,0.149161566989975,0.622682215212438,1.9308832937881e-05,1,SISTEM_SUDAH_IDEAL
50.0731229595412,20.206228263773,5.49845843822847,2.75148757158978,0.0790148270206769,0.264614010205918,2.22044604925031e-16,1,SISTEM_SUDAH_IDEAL
38.6977408453042,9.59071992695676,6.89302111117257,0.478385777353596,0.0822156645160758,0.134334856633466,1.11022302462516e-16,1,SISTEM_SUDAH_IDEAL
18.3419072830981,2.19784485094775,9.17887400151808,0.355017639934241,0.0857596221912007,0.699617712059705,2.39948061420137e-11,1,SISTEM_SUDAH_IDEAL
5.2379262110918,22.4534010079146,7.84291966209647,7.42070349583961,0.113766247539994,6.05283391589118,3.33066907387547e-16,1,SISTEM_SUDAH_IDEAL
17.756839835291,0.634713930276317,0.16422319425361,29.8274031566088,0.151900811147299,1.02214023631265,7.86910122951845e-07,1,TURUNKAN_KP_ATAU_NAIKKAN_KD
17.0496550184429,21.6136981422504,9.01398183497288,2.77704777212116,0.0858356085864588,2.04752353257137,0,1,SISTEM_SUDAH_IDEAL
23.7827816610306,1.67225305859058,4.07768106834465,0.130675275645764,0.0883222347589942,0.198650777944873,3.32823537618765e-08,1,SISTEM_SUDAH_IDEAL
16.8877917957168,9.12309332633165,2.96485002236008,2.41073399177567,0.14177906282963,1.30606581936343,3.33066907387547e-16,1,SISTEM_SUDAH_IDEAL
48.6709066344108,17.2587957810219,2.37374634876505,13.5016171327022,0.0769300665169498,0.302752742229106,2.22044604925031e-16,1,SISTEM_SUDAH_IDEAL
45.6832249983371,1.13284282574241,5.5703422909931,1.42970177870858,0.080313840644785,0.0983844547898616,7.5775976887682e-06,1,SISTEM_SUDAH_IDEAL
33.8234080063187,27.9757721453487,9.88482760888672,1.39337143329201,0.0831312625948836,0.21704003631219,1.11022302462516e-16,1,SISTEM_SUDAH_IDEAL
8.71940681654375,0.0894207370461897,1.23206793311207,0,0.265592203595898,0.457066759644078,0.000733313992880347,1,SISTEM_SUDAH_IDEAL
8.31422990238999,17.1501415189442,5.67418096662031,6.22245235102137,0.168875267185168,2.38833264300191,2.22044604925031e-16,1,SISTEM_SUDAH_IDEAL
37.9832942951787,3.31478793106076,7.35379113426457,0.122047912143808,0.0825286133052155,0.160718061712258,2.29292540510073e-09,1,SISTEM_SUDAH_IDEAL
26.7569166849082,13.9221246628201,5.94426366456259,1.33433460610295,0.0850325324830977,0.217520009255808,2.22044604925031e-16,1,SISTEM_SUDAH_IDEAL
49.260616945443,10.9553354940524,2.75456276846007,10.6036741359758,0.0770069293428287,0.298312754475514,2.22044604925031e-16,1,SISTEM_SUDAH_IDEAL
16.4977854876401,26.634533703728,7.7576698629106,3.5262277659651,0.0865246489173097,1.87519906319586,1.11022302462516e-16,1,SISTEM_SUDAH_IDEAL
11.6837632627299,19.5185383537143,0.318599506815475,36.152706532562,0.173644037915024,1.42959114113772,2.22044604925031e-16,1,TURUNKAN_KP_ATAU_NAIKKAN_KD
48.8557521275418,3.44376949586046,1.42388931175171,21.6586516470416,0.0775032140305841,0.454698718571227,1.70151321920997e-08,1,TURUNKAN_KP_ATAU_NAIKKAN_KD
36.0568710170922,9.83704168588187,6.77924508280039,0.560384422334614,0.0827214122971559,0.156689342715366,1.11022302462516e-16,1,SISTEM_SUDAH_IDEAL
5.18676211266464,16.7960604328781,1.22771456408427,23.8336150198078,0.276377548846926,3.3435389150862,0,1,TURUNKAN_KP_ATAU_NAIKKAN_KD
12.6452252074581,17.105256028599,0.0888307749038331,42.86913498197,0.167492134576123,1.39103628668986,1.11022302462516e-16,1,TURUNKAN_KP_ATAU_NAIKKAN_KD
23.5231725300416,8.82132748017561,2.59340512504394,4.01068929867145,0.112406540624324,0.497579337227855,1.11022302462516e-16,1,SISTEM_SUDAH_IDEAL
26.0739407462216,15.0319740003552,0.645575461107393,24.3434488558928,0.1211005109426,0.906478295050918,1.11022302462516e-16,1,TURUNKAN_KP_ATAU_NAIKKAN_KD
24.3415400578574,24.5789128263433,6.5966458586482,2.32282517804601,0.0852449439619384,1.2895464850769,1.11022302462516e-16,1,SISTEM_SUDAH_IDEAL
9.8075766747183,28.7661052821984,9.53934178116484,4.93336629378145,0.0867701006305744,3.56303201684239,0,1,SISTEM_SUDAH_IDEAL
45.4447907371756,11.4320811471511,6.41790536946351,0.770335942549449,0.0807044698351286,0.0988629755480325,2.22044604925031e-16,1,SISTEM_SUDAH_IDEAL
41.1157456964509,12.5088412380661,7.17819915086229,0.563537720650142,0.0818100991957274,0.11192508720794,1.11022302462516e-16,1,SISTEM_SUDAH_IDEAL
41.7151258717734,20.0818948929979,5.56997370091134,1.6501529928477,0.0809500739453318,0.0991638405830315,2.22044604925031e-16,1,SISTEM_SUDAH_IDEAL
48.0907709422732,26.8409360585808,1.25927187180508,26.4072944964371,0.0774176040379605,0.624155255313155,1.11022302462516e-16,1,TURUNKAN_KP_ATAU_NAIKKAN_KD
22.7607690027036,9.10101384653309,1.26961062995674,13.5470856087763,0.128815585477154,0.487122904965779,1.11022302462516e-16,1,SISTEM_SUDAH_IDEAL
16.1216173809848,11.081931547526,8.57049104582435,1.97872642911565,0.0863487352365862,0.559611043800854,0,1,SISTEM_SUDAH_IDEAL
9.14672178557368,2.97871789728585,0.176339361478262,20.0665401195081,0.226948963765689,1.74662717810054,2.22044604925031e-16,1,TURUNKAN_KP_ATAU_NAIKKAN_KD
39.9929770747781,7.6960562896729,3.59830535627407,5.3527364794465,0.0811539390493196,0.328194835077279,6.66133814775094e-16,1,SISTEM_SUDAH_IDEAL
40.5264811298624,16.9874193168429,7.82076127637895,0.760047924177476,0.0820421323184748,0.128885074475268,0,1,SISTEM_SUDAH_IDEAL
24.4902668524758,13.2469752325675,3.37946202659667,2.30986886692133,0.091415153051218,0.575596027345813,0,1,SISTEM_SUDAH_IDEAL
2.83909159233268,20.7702752334051,0.177216430195639,84.9295127047101,0.275507744894622,70.6592294218365,2.9777161800415e-05,1,TURUNKAN_KP_ATAU_NAIKKAN_KD
21.170921812781,26.441274980515,0.0148048219635522,52.1290603280281,0.131491593867531,1.53625398095114,1.11022302462516e-16,1,TURUNKAN_KP_ATAU_NAIKKAN_KD
25.1351388254372,22.6439118453772,6.75507394589837,2.07466350898882,0.0850147598015819,1.13992477341774,0,1,SISTEM_SUDAH_IDEAL
9.15508988242472,29.8806871477328,8.91461272468073,5.48163331505844,0.0872871140954398,3.64236538393482,0,1,SISTEM_SUDAH_IDEAL
34.8994111388255,3.06021279809089,8.71676760138154,0.130094830109106,0.0831873162503602,0.247821881806681,2.23950236133419e-09,1,SISTEM_SUDAH_IDEAL
45.5177248600299,27.1824477979501,5.67137187788172,2.28377452374389,0.0800230742851562,0.255557553130084,1.11022302462516e-16,1,SISTEM_SUDAH_IDEAL
20.5119109927473,3.01913995747123,5.43877261915072,0.456719937112293,0.087691213765405,0.408320553276033,5.57554002966754e-13,1,SISTEM_SUDAH_IDEAL
22.1092893786052,18.9163574548571,2.14493848847573,7.94452849502301,0.120634835123713,0.957284076753158,1.11022302462516e-16,1,SISTEM_SUDAH_IDEAL
32.0904793201568,29.0526134189155,6.9721320801581,1.80741164834404,0.0833010700204711,0.16988099703771,2.22044604925031e-16,1,SISTEM_SUDAH_IDEAL
44.3082490140794,27.8050739796034,9.45259661341963,0.965672825176234,0.0818343446245549,0.117734948046409,2.22044604925031e-16,1,SISTEM_SUDAH_IDEAL
25.9941173121808,5.34534132805814,8.2197383799948,0.512631747312575,0.0846715517797851,0.381872301392976,0,1,SISTEM_SUDAH_IDEAL
2.54545256226596,3.87469796075735,9.31924985726509,5.69087209139094,0.0886234960869591,11.2257535972671,7.04518887673089e-10,1,SISTEM_SUDAH_IDEAL
14.1453545044466,28.3228737562411,6.84337956696118,4.54367873996542,0.0878100052725817,1.84914848180869,2.22044604925031e-16,1,SISTEM_SUDAH_IDEAL
33.8073654958914,11.3009730035529,8.68100108144339,0.673454160754883,0.0832636083355965,0.231695113439848,2.22044604925031e-16,1,SISTEM_SUDAH_IDEAL
28.0270340907897,9.10120145642109,8.49239212502543,0.755260645180011,0.0842210540846172,0.324600384536343,2.22044604925031e-16,1,SISTEM_SUDAH_IDEAL
39.3278532866624,29.1188380009734,9.78248538362479,1.17345014929178,0.0824563128156492,0.165540129088675,2.22044604925031e-16,1,SISTEM_SUDAH_IDEAL
30.2633839840869,0.447828080820638,2.56933188866559,6.23203130272818,0.0881103766829939,0.364915871107042,8.93936540804496e-05,1,SISTEM_SUDAH_IDEAL
15.6025258207672,6.8186653509073,7.22564746397211,1.53630671970355,0.0874199571930641,0.596241783223447,2.22044604925031e-16,1,SISTEM_SUDAH_IDEAL
32.5569140463891,27.8875230344165,5.43995928012103,1.981046605168,0.0832229702722853,0.142792368417924,3.33066907387547e-16,1,SISTEM_SUDAH_IDEAL
22.1923614767019,19.2068913844746,2.20178775695063,7.65480717711524,0.119587070598105,0.965064892754002,1.11022302462516e-16,1,SISTEM_SUDAH_IDEAL
2.5751219271941,6.31363248185704,8.64189979521392,6.80452737827972,0.151226171281203,12.1087623333006,3.07323499981749e-10,1,SISTEM_SUDAH_IDEAL
5.64210312433658,28.9491593738413,4.03662686047436,12.9071099868957,0.2220139663287,4.12238728598591,2.22044604925031e-16,1,SISTEM_SUDAH_IDEAL
9.21845982209823,16.8851344235982,4.12363415956811,6.82306261738062,0.184477420407196,2.08284023932488,3.33066907387547e-16,1,SISTEM_SUDAH_IDEAL
39.5204086672312,2.31099741502539,0.27241042397339,43.0495327931628,0.095843847985048,0.86982539109473,8.07403772729032e-08,1,TURUNKAN_KP_ATAU_NAIKKAN_KD
42.1925968315636,3.62038411894858,9.52648032614723,0.104912174335414,0.0823042833232656,0.170753649628143,2.44879561073219e-09,1,SISTEM_SUDAH_IDEAL
30.7085089492597,7.90540875161558,6.96480313792193,0.589950248017956,0.0838926266308614,0.224269103636467,4.44089209850063e-16,1,SISTEM_SUDAH_IDEAL
26.4209529901411,18.8693747373543,6.2064446855114,1.73354938620847,0.0849375439757654,0.219188675895823,3.33066907387547e-16,1,SISTEM_SUDAH_IDEAL
36.1058114120678,1.35544924915199,8.05833653628697,0,0.08297267100221,0.202266341575977,7.46782348182151e-08,1,SISTEM_SUDAH_IDEAL
19.8223466683704,4.95040577411005,8.97292371505978,0.751385051767595,0.0855538340909193,0.572119330260689,1.11022302462516e-16,1,SISTEM_SUDAH_IDEAL
44.717010245023,25.3520868770789,5.97013420458004,1.70025460148717,0.0804065994076174,0.0984980842743312,2.22044604925031e-16,1,SISTEM_SUDAH_IDEAL
20.9871013302252,16.7111612385612,5.43889672531406,2.28693753566045,0.0872250964267825,1.37764487829354,0,1,SISTEM_SUDAH_IDEAL
36.0240566181655,11.1837148377682,2.40191837064525,10.834167589045,0.0841659159316267,0.376453775477406,1.11022302462516e-16,1,SISTEM_SUDAH_IDEAL
33.5402855920365,1.10037114410201,3.85584471826328,2.40531701413764,0.083961725807563,0.240001800284569,1.27417118833684e-06,1,SISTEM_SUDAH_IDEAL
39.2530058082621,10.3044130529189,5.66017894805739,0.707624236620275,0.0817432759042221,0.104669417501661,0,1,SISTEM_SUDAH_IDEAL
16.0130826828876,29.7924531259434,0.273238155546928,42.1027576719952,0.146748513098346,1.22036222478667,4.44089209850063e-16,1,TURUNKAN_KP_ATAU_NAIKKAN_KD
13.7269325317462,15.0701142662751,3.69673416350885,4.35985403421388,0.150750541222391,1.85144425802346,0,1,SISTEM_SUDAH_IDEAL
11.1968944974244,11.5914805060228,8.04266302704389,3.17676307539732,0.0877617981392114,2.90170393726606,1.11022302462516e-16,1,SISTEM_SUDAH_IDEAL
39.3313053077148,19.6624034165221,3.57425647861171,6.11129771505778,0.0811437261488384,0.383221313092987,1.11022302462516e-16,1,SISTEM_SUDAH_IDEAL
17.050814469478,1.58099450078695,8.62861819984242,0.26509640062431,0.0862544161204776,0.762137495774807,1.68082459062191e-09,1,SISTEM_SUDAH_IDEAL
3.79253432712083,20.538149395315,5.73586786503551,10.6494476703181,0.262259788727086,7.42058932872504,1.11022302462516e-16,1,SISTEM_SUDAH_IDEAL
21.6476186605122,14.5857366296467,6.78526901403821,1.79597255145776,0.0860152791306069,0.341987451351732,1.11022302462516e-16,1,SISTEM_SUDAH_IDEAL
10.260583036083,11.0483299810835,7.59893325457266,3.48042957368695,0.0884140324584422,3.00057731680669,1.11022302462516e-16,1,SISTEM_SUDAH_IDEAL
5.35006835982982,19.173961574547,7.55558816830872,7.19642857899196,0.135375292018555,6.14594108038389,2.22044604925031e-16,1,SISTEM_SUDAH_IDEAL
32.4102178084039,20.052512842325,5.92286578456206,1.39892944289803,0.0833686511271629,0.157968819453656,0,1,SISTEM_SUDAH_IDEAL
37.1158902459597,13.9224131423703,1.43579039409972,21.0972206354539,0.0862968662257992,0.35995527330915,2.22044604925031e-16,1,TURUNKAN_KP_ATAU_NAIKKAN_KD
16.0358475951036,25.4354633050303,6.57817837547213,3.86854069658074,0.0875572701813587,1.81037151050813,0,1,SISTEM_SUDAH_IDEAL
19.5478943678069,27.5103927175142,5.27602820110203,3.69071835134345,0.0877244744955792,1.47428052602242,2.22044604925031e-16,1,SISTEM_SUDAH_IDEAL
8.0452573550698,20.7904342403153,7.83406062244504,5.66529243274025,0.0885968674463217,4.03591490657105,2.22044604925031e-16,1,SISTEM_SUDAH_IDEAL
42.4225040805679,13.7187738800874,0.889598964414292,31.3113923876382,0.0838156013366527,0.665658575355564,4.44089209850063e-16,1,TURUNKAN_KP_ATAU_NAIKKAN_KD
6.88120690598438,17.1395366117035,6.23537993803067,6.7843000287833,0.173935327034758,4.18668497700747,2.22044604925031e-16,1,SISTEM_SUDAH_IDEAL
34.9577092322705,12.4719341499218,1.38733938512893,20.6349288583003,0.0887481211112391,0.369235260027641,1.11022302462516e-16,1,TURUNKAN_KP_ATAU_NAIKKAN_KD
15.6047865373565,21.3706643903692,2.12451123542242,7.65075383357212,0.148077731334793,1.28919079617483,0,1,SISTEM_SUDAH_IDEAL
36.7902390265892,11.6802620949101,0.211026452451152,45.1025637458242,0.101287942327217,1.10813295351438,2.22044604925031e-16,1,TURUNKAN_KP_ATAU_NAIKKAN_KD
32.6415030627865,19.0307407617578,7.1842891399409,1.21371362441856,0.083328191239022,0.182183773400571,0,1,SISTEM_SUDAH_IDEAL
40.1808564945959,20.4260187458886,2.76987210338959,10.2644804470087,0.0809854935039377,0.375871701734635,1.11022302462516e-16,1,SISTEM_SUDAH_IDEAL
32.822918369903,22.943409885041,2.91975170031319,7.64907229930509,0.0848045877895478,0.492430367003507,1.11022302462516e-16,1,SISTEM_SUDAH_IDEAL
41.0245518997223,2.33167203346643,9.08880291218051,0.0432726359368196,0.0823885019762254,0.174806734686219,8.74318821786346e-08,1,SISTEM_SUDAH_IDEAL
49.9837052203087,12.5639567124302,2.65910252363841,11.2830667468451,0.0766031966023582,0.29701908952991,2.22044604925031e-16,1,SISTEM_SUDAH_IDEAL
13.0982472738681,10.2034320623484,7.88580620895968,2.4955443334336,0.087460845995427,2.64641699313344,2.22044604925031e-16,1,SISTEM_SUDAH_IDEAL
31.9257883771594,22.417030627727,9.03188107072676,1.31808145106265,0.0834310403815825,0.232592325207833,2.22044604925031e-16,1,SISTEM_SUDAH_IDEAL
50.0985374596878,29.3163128433429,4.75982780187232,4.46468790577388,0.0781857867185247,0.334353565855365,2.22044604925031e-16,1,SISTEM_SUDAH_IDEAL
23.9867379001262,2.05827334102313,3.04732602231328,1.46818487989937,0.104841709796042,0.178863246375927,4.64093807828192e-09,1,SISTEM_SUDAH_IDEAL
46.2547974595768,20.5851753614466,2.8638211739023,10.4826677233811,0.0781020206911128,0.340065995462018,0,1,SISTEM_SUDAH_IDEAL
21.7952499874416,11.0222499064441,5.00261132442041,1.57364368943134,0.0875480385919839,0.271820358532157,0,1,SISTEM_SUDAH_IDEAL
7.98057826138919,13.4272722000231,9.1474198076434,4.30184331989309,0.0875538611302221,3.231563688478,2.22044604925031e-16,1,SISTEM_SUDAH_IDEAL
4.53851500232017,11.1636881997263,0.525077700623241,31.8937405561816,0.309838986616827,2.44088731785762,1.11022302462516e-16,1,TURUNKAN_KP_ATAU_NAIKKAN_KD
41.2182325787343,24.151526528953,8.43049560542643,0.993512358478421,0.0820164204970403,0.128386714561679,0,1,SISTEM_SUDAH_IDEAL
33.201563629699,28.8311554901538,5.97839184699337,1.86818413415186,0.0830197225571852,0.145250328402363,2.22044604925031e-16,1,SISTEM_SUDAH_IDEAL
44.0193794836094,1.57297140881543,0.231907493713693,45.4803513965859,0.0871672266270844,0.84683846426151,3.18987168124174e-07,1,TURUNKAN_KP_ATAU_NAIKKAN_KD
10.3612518498348,17.3318210915675,7.71259514209255,4.32843703701606,0.0881785104097213,2.56133838729568,2.22044604925031e-16,1,SISTEM_SUDAH_IDEAL
43.7045589507683,2.42575469855419,8.50041327113211,0.0381127145295146,0.0819081298269074,0.127999081651848,9.39483615347569e-08,1,SISTEM_SUDAH_IDEAL
46.6212947877794,16.128746654356,0.526547692834164,39.7854501248031,0.0812703957386998,0.662506912024611,0,1,TURUNKAN_KP_ATAU_NAIKKAN_KD
44.4400770412033,4.79546569290783,7.95751833737044,0.147916721218855,0.0816178551094904,0.0999818725091257,1.13817621993917e-10,1,SISTEM_SUDAH_IDEAL
15.4648608051366,19.5745153025503,8.74288349574697,2.95083216398708,0.0862809710442897,2.20012498256665,0,1,SISTEM_SUDAH_IDEAL
7.36911992216688,26.0805526686855,8.62284055740482,6.07234914020824,0.0879386818898684,4.03767441067835,2.22044604925031e-16,1,SISTEM_SUDAH_IDEAL
37.4762445531031,20.0251695044187,9.31688848460916,0.938432240231801,0.0827103035155212,0.184519228496674,4.44089209850063e-16,1,SISTEM_SUDAH_IDEAL
19.7517957755341,13.3221407451927,2.17390247815687,5.78486752494545,0.132254724717279,1.04232408532551,1.11022302462516e-16,1,SISTEM_SUDAH_IDEAL
39.9443336143977,26.1009888240568,7.26231006582979,1.19840289241189,0.0818764218597166,0.114055929702442,1.11022302462516e-16,1,SISTEM_SUDAH_IDEAL
6.55299321614106,2.8372299920174,0.936685217536664,5.26958675072438,0.3195165079648,3.10187860771844,2.22044604925031e-16,1,SISTEM_SUDAH_IDEAL
9.8575798336696,13.2740798156316,3.18537437186829,6.30790571654638,0.190877084449862,2.07259024691936,0,1,SISTEM_SUDAH_IDEAL
32.311030985637,22.2383401645885,3.32796662684399,5.47106591155753,0.0845053410167065,0.524192901989355,0,1,SISTEM_SUDAH_IDEAL
40.9582001980628,7.58867161770706,6.13676328698064,0.36625815680611,0.0815469520008039,0.0998950162009848,1.11022302462516e-15,1,SISTEM_SUDAH_IDEAL
42.9272059995499,5.37191675399256,5.04528396529485,2.03581719128201,0.0806365962512708,0.20369705575933,1.11790576795556e-11,1,SISTEM_SUDAH_IDEAL
35.6756958252327,6.92460022389328,8.07886068797486,0.37518565196244,0.0829820926861602,0.195252620218031,2.22044604925031e-16,1,SISTEM_SUDAH_IDEAL
29.0448990467329,29.3538021830039,8.88329589689442,1.84868468259622,0.0837957483261931,0.243215621943836,1.11022302462516e-16,1,SISTEM_SUDAH_IDEAL
38.292407220072,26.4978280091254,3.26172069809761,7.71695704014947,0.081501722105525,0.431897936470032,3.33066907387547e-16,1,SISTEM_SUDAH_IDEAL
36.2564028719872,13.895711013433,7.39966551362106,0.764633743638665,0.0827192561144037,0.163497510284924,1.11022302462516e-16,1,SISTEM_SUDAH_IDEAL
28.1624767096044,12.3472491366594,0.604253133078446,27.3241738262576,0.116742086909794,0.856104120630037,3.33066907387547e-16,1,TURUNKAN_KP_ATAU_NAIKKAN_KD
25.1191604014699,15.4703097031912,5.17553727147229,1.69940618832698,0.0859950195997523,0.198220565057703,3.33066907387547e-16,1,SISTEM_SUDAH_IDEAL
25.414295953795,12.6698582794845,6.5497470402901,1.28326127274756,0.085176674223078,0.276409029852002,1.11022302462516e-16,1,SISTEM_SUDAH_IDEAL
36.143943682042,19.980764443061,4.93628983140624,1.72541566521092,0.0822965609407283,0.117506429411114,3.33066907387547e-16,1,SISTEM_SUDAH_IDEAL
4.90596201885442,24.2999370212721,3.954367422716,13.193350867553,0.256575574047522,5.59984033283316,1.11022302462516e-16,1,SISTEM_SUDAH_IDEAL
18.7050927507037,9.44501409456768,4.09903370379728,1.85668062173237,0.112518804051542,0.285882867235096,1.11022302462516e-16,1,SISTEM_SUDAH_IDEAL
25.8687005033418,8.48214607416934,4.7488023065565,0.949018777023825,0.0862477509040532,0.192144478714388,2.22044604925031e-16,1,SISTEM_SUDAH_IDEAL
1.53012865053772,4.16347261318099,1.18842590362698,27.3148090518726,0.725629718531415,9.61895470623354,1.11022302462516e-16,1,TURUNKAN_KP_ATAU_NAIKKAN_KD
25.6502248324665,28.1673424694581,3.56677871254105,3.9321730936986,0.0875641214859739,0.998111758759679,1.11022302462516e-16,1,SISTEM_SUDAH_IDEAL
47.2101441283972,9.13873481412367,2.24911544821688,13.7950281980866,0.0778582780654292,0.299972632772056,4.44089209850063e-16,1,SISTEM_SUDAH_IDEAL
5.54061973153817,18.1302556971479,5.55532111117176,8.63697454612118,0.228874620970762,4.14145166030956,4.44089209850063e-16,1,SISTEM_SUDAH_IDEAL
30.3369307996,23.7802857981895,0.209244789994072,41.4987221765279,0.112333633844695,1.23836186970415,2.22044604925031e-16,1,TURUNKAN_KP_ATAU_NAIKKAN_KD
49.5365325388221,2.60629951679961,9.00475022133565,0.0281701222141884,0.0813256420376169,0.0996239114960806,1.07460963683081e-07,1,SISTEM_SUDAH_IDEAL
12.0048643747202,24.27791913783,6.15092815530707,5.17961033813064,0.103058596240305,1.97031599776963,2.22044604925031e-16,1,SISTEM_SUDAH_IDEAL
14.0605258783865,19.5272395332832,8.86882776633388,3.21567381806174,0.0864822129501156,2.32476613105778,1.11022302462516e-16,1,SISTEM_SUDAH_IDEAL
19.1433525350279,26.0575470998128,9.12901988261426,2.73475982783982,0.0853778096370219,1.83591639240322,0,1,SISTEM_SUDAH_IDEAL
45.6553745407305,26.4147785295636,2.15967070292113,15.8894907590747,0.0782013285118873,0.3358796935026,2.22044604925031e-16,1,SISTEM_SUDAH_IDEAL
0.8103306346606,2.76038597950798,7.19364664091803,9.86443115819109,0.872292927443844,38.1068111710977,2.29069116681746e-05,1,SISTEM_SUDAH_IDEAL
15.5190759255156,6.39221291982783,1.17141339912237,9.37379284540669,0.160047027309001,0.701106242465788,2.22044604925031e-16,1,SISTEM_SUDAH_IDEAL
18.265180503481,9.98440470547111,6.08786018262868,1.75777532254906,0.0876249060076783,0.418351977940882,0,1,SISTEM_SUDAH_IDEAL
0.645585243460017,2.65601322392977,5.54977069777209,12.6988696255904,1.16540473250576,40.4148350973593,9.12739519455252e-05,1,SISTEM_SUDAH_IDEAL
48.5072933357205,22.9333347490287,3.48554322362583,7.81171207654208,0.0775635864738816,0.336849137532456,1.11022302462516e-16,1,SISTEM_SUDAH_IDEAL
45.9997740128499,28.411011605235,3.32315667683664,8.64663152632204,0.0782364906976094,0.364300459625202,1.11022302462516e-16,1,SISTEM_SUDAH_IDEAL
12.7305201291882,13.4607323115032,7.40191191192031,3.15784888649642,0.087917006680535,2.53553322790171,0,1,SISTEM_SUDAH_IDEAL
4.95738404395741,23.457245493459,2.70679011952769,17.1739654608536,0.265859697203562,4.90212719604342,2.22044604925031e-16,1,SISTEM_SUDAH_IDEAL
6.53072938041198,28.4744204993068,8.18688481400894,6.94169763396462,0.088500654512205,5.2484050296529,2.22044604925031e-16,1,SISTEM_SUDAH_IDEAL
6.42529739388195,21.9336188634547,2.39111193902064,15.2422573663938,0.24049715784418,2.67643824076776,0,1,SISTEM_SUDAH_IDEAL
5.68157331225718,6.92374043657564,8.17439375035938,4.5134553613061,0.102966800225059,4.37256755136319,2.22044604925031e-16,1,SISTEM_SUDAH_IDEAL
9.94938074272684,26.3484749861531,7.60348864278998,5.48212615934558,0.0882519488366483,2.15390843703586,3.33066907387547e-16,1,SISTEM_SUDAH_IDEAL
43.8661920086684,0.808755849536861,2.37345454859022,11.879201786018,0.0798272750828788,0.312469628109626,3.02226096619007e-05,1,SISTEM_SUDAH_IDEAL
20.6059969757361,12.3464118241344,2.3757601538478,4.77197864826968,0.126955821194028,0.908224809473521,1.11022302462516e-16,1,SISTEM_SUDAH_IDEAL
43.8978999562682,2.67256539214612,6.6583793394936,0.0605582310896802,0.0812304781844313,0.0995073357759284,5.45138438834414e-08,1,SISTEM_SUDAH_IDEAL
12.478699636599,3.36859131438846,6.02881276724862,1.24961065711291,0.120981634121846,0.769596901667852,0,1,SISTEM_SUDAH_IDEAL
48.5568051133544,22.3742843386865,1.12133629138516,28.0852749669423,0.0774616040380784,0.629975177700622,0,1,TURUNKAN_KP_ATAU_NAIKKAN_KD
8.88265657157613,9.70497805339138,0.868708899942625,13.3847317413836,0.225904806462596,1.74002099157488,2.22044604925031e-16,1,SISTEM_SUDAH_IDEAL
38.3562636912439,15.4582596730737,1.6726740343906,18.7363926808562,0.0842116285266512,0.359094633395022,3.33066907387547e-16,1,SISTEM_SUDAH_IDEAL
29.1336719525974,6.40969567776392,1.55618931808681,14.066051486724,0.105930061327349,0.397614299952758,0,1,SISTEM_SUDAH_IDEAL
30.0623060501873,8.745410399067,4.84783181055483,0.762026150888073,0.08457119439731,0.16660777985576,2.22044604925031e-16,1,SISTEM_SUDAH_IDEAL
10.1379676816373,2.97098341725933,3.06400101428166,1.85860338844082,0.224846073577859,0.621403149455157,1.11022302462516e-16,1,SISTEM_SUDAH_IDEAL
10.2351048832839,25.4091603422654,6.98103312772276,5.59580671659587,0.0888647370800224,2.1028981111309,1.11022302462516e-16,1,SISTEM_SUDAH_IDEAL
17.4594134146526,19.8183173824791,3.84380553703234,3.94195973170459,0.12010833176896,1.52100844075214,0,1,SISTEM_SUDAH_IDEAL
27.3324179696571,4.2079576193682,6.63146805726097,0.368403852862409,0.0847958729762161,0.291404862931464,1.63868918434673e-13,1,SISTEM_SUDAH_IDEAL
23.6044102027431,13.1545039395946,7.79340545625045,1.39416346384382,0.0851515838758691,0.353998993035638,3.33066907387547e-16,1,SISTEM_SUDAH_IDEAL
5.56315590355539,20.8425367037204,0.606006183395463,39.3430858735277,0.247199999350254,3.21455180825738,1.11022302462516e-16,1,TURUNKAN_KP_ATAU_NAIKKAN_KD
29.186508482981,11.2252021183541,3.59103601874912,2.44268455745544,0.0860865638228431,0.363684020581082,2.22044604925031e-16,1,SISTEM_SUDAH_IDEAL
35.9717104341427,20.937031636412,7.94959829368359,1.09869772550522,0.0827601710902599,0.168518855790334,0,1,SISTEM_SUDAH_IDEAL
29.3469428088705,13.6511310576144,1.88876613732231,12.1148396699061,0.0986030502490216,0.442620609521033,1.11022302462516e-16,1,SISTEM_SUDAH_IDEAL
8.38155377595708,26.3228839844902,4.27952648020333,9.17692303770574,0.179145768532865,2.91190629391287,2.22044604925031e-16,1,SISTEM_SUDAH_IDEAL
20.7034124819727,15.0115326400647,5.54812904896822,2.11933269699089,0.0872477817123121,1.32248802271399,0,1,SISTEM_SUDAH_IDEAL
21.4094019220357,23.810253144905,4.18207182518372,3.40421328969114,0.0887246927134513,1.2944523868607,2.22044604925031e-16,1,SISTEM_SUDAH_IDEAL
11.064639416382,19.5303571387347,9.30815738845006,3.88464757408706,0.0867872387788144,2.58215215528264,2.22044604925031e-16,1,SISTEM_SUDAH_IDEAL
10.1075644014544,23.818350999856,3.90883401892907,7.89645171694529,0.169576821710027,1.71692734225658,1.11022302462516e-16,1,SISTEM_SUDAH_IDEAL
25.192064416627,27.4003301623888,4.05492066875279,3.29204995255412,0.0869487607534163,1.0708554494117,1.11022302462516e-16,1,SISTEM_SUDAH_IDEAL
32.0837912015488,12.0189157755728,1.79643102280725,14.3842916096681,0.0906345580744415,0.392197240927607,2.22044604925031e-16,1,SISTEM_SUDAH_IDEAL
43.4184720617087,26.676052999282,5.09091316974713,2.98605993359391,0.0801695339776046,0.330023715208926,1.11022302462516e-16,1,SISTEM_SUDAH_IDEAL
11.5170091599389,27.8237495820608,2.00732365262043,12.5576686391882,0.16707690437356,1.19835192933784,3.33066907387547e-16,1,SISTEM_SUDAH_IDEAL
33.6810955999071,14.1096372949062,8.42512430869873,0.839779221943182,0.0832447503794036,0.215058190012208,3.33066907387547e-16,1,SISTEM_SUDAH_IDEAL
1.37280504096433,13.5415788007011,4.18900860874247,17.2262986424556,0.485218238002203,23.5245531020617,1.1662205356977e-07,1,SISTEM_SUDAH_IDEAL
2.44637680079168,27.7790035677998,9.63229805447554,8.39768798428009,0.0880742836692225,15.6868267094772,4.7351023768627e-08,1,SISTEM_SUDAH_IDEAL
11.9303294389173,11.1699016194159,6.59505214704983,3.1935966376073,0.0959083776884462,2.64141245919583,1.11022302462516e-16,1,SISTEM_SUDAH_IDEAL
15.3918792606047,27.9430282323425,1.87917254356343,11.3400012128553,0.147039339561735,1.09390830674258,0,1,SISTEM_SUDAH_IDEAL
35.7201990323165,3.11421075130272,3.12318878163819,5.87406069122809,0.0835024372144911,0.340679110835936,2.70102185062626e-09,1,SISTEM_SUDAH_IDEAL
39.5931300130302,4.33412527701984,3.1461384121706,6.88332391030679,0.0815219315200332,0.333281947187099,1.18689502670577e-10,1,SISTEM_SUDAH_IDEAL
38.4181128481579,8.9882162485551,6.37472091527795,0.463488947967239,0.0821532475862276,0.126695518405732,2.22044604925031e-16,1,SISTEM_SUDAH_IDEAL
36.4394112867328,21.3157580249479,6.64986553727907,1.18194315883655,0.0824609982069618,0.138248379483595,0,1,SISTEM_SUDAH_IDEAL
17.3241418179556,22.4217665979156,7.78581183050445,3.01264058151816,0.0863799234387959,1.91471866701218,3.33066907387547e-16,1,SISTEM_SUDAH_IDEAL
33.9567734569572,5.55218673800474,3.05050280196332,5.83914465138176,0.0844776737085649,0.359696733989686,5.57331958361829e-14,1,SISTEM_SUDAH_IDEAL
15.7990451712313,29.9477295817352,7.8579082826678,3.89672522813733,0.0865754510741061,1.84416092284456,0,1,SISTEM_SUDAH_IDEAL
35.1231539401495,25.0254735721294,3.65647959743805,5.21741573015586,0.0827889826054161,0.489568891516021,1.11022302462516e-16,1,SISTEM_SUDAH_IDEAL
41.5844117510109,23.0002733362286,6.47249421697554,1.09107106962159,0.0813296465248868,0.0996288169929864,1.11022302462516e-16,1,SISTEM_SUDAH_IDEAL
1.64504621606776,29.9861634026055,7.76821850880975,11.055670785173,0.17588847102736,27.2721896621191,6.59006735537204e-06,1,SISTEM_SUDAH_IDEAL
16.4729122303159,1.28353851486486,4.61976501265094,0.219227307044778,0.123577131729885,0.536950694075682,1.70334368831959e-08,1,SISTEM_SUDAH_IDEAL
28.7428600081048,15.8164140661236,2.5528989528839,7.22273794301154,0.0887338315359214,0.494122567904776,2.22044604925031e-16,1,SISTEM_SUDAH_IDEAL
40.5835469819807,22.6483269254901,7.08335819164872,1.04139432952728,0.0817490513663764,0.10683866962942,3.33066907387547e-16,1,SISTEM_SUDAH_IDEAL
41.1514607001591,9.99169106012334,4.8856477491204,2.26266264801167,0.0809781788524422,0.229873964551453,2.22044604925031e-16,1,SISTEM_SUDAH_IDEAL
49.150397251734,28.3496116410856,1.52519440640443,22.6842863192509,0.0764135448093287,0.438528773646438,0,1,TURUNKAN_KP_ATAU_NAIKKAN_KD
49.8323501068186,18.8101946665643,0.820828005873122,32.953537527641,0.0772223862457477,0.638863183659331,3.33066907387547e-16,1,TURUNKAN_KP_ATAU_NAIKKAN_KD
22.3900396455705,9.18180503135675,4.48694056593963,1.32614339121211,0.0880795169966067,0.23407256588436,1.11022302462516e-16,1,SISTEM_SUDAH_IDEAL
13.7181489552903,7.16462424293698,9.56796119164261,1.71867797352627,0.0863147035732676,0.75245288357929,2.22044604925031e-16,1,SISTEM_SUDAH_IDEAL
42.1121058599781,26.4635019519264,9.26712781797929,1.00664011527001,0.0820646929971291,0.135468581664377,1.11022302462516e-16,1,SISTEM_SUDAH_IDEAL
47.7642933380172,1.87563907783935,9.07780153517413,0.00191986827224877,0.0815618411080094,0.0999132553573115,5.63896245253659e-08,1,SISTEM_SUDAH_IDEAL
43.5285163262257,0.331530286998499,2.40952837651205,11.5565472900186,0.0799874492537453,0.314277122059724,0.000237760563664202,1,SISTEM_SUDAH_IDEAL
46.5989623624817,13.8052657427573,4.47747580336057,4.09464232943466,0.0791290331491413,0.295268264610755,2.22044604925031e-16,1,SISTEM_SUDAH_IDEAL
3.6766660877585,15.0873176216735,3.80775367843208,13.2935060069224,0.358866411772715,7.07505485335604,2.22044604925031e-16,1,SISTEM_SUDAH_IDEAL
17.5576467210135,0.197150072179735,7.69737587805167,0,0.0866683333708846,0.743080017905248,0.000303113563038027,1,SISTEM_SUDAH_IDEAL
48.6373686889719,10.9668279584891,4.34834607066363,4.48406159077364,0.0785018661137432,0.290924210855855,2.22044604925031e-16,1,SISTEM_SUDAH_IDEAL
43.6447320509799,2.71850022748435,9.58739951697185,0.0524264983267964,0.0821534373127416,0.15804557082881,4.59991198464849e-08,1,SISTEM_SUDAH_IDEAL
26.2932891440649,9.83171013533087,4.91006745661947,1.05965358427027,0.0859014053730127,0.191246788962563,4.44089209850063e-16,1,SISTEM_SUDAH_IDEAL
35.557586712031,5.72818312076399,5.62481465368325,0.329243485866071,0.0827686404819861,0.142266911769629,5.90638649100583e-14,1,SISTEM_SUDAH_IDEAL
30.9840606413362,4.56247224169647,9.52578823428784,0.296551783764598,0.0837201884375289,0.33180755451773,3.30180327523522e-13,1,SISTEM_SUDAH_IDEAL
10.5972048811543,26.2911522843218,2.32427102028282,11.4988726853652,0.173121582925356,1.32620681354319,0,1,SISTEM_SUDAH_IDEAL
23.0339435159764,27.1416993592821,5.86464625565668,2.84117101792964,0.0859599212237246,1.34978738616515,0,1,SISTEM_SUDAH_IDEAL
2.09084421122107,8.32172527499873,2.51372818977172,19.207447926463,0.557795089168607,10.4047175997404,2.22044604925031e-16,1,SISTEM_SUDAH_IDEAL
10.8429387187723,20.2839656889646,5.53315950222207,5.46874488305344,0.137762489606949,2.08595963647959,1.11022302462516e-16,1,SISTEM_SUDAH_IDEAL
10.2393706430795,29.583313238989,0.284507313137886,47.8544665395688,0.176599715075409,1.61104477296871,2.22044604925031e-16,1,TURUNKAN_KP_ATAU_NAIKKAN_KD
32.6291805036325,2.91680839301256,3.82758610734048,2.3274989522343,0.0843469838194114,0.24019021208188,2.14374740181711e-09,1,SISTEM_SUDAH_IDEAL
16.3165696126149,2.6875535832165,2.70708439334895,0.722302946801756,0.151671385614696,0.276332218630425,6.50590692430342e-14,1,SISTEM_SUDAH_IDEAL
44.9916444742737,20.3109685812809,4.98199280669477,3.11569889801231,0.0798025589679183,0.293278744287813,0,1,SISTEM_SUDAH_IDEAL
23.13764017786,16.5232678580832,3.30676505767733,2.84501494812635,0.0991898596576635,0.96446445435485,0,1,SISTEM_SUDAH_IDEAL
9.42611285076456,3.45454883759934,5.85895010510377,1.97525702334382,0.171978473186408,0.936958337666051,0,1,SISTEM_SUDAH_IDEAL
18.3169256786484,2.25984406947748,3.3060205074033,0.433000851954657,0.133209472227225,0.281061489080957,2.83839618475668e-11,1,SISTEM_SUDAH_IDEAL
29.806223995529,15.0552435655262,7.8129963837497,1.10188113207585,0.0839091160138661,0.247542292180732,0,1,SISTEM_SUDAH_IDEAL
41.269792104529,26.916492550142,5.69580707033678,1.68296820988219,0.0810060563531245,0.0992324190325775,1.11022302462516e-16,1,SISTEM_SUDAH_IDEAL
2.09984428346272,28.7245959479513,8.9938936967755,9.26295403773125,0.0887143838851483,18.6961824407123,3.1428891644758e-07,1,SISTEM_SUDAH_IDEAL
7.71710838107521,19.985222976333,0.576714482003525,32.1143753955129,0.218152620687161,1.62345827918533,2.22044604925031e-16,1,TURUNKAN_KP_ATAU_NAIKKAN_KD
43.5034569324184,17.0489106381767,3.10964173911133,8.66026716907,0.0794359330261059,0.352192328910367,2.22044604925031e-16,1,SISTEM_SUDAH_IDEAL
5.26866408059128,1.59580168855987,9.70070182053923,2.00213336516502,0.0877911407335631,6.14390362451514,0,1,SISTEM_SUDAH_IDEAL
4.8090973032941,19.6771120011148,3.70817370282665,12.9003157115345,0.285126412507455,4.80558152008344,2.22044604925031e-16,1,SISTEM_SUDAH_IDEAL
28.0239725199494,25.4817705291294,7.96043263509595,1.83168940954148,0.0840968992015611,0.241695609726328,1.11022302462516e-16,1,SISTEM_SUDAH_IDEAL
36.2626039850742,17.13746754128,3.85126670549,4.28414811139579,0.082413533248615,0.382209654258171,1.11022302462516e-16,1,SISTEM_SUDAH_IDEAL
43.9594821612249,22.3964794395123,0.676164885152745,37.1988499370236,0.0829394347958972,0.681355853357034,1.11022302462516e-16,1,TURUNKAN_KP_ATAU_NAIKKAN_KD
2.16223664137993,25.5496169448284,5.86979491987596,13.1206314414394,0.279149345208583,16.452195550388,3.72471331555602e-09,1,SISTEM_SUDAH_IDEAL
33.1504462559557,17.639351868953,2.5762114939072,9.27865702796398,0.085464338610226,0.434535178106503,0,1,SISTEM_SUDAH_IDEAL
34.1243936116407,26.8574206326445,3.81128997241942,4.5376940972448,0.0830974208502273,0.556750638919993,0,1,SISTEM_SUDAH_IDEAL
15.8169621388605,4.73238609531862,6.7091807580288,1.12689155673269,0.0878603570338387,0.612834704989591,1.11022302462516e-16,1,SISTEM_SUDAH_IDEAL
26.6859188541289,24.3280825838375,5.14934937996716,2.33008845552225,0.0852709362707846,1.01804620286639,1.11022302462516e-16,1,SISTEM_SUDAH_IDEAL
9.52920252475584,23.3554703979023,9.04951512121792,4.79735670416093,0.0871989053873062,2.45601960469007,2.22044604925031e-16,1,SISTEM_SUDAH_IDEAL
28.2851682230702,17.9929743942784,6.1991104510749,1.51472605191549,0.0844509622671296,0.195366748442297,4.44089209850063e-16,1,SISTEM_SUDAH_IDEAL
32.6268636064288,3.95896912105239,2.51545807376491,8.0398231947888,0.0864543060801899,0.373034779531342,2.71147548858153e-11,1,SISTEM_SUDAH_IDEAL
34.6434812203485,11.437825950982,5.59233584682646,0.756868394901322,0.082917969656665,0.143754444150122,0,1,SISTEM_SUDAH_IDEAL
9.96847572589155,23.5435629253726,6.20492026929818,5.93576360400456,0.123389455408252,2.08330724061708,2.22044604925031e-16,1,SISTEM_SUDAH_IDEAL
11.5823070197553,2.67451657213961,9.81866218444884,0.997845797743602,0.0865898366941477,1.09466261069221,3.33066907387547e-16,1,SISTEM_SUDAH_IDEAL
32.4563296383792,21.7681765620333,6.14780211831587,1.47273000113228,0.0833214845368,0.159891070308113,3.33066907387547e-16,1,SISTEM_SUDAH_IDEAL
48.9156913040657,7.52133162333665,2.81078026490065,10.0491710616447,0.0772677579047748,0.297167882395391,1.84519066692701e-13,1,SISTEM_SUDAH_IDEAL
27.6100038045814,28.6725275019929,2.51832977333545,8.27886571616996,0.0907543950613189,0.764371770346074,0,1,SISTEM_SUDAH_IDEAL
27.0099199583822,17.4852096074379,4.83676304619146,1.77092492757962,0.0855203245507778,0.177396775937592,2.22044604925031e-16,1,SISTEM_SUDAH_IDEAL
24.1726425277744,8.74692243309305,1.81598673246493,8.45903729123927,0.119496550928272,0.486921165449779,2.22044604925031e-16,1,SISTEM_SUDAH_IDEAL
11.737526414614,14.650429316298,6.64511147380049,3.81251081465614,0.0932727722652124,2.47135385034789,2.22044604925031e-16,1,SISTEM_SUDAH_IDEAL
2.20176015870411,28.5155650914555,4.45706663762886,17.0536146624815,0.29770840520415,17.8289836666526,8.54184056819918e-10,1,SISTEM_SUDAH_IDEAL
21.6197992584784,22.4272667407329,2.45066151402353,6.67911832384314,0.117927662763687,1.06190903118031,0,1,SISTEM_SUDAH_IDEAL
37.2419483100866,8.53869469891968,0.613848615021387,34.5723822313565,0.095586841452965,0.732277960280397,0,1,TURUNKAN_KP_ATAU_NAIKKAN_KD
30.7382477594785,11.3565548585752,8.18756047436945,0.804713590553341,0.0837617896925073,0.260717534267311,0,1,SISTEM_SUDAH_IDEAL
2.63594351234281,26.4819031930233,0.810836184616291,57.4234615488949,0.288118243759272,35.5051340786161,1.5137635811513e-08,1,TURUNKAN_KP_ATAU_NAIKKAN_KD
41.9139637296601,20.9010369771347,6.03339354155016,1.13586614113019,0.08110216903623,0.0993501570693818,2.22044604925031e-16,1,SISTEM_SUDAH_IDEAL
25.7858329061914,7.43406560666034,7.0422265401032,0.752277689164726,0.0849931869083699,0.322452756142878,0,1,SISTEM_SUDAH_IDEAL
27.4362014285251,26.4476009461206,1.3455579462257,18.3279972523833,0.109359053928524,0.46817684575583,0,1,SISTEM_SUDAH_IDEAL
43.5411192013301,29.4265941932609,3.6998113605012,6.90709595898065,0.0793166179880823,0.387332309178122,1.11022302462516e-16,1,SISTEM_SUDAH_IDEAL
9.82214903381269,14.5159834969042,4.38065313395902,5.66754727781829,0.178396989309011,2.24403800748035,1.11022302462516e-16,1,SISTEM_SUDAH_IDEAL
8.0795651846347,27.7049694357731,4.19895604491265,9.81958125854407,0.181303789056824,2.87125014157648,1.11022302462516e-16,1,SISTEM_SUDAH_IDEAL
33.0631228669171,12.5861645054219,9.35488670881963,0.756332153712669,0.0833659296463701,0.25750117470468,0,1,SISTEM_SUDAH_IDEAL
35.7198354393531,28.5769010520464,9.15369324916661,1.35815796449998,0.0828456029580372,0.183593576157681,0,1,SISTEM_SUDAH_IDEAL
9.23387098033769,20.0557406067158,0.965257469379318,21.1768316898848,0.19940054435414,1.12001733023051,0,1,TURUNKAN_KP_ATAU_NAIKKAN_KD
49.309065273298,22.3106994296891,2.13358052024118,15.7705647564096,0.0764185892714109,0.298748722111712,4.44089209850063e-16,1,SISTEM_SUDAH_IDEAL
30.9695061610507,10.0679516437992,6.32607427495149,0.760762767648004,0.0838644529280585,0.188685067460321,1.11022302462516e-16,1,SISTEM_SUDAH_IDEAL
25.8878447820762,23.6075463120021,5.02610098376772,2.39351721895509,0.0856602613720793,1.05989534025714,2.22044604925031e-16,1,SISTEM_SUDAH_IDEAL
8.32681163951179,15.2238663499018,8.22813514749783,4.69800296448533,0.0882219403344282,2.9155964066498,0,1,SISTEM_SUDAH_IDEAL
21.5409534123409,4.73055327686658,6.74891412766388,0.662297449877602,0.086223517149064,0.434276099860066,2.22044604925031e-16,1,SISTEM_SUDAH_IDEAL
13.931538605334,11.2435809311342,3.96795234377106,3.30362675445246,0.14893510653898,1.99629561416666,0,1,SISTEM_SUDAH_IDEAL
6.70580846488082,28.9867713900138,9.61158982324749,6.10198537977384,0.0872788725358795,4.11684560143634,2.22044604925031e-16,1,SISTEM_SUDAH_IDEAL
0.800512993568231,15.2809531455759,1.9508815769089,60.8782743993526,0.285478380520247,149.950876189247,0.151884244345033,1,TURUNKAN_KP_ATAU_NAIKKAN_KD
42.751010288127,25.5864945713576,5.74296676437598,1.76922257647947,0.0807066366605897,0.0988656299092223,0,1,SISTEM_SUDAH_IDEAL
15.9478158982346,11.6026168714374,7.64807871260106,2.17202526829856,0.0869403997331046,2.07653306552371,0,1,SISTEM_SUDAH_IDEAL
34.1217063553605,3.75910512589608,6.19836689869938,0.198171759229537,0.083194277824433,0.16845348974627,1.06304742786278e-10,1,SISTEM_SUDAH_IDEAL
34.4832979022544,22.8084327117739,2.27134262193788,12.4990184497326,0.0851193667090682,0.41732920942325,0,1,SISTEM_SUDAH_IDEAL
11.3147082782235,0.450480031562327,5.85330014952555,0.0150970697637698,0.147822265102904,1.08129256488829,4.47590177810042e-07,1,SISTEM_SUDAH_IDEAL
36.7386834980795,25.9366535051295,0.788445843642719,33.6243449375861,0.0919027531640497,0.758081175522095,1.11022302462516e-16,1,TURUNKAN_KP_ATAU_NAIKKAN_KD
21.7301939618364,24.1436784601681,5.09565851709297,3.01815417206468,0.0871636273918652,1.36805802333647,2.22044604925031e-16,1,SISTEM_SUDAH_IDEAL
20.3496499626581,13.9708472957768,3.68571729440786,2.4515020629555,0.108217550938263,1.20408081165613,2.22044604925031e-16,1,SISTEM_SUDAH_IDEAL
28.2017081386366,16.570579188667,1.82624396258865,12.3058779791066,0.102986581394847,0.46990329011604,0,1,SISTEM_SUDAH_IDEAL
33.7454442307959,19.2718208941377,8.16300355496536,1.1135595950382,0.0831655274392105,0.193683871006735,3.33066907387547e-16,1,SISTEM_SUDAH_IDEAL
13.3484424227227,23.9750246950041,3.11439069304906,6.99689469970524,0.152397281816381,1.47986263603796,2.22044604925031e-16,1,SISTEM_SUDAH_IDEAL
35.8641831483984,27.3977493491699,7.03561213989326,1.47155628055511,0.0825638090518706,0.144212876656439,0,1,SISTEM_SUDAH_IDEAL
4.44451989531583,15.2351375016988,7.76181861915856,7.23986587971046,0.149828797183903,7.2365207467728,1.11022302462516e-16,1,SISTEM_SUDAH_IDEAL
25.2625212429913,1.75601391878845,6.67995746918695,0.114852968959633,0.0853374094767863,0.368302615486265,3.3110109320944e-08,1,SISTEM_SUDAH_IDEAL
20.5839164616687,0.0314466451634576,6.74279897244377,0,0.0864317758085188,0.527207689069928,0.00149911163247096,1,SISTEM_SUDAH_IDEAL
23.1691245860568,28.729831257179,3.86580800832656,3.87714033350033,0.0883018591419768,1.15016900238958,0,1,SISTEM_SUDAH_IDEAL
13.1088017381835,6.2423688134595,6.34650999066336,1.91681274848949,0.0967082832296031,0.655289469975857,1.11022302462516e-16,1,SISTEM_SUDAH_IDEAL
17.8170113304771,4.06110762694819,2.16726990881595,2.47225573537393,0.145953889600933,0.473042952657419,3.33066907387547e-16,1,SISTEM_SUDAH_IDEAL
30.4046542214905,13.3140501726381,4.80427079547772,1.16953568403744,0.0843734029091415,0.159622496692653,3.33066907387547e-16,1,SISTEM_SUDAH_IDEAL
44.4498093512627,0.377978118465001,5.78491267018092,0.969949770186163,0.0807094836114612,0.09886911742404,0.00019803243624561,1,SISTEM_SUDAH_IDEAL
3.42196857545981,8.77341424450811,4.87009769309304,9.67217829183731,0.437016724789365,7.81904973313465,2.22044604925031e-16,1,SISTEM_SUDAH_IDEAL
8.91104456436569,14.8816128375414,6.21845443987454,5.19281618834617,0.147146058122097,2.59818651995348,1.11022302462516e-16,1,SISTEM_SUDAH_IDEAL
36.6987894925653,29.6356729956289,4.02041307363706,4.6558225771997,0.0819161549017015,0.513368532969689,0,1,SISTEM_SUDAH_IDEAL
44.3280669470453,5.71088113921593,6.66796377954064,0.21607947447182,0.0811147746285415,0.0993655989199633,5.91970916730133e-12,1,SISTEM_SUDAH_IDEAL
24.5694678337861,14.0965033757762,3.84858825774983,1.90497954405537,0.0880027882992909,0.178299105870672,0,1,SISTEM_SUDAH_IDEAL
7.4721304576943,24.5166938041076,1.10309095593223,25.5047982431126,0.215128915530782,1.89069631931182,0,1,TURUNKAN_KP_ATAU_NAIKKAN_KD
40.8767717359714,24.6120641577806,2.68209070444725,11.279149215267,0.0805576719831152,0.377419055861331,0,1,SISTEM_SUDAH_IDEAL
4.94022522629217,16.7094595961053,8.31541135420718,6.7106410282608,0.0917664571729231,6.82205248610547,2.22044604925031e-16,1,SISTEM_SUDAH_IDEAL
33.9485402129331,7.65541426017844,2.7345608042984,7.64602667344467,0.0849481287045261,0.376801518035473,4.44089209850063e-16,1,SISTEM_SUDAH_IDEAL
13.9401531483873,21.7888123927806,7.49991131994052,3.7702496572048,0.0873910700647103,2.11861004439063,2.22044604925031e-16,1,SISTEM_SUDAH_IDEAL
17.6927479081489,28.6119063601484,9.51614773247174,3.05812396369989,0.085451788176567,1.91322822569389,2.22044604925031e-16,1,SISTEM_SUDAH_IDEAL
30.0964558441159,21.4980557370564,8.96795599783199,1.38466733627036,0.0837123344150505,0.255750539846673,2.22044604925031e-16,1,SISTEM_SUDAH_IDEAL
5.81158598934067,13.0452351051142,8.44348138959054,5.58852975897091,0.0886360008209357,5.50101121528206,0,1,SISTEM_SUDAH_IDEAL
31.5850748123663,24.607443236623,0.731807902636861,31.2356521258903,0.105396138365279,0.83113678503812,1.11022302462516e-16,1,TURUNKAN_KP_ATAU_NAIKKAN_KD
49.0882169568761,21.5923357499587,9.66511243819021,0.65218606975288,0.0814176983018692,0.0997366804197898,1.11022302462516e-16,1,SISTEM_SUDAH_IDEAL
17.4982503011892,17.9378754602909,4.83223857244696,3.23134353637224,0.0991788621511986,1.6731707855845,2.22044604925031e-16,1,SISTEM_SUDAH_IDEAL
41.6369074034812,2.14190044524272,4.64272478330982,2.43782342577619,0.0808895909895965,0.233325011325078,1.41318134527779e-07,1,SISTEM_SUDAH_IDEAL
10.5215003388673,20.9634094140402,7.31938975629464,4.83654267780029,0.0884754993745464,2.31448631077871,2.22044604925031e-16,1,SISTEM_SUDAH_IDEAL
4.12318912594382,11.9637974378661,9.22518957160074,6.17829168901223,0.0882840050331714,6.39864081786026,2.1094237467878e-14,1,SISTEM_SUDAH_IDEAL
21.923317401137,7.11951340496473,2.28835092659149,4.6317332098248,0.124118753048103,0.508949012258707,0,1,SISTEM_SUDAH_IDEAL
13.6686022846283,24.301921679551,4.439332306696,5.54123765055752,0.132875400428807,1.67424198307924,0,1,SISTEM_SUDAH_IDEAL
45.6072415245063,13.3579736427923,4.14108552872667,4.82711216356952,0.0791979736464439,0.309405421248913,0,1,SISTEM_SUDAH_IDEAL
29.6192200107106,13.3171430537001,0.730207489230876,27.0460034524895,0.112079107888059,0.826021686336755,0,1,TURUNKAN_KP_ATAU_NAIKKAN_KD
22.5171055824922,27.2312771237396,5.01179872605538,3.19021502450232,0.0868798258997661,1.30464990788585,2.22044604925031e-16,1,SISTEM_SUDAH_IDEAL
8.40637923403003,5.77218859888172,5.28491165219295,3.45624773799913,0.210703638667026,3.48255434800536,2.22044604925031e-16,1,SISTEM_SUDAH_IDEAL
45.8102196665773,1.07409280746337,1.63791525738257,18.8160321437743,0.0793371807429633,0.451126253645781,1.02447167692477e-05,1,SISTEM_SUDAH_IDEAL
7.89259649396384,14.6521794634643,3.81019967305729,7.59463843988528,0.225985172227964,2.21250082658365,0,1,SISTEM_SUDAH_IDEAL
38.6502016312017,4.22794347500781,6.70325452816781,0.174577064908243,0.0822512351963343,0.136581612459558,1.06578523784151e-10,1,SISTEM_SUDAH_IDEAL
28.8554531423281,24.5704541011437,6.07294181875134,1.93984150767121,0.0842198567522963,0.18076701716821,2.22044604925031e-16,1,SISTEM_SUDAH_IDEAL
36.6382455453119,22.3130647280381,6.19258105759917,1.27343395239286,0.0823142220061958,0.127743338825228,2.22044604925031e-16,1,SISTEM_SUDAH_IDEAL
12.5033189559816,4.34478685047818,4.85612406762987,1.65867149363419,0.154527459263323,0.636763609211976,1.11022302462516e-16,1,SISTEM_SUDAH_IDEAL
19.3387923886792,1.42925236015782,0.332035377337756,27.0882387223542,0.14582070105486,0.905262069029913,2.83881884666215e-08,1,TURUNKAN_KP_ATAU_NAIKKAN_KD
31.6591273167585,9.28317659849473,1.8769854859014,13.0234408485016,0.0911714003244885,0.391478771773187,2.22044604925031e-16,1,SISTEM_SUDAH_IDEAL
38.3926855392952,18.3233040876289,7.19971759442682,0.917586638387347,0.0822346372326958,0.13464835872,0,1,SISTEM_SUDAH_IDEAL
29.8033210066608,21.6839655172507,9.08790018129771,1.4066310225584,0.0837470007668985,0.261543550546524,2.22044604925031e-16,1,SISTEM_SUDAH_IDEAL
6.45391584504503,22.8004831432429,0.886410045594993,30.8832681110346,0.232246332618239,2.5840963684318,4.44089209850063e-16,1,TURUNKAN_KP_ATAU_NAIKKAN_KD
34.235622549832,27.2733311998924,1.54180699704253,20.3540135682347,0.0879051543544052,0.387766360194902,3.33066907387547e-16,1,TURUNKAN_KP_ATAU_NAIKKAN_KD
47.0614029041004,28.2453612328033,4.36477384919841,5.11394934116227,0.0786478914251456,0.357928140345263,0,1,SISTEM_SUDAH_IDEAL
12.3951508409877,2.14366713375776,8.53744451053445,0.747296641647233,0.0872419789237756,1.01085562063384,6.66133814775094e-16,1,SISTEM_SUDAH_IDEAL
29.836940940818,17.2741351527607,3.5198947217544,3.43523638008039,0.0856808591872754,0.497619757827284,3.33066907387547e-16,1,SISTEM_SUDAH_IDEAL
43.3313251491415,2.03205331474122,2.01058081136178,14.8509391450181,0.0804221991573283,0.31711820880429,1.75703327887078e-07,1,SISTEM_SUDAH_IDEAL
45.5141775040722,5.7783362704568,1.3113956046125,23.48538497874,0.0799664752592321,0.466734614128969,9.78639391746583e-12,1,TURUNKAN_KP_ATAU_NAIKKAN_KD
38.852347400398,21.4096986643458,4.69051625226746,2.83851968421078,0.081392653391825,0.335635876700591,0,1,SISTEM_SUDAH_IDEAL
17.9611836928153,4.05270368353729,1.12119586540205,11.6167876520347,0.149662630419162,0.549475500126375,0,1,SISTEM_SUDAH_IDEAL
24.2315593799124,27.777036814537,2.2615217575412,9.12098795251155,0.108395132221836,0.891714679466525,2.22044604925031e-16,1,SISTEM_SUDAH_IDEAL
4.57346483029618,15.2121505927467,3.00965820747886,13.762146116027,0.327168250400269,4.91843824462168,1.11022302462516e-16,1,SISTEM_SUDAH_IDEAL
38.8479651893037,0.221241300839046,2.51136038871563,9.90464785190919,0.0825413827462156,0.338400742132086,0.000377466654310821,1,SISTEM_SUDAH_IDEAL
33.36061981468,5.8817476476443,9.93618297929835,0.342009196206439,0.0833827496063232,0.293316021152463,3.10862446895044e-15,1,SISTEM_SUDAH_IDEAL
37.9091091108427,9.85402573881225,5.41215638773957,0.786868678392416,0.082035951069416,0.114739400303034,2.22044604925031e-16,1,SISTEM_SUDAH_IDEAL
24.0173625113597,6.50309462692866,7.93501876325457,0.725382643655448,0.0851100334204584,0.401860263986214,2.22044604925031e-16,1,SISTEM_SUDAH_IDEAL
32.0107150528868,22.9371144317971,7.39808810923049,1.45018518657425,0.083405253019787,0.186297535934356,0,1,SISTEM_SUDAH_IDEAL
6.45821850814257,20.5207589561749,7.4728305525984,6.68786257078822,0.11842049453609,4.31378877743412,1.11022302462516e-16,1,SISTEM_SUDAH_IDEAL
18.0042337670213,5.71847148583569,5.74387534977124,1.1305323063562,0.0881865565866433,0.464798485459918,0,1,SISTEM_SUDAH_IDEAL
13.2174799188425,11.7519219384183,3.21041898187102,4.04006126807868,0.16203583595444,1.92331913934439,3.33066907387547e-16,1,SISTEM_SUDAH_IDEAL
13.6071580078709,0.140916955800288,3.1285409600122,0,0.16996144817967,0.54958038656343,0.000460541656540858,1,SISTEM_SUDAH_IDEAL
33.1545862766749,15.2076891300847,8.7813235233513,0.908933970365289,0.0833231224421698,0.231208649460398,2.22044604925031e-16,1,SISTEM_SUDAH_IDEAL
3.90546224270668,28.9318023615075,1.32912177316686,36.4182534340017,0.260371569756941,7.13503057380022,2.22044604925031e-16,1,TURUNKAN_KP_ATAU_NAIKKAN_KD
29.9473301984004,11.3595283076817,3.98129338988191,1.76229100343763,0.0852090219051056,0.153186090337045,1.11022302462516e-16,1,SISTEM_SUDAH_IDEAL
39.5127409320082,16.1498897676294,4.5339700162456,3.03462520212485,0.0812494484219981,0.304115832668293,1.11022302462516e-16,1,SISTEM_SUDAH_IDEAL
0.811495750179536,9.54740280487851,2.73013814931621,25.4379501474765,0.619095333247821,43.5572129505846,4.02124764273815e-05,1,TURUNKAN_KP_ATAU_NAIKKAN_KD
20.1957442030461,6.89972803982659,6.8343410797785,1.06274537933546,0.0864928175971557,0.44539874567317,0,1,SISTEM_SUDAH_IDEAL
18.3249382722562,5.77989752489246,1.20571978740183,11.4613331226485,0.147063977443805,0.566463099423006,3.33066907387547e-16,1,SISTEM_SUDAH_IDEAL
32.6866495243036,9.36221192384631,0.702775438381827,29.7156121104313,0.105543640218803,0.761909366091101,1.11022302462516e-16,1,TURUNKAN_KP_ATAU_NAIKKAN_KD
32.5979322522873,25.4669465220706,1.01329730365657,26.9981336183944,0.0994316385195432,0.789767597957011,1.11022302462516e-16,1,TURUNKAN_KP_ATAU_NAIKKAN_KD
17.2180028602213,6.34890879991368,0.912057553944259,14.9668552350911,0.152257159804661,0.578126810380102,2.22044604925031e-16,1,SISTEM_SUDAH_IDEAL
12.7308596077535,6.21073655560734,6.16053958036529,2.01018126163244,0.109444796471816,2.13269041325835,3.33066907387547e-16,1,SISTEM_SUDAH_IDEAL
44.6924367727238,21.492356230327,8.65220518336758,0.782262916480359,0.0816337941054714,0.100100148517432,1.11022302462516e-16,1,SISTEM_SUDAH_IDEAL
42.0124382721602,0.587022076962956,3.31242558670126,6.37879446507408,0.0804862334585185,0.305256343430939,7.53884966649965e-05,1,SISTEM_SUDAH_IDEAL
2.91267010338874,20.1793654584345,2.38080712227418,23.3941124406686,0.33868236339544,9.04373920380403,3.33066907387547e-16,1,TURUNKAN_KP_ATAU_NAIKKAN_KD
23.8467338342303,1.65250291306607,8.40480892270333,0.117568726870543,0.085062820827267,0.486420814084764,3.45178057248319e-08,1,SISTEM_SUDAH_IDEAL
30.0937479188704,8.38359458457446,9.65043499870172,0.600778994306239,0.083796257381364,0.327299334035036,0,1,SISTEM_SUDAH_IDEAL
4.48669419632156,1.40697206124949,6.17625005425071,2.68424728232695,0.445285426457806,7.06735922162448,1.11022302462516e-16,1,SISTEM_SUDAH_IDEAL
48.5252557818742,3.78997700447311,3.71404553560904,5.9262505382399,0.0781407806106608,0.291163417049064,6.5239580404608e-09,1,SISTEM_SUDAH_IDEAL
13.7833538071846,3.87365768313653,3.85986667144619,1.34940206764214,0.158538608691418,0.499615809630561,0,1,SISTEM_SUDAH_IDEAL
15.75966459049,25.6385585354688,7.93154534299324,3.55662578077713,0.0865990093753191,1.95205299960485,0,1,SISTEM_SUDAH_IDEAL
31.286996470793,16.5635642811079,2.36431467336164,9.79753729737443,0.0874262221062789,0.450783868547771,0,1,SISTEM_SUDAH_IDEAL
11.9614583950039,9.1735788492213,2.23640624935272,4.46135792618065,0.178082005838859,1.94584672033174,0,1,SISTEM_SUDAH_IDEAL
8.14683036385196,26.7137777568986,7.76151382149576,6.23682705819186,0.0885552483604956,3.72967316769285,2.22044604925031e-16,1,SISTEM_SUDAH_IDEAL
44.0721915424602,24.0150781109359,0.834072840154204,33.9742300598472,0.0819845724862497,0.676439910351884,1.11022302462516e-16,1,TURUNKAN_KP_ATAU_NAIKKAN_KD
8.24979550809705,0.785167808005042,3.22413033166944,0.581820167829461,0.316234643291915,1.009608993056,2.66153876715691e-09,1,SISTEM_SUDAH_IDEAL
10.3348353444752,15.8219605489702,0.339120648704672,31.4493812815307,0.192026066582309,1.47462311943583,0,1,TURUNKAN_KP_ATAU_NAIKKAN_KD
7.97822668821018,18.116420091022,5.79206734409944,6.5130850503714,0.168781688391098,3.62310775969223,0,1,SISTEM_SUDAH_IDEAL
27.1175682903492,28.6861769641456,6.30891974275875,2.34237482217072,0.08455401879481,1.12157205643422,0,1,SISTEM_SUDAH_IDEAL
30.1054263967206,1.43853873420728,2.25661574667083,8.16241225478194,0.0914696233151263,0.378914117404953,2.44774574609252e-07,1,SISTEM_SUDAH_IDEAL
18.013119309957,22.0782993663049,5.27982628690948,3.469634085676,0.0884488668584366,1.63152292318279,2.22044604925031e-16,1,SISTEM_SUDAH_IDEAL
35.581591232273,14.8691268327475,7.94067388360081,0.820737691927209,0.0828935126671692,0.180042482117032,2.22044604925031e-16,1,SISTEM_SUDAH_IDEAL
10.4369026897279,28.2554648797374,6.56391859086547,6.03457812998069,0.101122444352608,1.9496093830871,0,1,SISTEM_SUDAH_IDEAL
12.2673906661088,8.38427699586681,0.944807454545847,11.9070326341851,0.178472579709231,1.6503794792345,0,1,SISTEM_SUDAH_IDEAL
34.1174402674401,27.9316350901454,5.72839065167678,1.81004336058512,0.0827858076183265,0.135891213440532,2.22044604925031e-16,1,SISTEM_SUDAH_IDEAL
45.6367922175809,19.1376768678773,9.72121147472502,0.652946953699218,0.0818201120961256,0.118936799545254,0,1,SISTEM_SUDAH_IDEAL
31.967651523422,24.0246046056944,8.79359377074558,1.40116262667083,0.0834096351508286,0.221137820569285,0,1,SISTEM_SUDAH_IDEAL
47.9394036054332,9.31749122558026,6.04425199970256,1.40298857016468,0.0800223346111585,0.0980273598986692,0,1,SISTEM_SUDAH_IDEAL
13.8117178730094,2.19130109256091,1.45238188204951,3.75834356902351,0.172280148874386,0.58963413885504,2.36255459640233e-13,1,SISTEM_SUDAH_IDEAL
16.3758000716832,16.5637440049808,1.77655137417789,8.21478913761302,0.14856440646572,1.29676974873796,1.11022302462516e-16,1,SISTEM_SUDAH_IDEAL
27.8954997416174,19.9402298110564,5.43764827517915,1.79091653930075,0.0847958100685333,0.180185013665909,2.22044604925031e-16,1,SISTEM_SUDAH_IDEAL
44.0019218409922,2.43150151780865,0.271868596555096,44.4641847814595,0.0867760703386412,0.842441829268713,9.8645960733279e-08,1,TURUNKAN_KP_ATAU_NAIKKAN_KD
32.9593237981464,5.11851307796009,4.86418453986136,0.442478065676499,0.0836273539080288,0.150584350413464,1.57873714101697e-13,1,SISTEM_SUDAH_IDEAL
29.4631355052343,9.42032162997692,3.58196330942059,2.43225828860816,0.0860067097792871,0.336801046857559,2.22044604925031e-16,1,SISTEM_SUDAH_IDEAL
48.7433459816738,3.4659150635994,8.9539585571189,0.0648532163220139,0.0813940713450288,0.0997077373976603,1.47046446130616e-08,1,SISTEM_SUDAH_IDEAL
42.3252254514019,3.64732694324461,1.5213794800045,20.0917451619873,0.0819787835731722,0.461570377751122,2.72049294203214e-09,1,TURUNKAN_KP_ATAU_NAIKKAN_KD
37.71587154747,5.30201117327343,5.96345125075862,0.260565250486966,0.0822745163709253,0.129230183043896,1.20747856158232e-12,1,SISTEM_SUDAH_IDEAL
23.0679092203528,23.4117987942763,7.67904995004465,2.23990653041344,0.0851640058720095,1.43021831113843,2.22044604925031e-16,1,SISTEM_SUDAH_IDEAL
28.0967606816285,26.0926858952706,2.21178324963311,10.3500631238205,0.0950515135561693,0.608220521386398,2.22044604925031e-16,1,SISTEM_SUDAH_IDEAL
40.5773203856882,4.3269033493092,5.7476389319773,0.564631768240198,0.0815431675713853,0.099890380274947,1.57319268723199e-10,1,SISTEM_SUDAH_IDEAL
19.2880584114426,19.5181315658062,5.47164267082746,2.87219688917246,0.0877567511751446,1.58946968850581,0,1,SISTEM_SUDAH_IDEAL
19.2455648666308,4.58254866652805,2.2682773502773,2.97094782764473,0.137797897298797,0.471630085788474,0,1,SISTEM_SUDAH_IDEAL
15.8384006830324,3.26628352152837,3.49496946359205,0.901556434859563,0.147013428728629,0.386743638584096,0,1,SISTEM_SUDAH_IDEAL
18.7703581990955,8.63754329210783,9.37159981706975,1.30137234704832,0.0855420142514558,0.553165057715554,1.11022302462516e-16,1,SISTEM_SUDAH_IDEAL
49.2534840273864,27.4449095030448,2.65867123961061,12.2738671551081,0.0765479693183,0.323648574849649,0,1,SISTEM_SUDAH_IDEAL
3.59320751706557,10.091628816273,8.84381263567481,6.49518098654642,0.0887818673409887,9.36148584454617,2.07056594092592e-13,1,SISTEM_SUDAH_IDEAL
0.505982786469361,4.42080600137662,2.88475533296929,23.5572489328121,0.970191466489825,53.631457356235,0.000130098757360697,1,TURUNKAN_KP_ATAU_NAIKKAN_KD
6.73266402938818,1.23032615905168,9.02145840364098,1.18752040627921,0.0880582933195008,1.8811646726453,2.22044604925031e-16,1,SISTEM_SUDAH_IDEAL
48.3494531620716,12.7288193708714,1.54364451822796,21.0727506108046,0.0774037541514727,0.444132496630357,1.11022302462516e-16,1,TURUNKAN_KP_ATAU_NAIKKAN_KD
49.571116153586,20.9576504722099,6.84233912322645,1.1055129225211,0.0801053924514266,0.0981291057529976,2.22044604925031e-16,1,SISTEM_SUDAH_IDEAL
19.9199982475734,29.7265471746327,9.09935919982959,2.84497224930751,0.0852166142903173,1.74227838623396,3.33066907387547e-16,1,SISTEM_SUDAH_IDEAL
7.40626045798193,13.0257816464958,4.0750360803096,7.27251062116419,0.242236662131516,2.41958408719382,2.22044604925031e-16,1,SISTEM_SUDAH_IDEAL
47.0808083956978,11.8125714126272,7.98848191331671,0.405159782932629,0.0811759782547697,0.0994405733620929,2.22044604925031e-16,1,SISTEM_SUDAH_IDEAL
0.234454432962078,15.6354377972214,7.11388216739196,999,999,999,1,0,TURUNKAN_KP_DAN_KI
11.2102010515967,8.66214757524566,8.03563792361635,2.67268839628441,0.0878065629904049,3.08089827446139,2.22044604925031e-16,1,SISTEM_SUDAH_IDEAL
44.8196073574461,24.348430278099,6.58575021118623,1.07858541244721,0.0807419151503953,0.0989088460592342,2.22044604925031e-16,1,SISTEM_SUDAH_IDEAL
49.4621917232985,20.1973533311523,2.02280688462745,16.5753047817484,0.0763808392068533,0.296598086773619,0,1,SISTEM_SUDAH_IDEAL
7.32840018648374,6.03692924350384,0.991110534787245,9.10349016187213,0.268541592642721,2.32185687385249,0,1,SISTEM_SUDAH_IDEAL
31.2657650971205,20.3882878043115,3.19840897561084,5.50179560840538,0.085313245470639,0.522536612375837,0,1,SISTEM_SUDAH_IDEAL
9.21569010305108,27.3964819394211,1.16409018305998,23.0864164917177,0.187057682226976,1.67928889163106,3.33066907387547e-16,1,TURUNKAN_KP_ATAU_NAIKKAN_KD
48.8368737048765,6.20296202316155,9.16375195954243,0.16834136359043,0.0814255778728658,0.0997463328942605,6.46971365370064e-12,1,SISTEM_SUDAH_IDEAL
33.5538831147028,6.73575453574048,1.51127587028637,17.535721676091,0.0917682582785704,0.372793631123203,0,1,SISTEM_SUDAH_IDEAL
35.9723646727169,2.94952412317157,5.60492820204268,0.120043569150674,0.082702741499288,0.141081942669639,5.03546448982206e-09,1,SISTEM_SUDAH_IDEAL
26.4103242995253,6.57372992048943,6.66982894633407,0.645369980369837,0.0849763665478771,0.296007701919733,1.11022302462516e-16,1,SISTEM_SUDAH_IDEAL
22.7072917859133,14.7110982609849,4.67756279567489,1.96377373495953,0.0875101112554347,0.214757826479361,0,1,SISTEM_SUDAH_IDEAL
38.7935939619522,10.878601247866,7.15388698787909,0.538781513231279,0.0822437107710822,0.137836720038382,6.66133814775094e-16,1,SISTEM_SUDAH_IDEAL
7.96649346893923,14.9575536918786,1.96601954363515,11.2408919494867,0.232208538642881,1.7176793503781,0,1,SISTEM_SUDAH_IDEAL
9.25577256383326,20.3155954923053,8.9707135326272,4.64920373545543,0.0873457013746167,2.613438514423,2.22044604925031e-16,1,SISTEM_SUDAH_IDEAL
30.2129231730958,7.7962462350106,5.82424613184727,0.625705591538117,0.0841894898069124,0.186063259944255,1.11022302462516e-16,1,SISTEM_SUDAH_IDEAL
23.9479312164032,26.0495604467985,6.75782512833393,2.44552494223245,0.0852569006302673,1.3465576626575,0,1,SISTEM_SUDAH_IDEAL
30.4716201819312,26.4069607400325,8.05728673518518,1.67310690404929,0.0836379262149301,0.211310289313072,4.44089209850063e-16,1,SISTEM_SUDAH_IDEAL
30.0514846862554,5.5519903197998,9.31739290030928,0.396933097090457,0.0838558628013295,0.336617986639774,6.66133814775094e-16,1,SISTEM_SUDAH_IDEAL
33.0889234312455,20.8222151521375,8.04169457998211,1.2326631000918,0.0832519523318222,0.194145937718298,2.22044604925031e-16,1,SISTEM_SUDAH_IDEAL
19.0836803012603,7.49567872072727,3.28499362616491,1.58052527251145,0.125786110879063,0.226842528721609,0,1,SISTEM_SUDAH_IDEAL
49.0111518799064,7.35769809576424,3.92729253559456,5.48632384886931,0.0780924581126683,0.292332067039013,2.91100477056716e-13,1,SISTEM_SUDAH_IDEAL
1.42385387206535,23.263591959299,4.44425870170952,17.9807272151845,0.35665972769935,31.9642118341719,7.2824851460318e-07,1,SISTEM_SUDAH_IDEAL
5.94528607797319,29.9123357991959,6.78992440949416,8.54611406123345,0.145168319885313,4.96521384243907,1.11022302462516e-16,1,SISTEM_SUDAH_IDEAL
22.2057452679257,4.58202323402767,3.11320955859251,1.08756859111736,0.112242503356026,0.187194026490473,1.11022302462516e-16,1,SISTEM_SUDAH_IDEAL
26.7944968200792,12.9461301888121,8.91385937647135,1.09052490716506,0.0843189987801645,0.335775825057471,0,1,SISTEM_SUDAH_IDEAL
7.71996904056115,15.2407813921632,7.25320237044492,5.38569544801526,0.117593886784553,2.8118597483702,2.22044604925031e-16,1,SISTEM_SUDAH_IDEAL
36.4703996314482,24.2031169144939,6.92049586173913,1.29813568532535,0.0824660235489956,0.140237237942658,0,1,SISTEM_SUDAH_IDEAL
27.2023320667837,3.94615881838701,4.45551003647405,0.371398675888868,0.0861053059481304,0.182468597031991,8.26227974926041e-13,1,SISTEM_SUDAH_IDEAL
24.6794378488408,20.9659264017324,5.27404830958646,2.24514841260168,0.0859592999607242,1.10719115799057,0,1,SISTEM_SUDAH_IDEAL
11.3913594645873,14.2874831206869,0.435812183615684,27.3207496660293,0.182280696281776,1.46877121090749,2.22044604925031e-16,1,TURUNKAN_KP_ATAU_NAIKKAN_KD
40.7750172393012,5.99467323416045,5.23147170389373,1.40197161275779,0.0812809918285469,0.09956921498997,4.72066830070617e-13,1,SISTEM_SUDAH_IDEAL
36.5194290197675,1.74745459178311,4.21029869361248,2.3353992211814,0.0825763416643584,0.230604852277193,2.01094598306639e-07,1,SISTEM_SUDAH_IDEAL
4.07914732739913,15.4060146890005,5.65985869879654,9.54334994424801,0.290498156914803,6.48748266142375,0,1,SISTEM_SUDAH_IDEAL
14.7823719506905,26.0575272997278,7.3616451432673,3.99262951880694,0.0872217192185814,1.93478494819018,3.33066907387547e-16,1,SISTEM_SUDAH_IDEAL
33.2699579941063,28.8607172430819,8.8788218698784,1.52849167539619,0.0831686758138354,0.197161684745572,0,1,SISTEM_SUDAH_IDEAL
46.5209407803151,21.3809742308525,0.832957105545633,33.5568058052405,0.0798551292655742,0.658151535919419,0,1,TURUNKAN_KP_ATAU_NAIKKAN_KD
12.819704937327,10.4425226851317,8.96580979447077,2.45303995143018,0.0867725304092997,2.79696433916218,1.11022302462516e-16,1,SISTEM_SUDAH_IDEAL
36.045745080035,7.82736082691207,1.28225966785145,21.9240476715611,0.0884740121473232,0.507963350315031,1.11022302462516e-16,1,TURUNKAN_KP_ATAU_NAIKKAN_KD
38.0584823455135,24.1440679286254,2.64001371680688,10.9633213103985,0.0821344696011084,0.393029129420923,0,1,SISTEM_SUDAH_IDEAL
40.0993305836001,12.885998988797,8.88153523635276,0.568158264857321,0.0823746947105781,0.162519607861689,1.11022302462516e-16,1,SISTEM_SUDAH_IDEAL
39.0219496467601,7.94557710666403,2.09137808768685,13.8506467568289,0.0829037356022186,0.352547328129398,0,1,SISTEM_SUDAH_IDEAL
18.8988083567523,23.9770325775803,2.42855250127378,6.7141962138394,0.129256004544345,1.17636377025069,2.22044604925031e-16,1,SISTEM_SUDAH_IDEAL
39.0436811980121,8.36444335478854,5.17827463469486,1.29050128188117,0.0816963105409146,0.102268024210969,3.33066907387547e-16,1,SISTEM_SUDAH_IDEAL
13.2978669997522,18.5637816041436,4.15897046243634,4.94709708316514,0.144936164297234,1.82720693709631,3.33066907387547e-16,1,SISTEM_SUDAH_IDEAL
16.0227175210528,9.01529357954585,4.63315168521619,2.15315099657922,0.121292557396651,1.63573651626552,0,1,SISTEM_SUDAH_IDEAL
41.2183216092705,13.4791897273598,9.5774240509206,0.555941269507998,0.082341390926022,0.166098525753567,6.66133814775094e-16,1,SISTEM_SUDAH_IDEAL
22.52223285671,2.07570774217519,1.91142533454786,5.93720922158327,0.127272680436,0.446172432527557,2.19155449343589e-09,1,SISTEM_SUDAH_IDEAL
27.9581230799692,28.4125653109812,6.15027132911575,2.26118207722739,0.0843783510594086,1.0468781643807,1.11022302462516e-16,1,SISTEM_SUDAH_IDEAL
40.785556463435,16.937405978461,5.37843628947936,1.66552115607002,0.0811500870915631,0.0994088566871648,3.33066907387547e-16,1,SISTEM_SUDAH_IDEAL
0.550578381584343,8.66308859849429,6.54967458597502,12.6326099545963,0.593659381177218,76.5383961732338,0.00247906536629894,1,SISTEM_SUDAH_IDEAL
43.6903809682259,21.3876896747299,7.34041689570734,0.870604412220577,0.0813230836948452,0.0996207775261854,2.22044604925031e-16,1,SISTEM_SUDAH_IDEAL
37.7926062468542,1.87827129819058,7.78434207849824,0.0291705435954137,0.0826527166451833,0.17607559545268,1.74670620634032e-07,1,SISTEM_SUDAH_IDEAL
0.931612926476777,10.4848212628826,6.67894710891239,12.1002128133072,0.47130048768462,37.9382552340954,4.29434296722597e-05,1,SISTEM_SUDAH_IDEAL
29.229075364737,23.8084379122983,0.801216611055029,27.572842274089,0.110478099348852,0.861734938586768,4.44089209850063e-16,1,TURUNKAN_KP_ATAU_NAIKKAN_KD
3.89441320050609,14.9811576434135,1.74937121968803,21.6790126244726,0.337867724425752,5.24094072199309,2.22044604925031e-16,1,TURUNKAN_KP_ATAU_NAIKKAN_KD
4.51739575121493,6.36783944954007,5.52381101584165,6.54706593554049,0.378677043156341,6.1842311736008,2.22044604925031e-16,1,SISTEM_SUDAH_IDEAL
4.53509254320135,2.28367559046004,9.39895296819805,2.98441335897599,0.0881688448632594,7.33939046189684,3.33066907387547e-16,1,SISTEM_SUDAH_IDEAL
25.5046636280659,29.5007724850592,7.19127880107855,2.41460549942705,0.0846957933354778,1.28418882119839,0,1,SISTEM_SUDAH_IDEAL
35.7575014194462,8.81755620478179,9.45053239167154,0.468759580543177,0.0830457488753315,0.235869347520771,0,1,SISTEM_SUDAH_IDEAL
20.3869460344863,2.98370445965853,0.402281777519917,26.640660401754,0.141549697094072,0.928047520128656,1.35402800083284e-12,1,TURUNKAN_KP_ATAU_NAIKKAN_KD
19.85546475893,17.9358399186785,0.110087160484458,43.7768251994473,0.137761489519516,1.07438039489954,2.22044604925031e-16,1,TURUNKAN_KP_ATAU_NAIKKAN_KD
15.1222911349535,10.42464928466,6.88187715273119,2.24852626181624,0.0877973931654641,2.14734176686767,2.22044604925031e-16,1,SISTEM_SUDAH_IDEAL
16.9395277443871,3.80480909890167,5.3303289760562,0.85849263593043,0.0966910461805436,0.50662477979974,2.22044604925031e-16,1,SISTEM_SUDAH_IDEAL
45.3123526223592,8.4819267914753,5.27606654189931,2.12197833715928,0.080105156306194,0.212563672535276,1.11022302462516e-15,1,SISTEM_SUDAH_IDEAL
39.8399233637338,9.1364735992188,0.145847343360254,48.3024499787602,0.0960528638914371,1.0582568903218,1.11022302462516e-16,1,TURUNKAN_KP_ATAU_NAIKKAN_KD
37.3485900616817,8.54438566130708,9.27989041877507,0.420396869378159,0.0828301132235069,0.207083977927368,0,1,SISTEM_SUDAH_IDEAL
0.389265515778125,14.1548099804293,1.37733860192508,999,999,999,1,0,TURUNKAN_KP_DAN_KI
14.3845814966601,16.1445326564108,3.37508011294507,4.54598754446887,0.148788408054139,1.71752223595936,2.22044604925031e-16,1,SISTEM_SUDAH_IDEAL
40.7850757852861,15.6989160018517,1.86109141957647,17.2517741961673,0.0818790467741746,0.349323547501232,1.11022302462516e-16,1,SISTEM_SUDAH_IDEAL
44.1227394500424,1.66842158940395,5.37498012546654,1.51552092293494,0.0805620241251712,0.0986884795533347,4.92164492493785e-08,1,SISTEM_SUDAH_IDEAL
31.6732977481874,26.4142763906051,7.54161904780638,1.63928872670329,0.0834266486645767,0.187114602546419,1.11022302462516e-16,1,SISTEM_SUDAH_IDEAL
18.7994630968616,25.4064259082395,4.93554414835701,3.78141226451045,0.088566571322719,1.5006441475582,0,1,SISTEM_SUDAH_IDEAL
6.69456995432961,13.8304221857084,1.15334743346172,17.4719956913368,0.255409576278774,2.19297013639611,1.11022302462516e-16,1,SISTEM_SUDAH_IDEAL
14.4836106439751,12.1545203914377,0.70084505940165,18.8569806635707,0.162576102632755,1.37198635994523,2.22044604925031e-16,1,SISTEM_SUDAH_IDEAL
19.6360083741915,22.9483046170852,9.34837761670829,2.4293919591259,0.0852561595921103,1.83303126845743,1.11022302462516e-16,1,SISTEM_SUDAH_IDEAL
47.0359780259573,9.3031976190336,6.47692942398235,0.827444982066416,0.0804668393372252,0.0985718781881009,2.22044604925031e-16,1,SISTEM_SUDAH_IDEAL
46.0585826321737,19.3822417528066,1.83454897515353,18.4195909073769,0.0783640702244951,0.403262444964147,3.33066907387547e-16,1,SISTEM_SUDAH_IDEAL
42.6001350187344,29.3510849479053,3.24915403309183,8.69963281869928,0.0795398921743973,0.386908253145295,0,1,SISTEM_SUDAH_IDEAL
12.8205205930171,17.0586164141533,7.3294392635278,3.62018161902264,0.0879032753880754,2.35371835774096,2.22044604925031e-16,1,SISTEM_SUDAH_IDEAL
31.5657697948366,0.825246105982829,2.95785256273785,4.91554543533388,0.0861931741534088,0.342898726159435,8.10059208633529e-06,1,SISTEM_SUDAH_IDEAL
6.14726697051005,4.31100494344678,7.3289587757949,3.52723605012268,0.169087070155853,4.89522298638786,0,1,SISTEM_SUDAH_IDEAL
23.1559541903193,16.0093636507728,2.89170134419899,3.93386358344203,0.106924350898843,0.893514531571416,1.11022302462516e-16,1,SISTEM_SUDAH_IDEAL
42.1179547750618,4.75502044690603,0.229276694863186,45.7492109659987,0.0902076529040322,1.00668434060896,7.7709616519428e-11,1,TURUNKAN_KP_ATAU_NAIKKAN_KD
30.0685168094784,19.4537042547073,4.88952544116562,1.69340192043981,0.0843241766195047,0.157836735108523,3.33066907387547e-16,1,SISTEM_SUDAH_IDEAL
49.7630180019477,15.3933365948208,3.82916783035355,6.25841996353127,0.0776138367769032,0.304967667697433,0,1,SISTEM_SUDAH_IDEAL
27.4044092307081,2.22021818991853,8.32908672148204,0.141085780324191,0.0844332745692462,0.383763532432286,6.71685662645416e-09,1,SISTEM_SUDAH_IDEAL
12.7953348403538,5.10655147952005,4.71417154355404,1.85687677726527,0.153319245272151,0.586860650608994,0,1,SISTEM_SUDAH_IDEAL
11.6839761779253,9.14372206654526,4.97779433683195,3.24161979764503,0.155044320135414,2.53286771685275,0,1,SISTEM_SUDAH_IDEAL
42.2728904243414,24.7141850569323,0.570854202792287,39.9478713010173,0.0853228305018923,0.702798166042019,2.22044604925031e-16,1,TURUNKAN_KP_ATAU_NAIKKAN_KD
7.28238518860472,7.70611124249881,8.8954276539029,3.66824934245538,0.0879673726929261,4.06341727000283,1.11022302462516e-16,1,SISTEM_SUDAH_IDEAL
12.521429333023,11.1840857710546,3.08594318833264,4.24266029433158,0.168663842738038,1.98614702831989,1.11022302462516e-16,1,SISTEM_SUDAH_IDEAL
21.3834318925753,3.81635896493612,7.77069802785972,0.518869670134015,0.0857517491938247,0.497019691632838,2.22044604925031e-15,1,SISTEM_SUDAH_IDEAL
10.5073076200525,23.7287321667169,8.5277512349119,4.6723845287963,0.0873665662311829,2.33607558869999,2.22044604925031e-16,1,SISTEM_SUDAH_IDEAL
0.354024070838893,24.6980548026775,2.83507577508216,999,999,999,1,0,TURUNKAN_KP_DAN_KI
5.59868106599347,12.5598484708311,1.60452294524625,15.7228295471131,0.294739534014777,2.95372147968124,0,1,SISTEM_SUDAH_IDEAL
2.87663049959079,22.9627783411378,8.6084566420158,8.64624923050126,0.0998944412907876,12.3261986051599,7.84228237904472e-11,1,SISTEM_SUDAH_IDEAL
39.7012481600663,8.91528463638083,8.63610597492498,0.399047670081742,0.0824260852842818,0.166639774699899,0,1,SISTEM_SUDAH_IDEAL
36.7123907716765,1.82649920627703,6.67348076824264,0.0304140651727902,0.0826797878782175,0.158524764728601,1.79471837391532e-07,1,SISTEM_SUDAH_IDEAL
3.72984807846486,2.91003016227399,5.16246389048541,5.52051746067042,0.569744508708882,5.72582139497267,0,1,SISTEM_SUDAH_IDEAL
36.6930229642415,8.5263752117955,9.84867632503916,0.427953651610902,0.0829510762534091,0.234721319950369,2.22044604925031e-16,1,SISTEM_SUDAH_IDEAL
29.0722831171412,28.1203369121507,2.38626167807398,9.86758300048383,0.088618902765674,0.636926280682071,0,1,SISTEM_SUDAH_IDEAL
42.3446676760865,13.554454111632,0.624132071338817,36.9315094334264,0.085465172151136,0.687356965299636,1.11022302462516e-16,1,TURUNKAN_KP_ATAU_NAIKKAN_KD
3.88865143945278,23.6227701703762,1.07325966323647,38.0987165444536,0.275753708374489,6.41939605556583,2.22044604925031e-16,1,TURUNKAN_KP_ATAU_NAIKKAN_KD
49.5774743455204,14.9793200649922,7.40906303673105,0.52081929855301,0.0805073668064491,0.0986215243379001,4.44089209850063e-16,1,SISTEM_SUDAH_IDEAL
17.735695755382,2.19313706866301,8.2360325459536,0.387044411076443,0.0863149163618179,0.687506211390471,1.46158640745853e-11,1,SISTEM_SUDAH_IDEAL
12.1970605154776,1.69465112440434,0.585047725184697,12.744273237056,0.190423663294786,0.662365841668635,5.72186742431313e-12,1,SISTEM_SUDAH_IDEAL
35.5562706576911,12.8212310922308,6.98155018162223,0.743456310285562,0.0828102567763318,0.161837453488294,1.11022302462516e-16,1,SISTEM_SUDAH_IDEAL
42.1171290920279,11.3111150252316,5.32828200977392,1.70558426798093,0.0808816244693023,0.0990799899748954,0,1,SISTEM_SUDAH_IDEAL
37.4458681642767,11.9899005580957,7.65732027714578,0.619633847984757,0.0825723271107217,0.161027271224453,1.11022302462516e-16,1,SISTEM_SUDAH_IDEAL
23.4640717753712,26.4661572801038,2.75074570346782,6.23026663005659,0.104569716464692,1.00331648781976,2.22044604925031e-16,1,SISTEM_SUDAH_IDEAL
35.7786470281779,3.99694459124285,3.43303642004875,4.68160989086956,0.0831707099106491,0.326310846296457,9.33340071895827e-11,1,SISTEM_SUDAH_IDEAL
26.1835872612397,9.92231321596251,6.94772029470645,0.966637492110012,0.0848924644594869,0.293158301658194,0,1,SISTEM_SUDAH_IDEAL
43.0533400603327,27.406362375021,8.70422277076666,1.03199921401531,0.0818051787297172,0.113610212858751,0,1,SISTEM_SUDAH_IDEAL
38.619408709252,22.4184597926993,7.04192788684036,1.1081530687165,0.082101517335829,0.12538225113052,3.33066907387547e-16,1,SISTEM_SUDAH_IDEAL
30.0283929536948,20.3770815891124,2.99694354982279,5.93659277767096,0.0864275438292994,0.560948342510618,1.11022302462516e-16,1,SISTEM_SUDAH_IDEAL
27.1220706007779,27.7978424437666,7.05451470260401,2.16035719035448,0.0843897660650219,1.12302148722693,0,1,SISTEM_SUDAH_IDEAL
38.6626275320419,17.2976545176439,9.62877733324216,0.776585754193371,0.0826197220857837,0.184442025323909,3.33066907387547e-16,1,SISTEM_SUDAH_IDEAL
1.6352893299765,15.8558921763402,2.6778263023713,24.3132204527001,0.434630382749494,19.7496915907721,5.4379079017508e-10,1,TURUNKAN_KP_ATAU_NAIKKAN_KD
9.74898300308648,5.2161559767129,1.83935530539038,3.91727124633412,0.227065055939762,2.35072530149849,0,1,SISTEM_SUDAH_IDEAL
14.8927802162127,11.3268456568263,6.34267311049175,2.51018260044804,0.0884219440326097,2.17670301345749,1.11022302462516e-16,1,SISTEM_SUDAH_IDEAL
19.1005454433436,13.9174198155508,7.55718049969295,1.96891941198309,0.0862242229801034,0.423195241749914,0,1,SISTEM_SUDAH_IDEAL
12.8797647797381,20.4474291034555,0.406350346611997,33.0489828631428,0.16605568508796,1.35092557280169,0,1,TURUNKAN_KP_ATAU_NAIKKAN_KD
22.8042808714765,23.9104047666801,5.65765968350515,2.66685202864616,0.0862449108867796,1.34408224430229,4.44089209850063e-16,1,SISTEM_SUDAH_IDEAL
30.4715193441556,22.5555758727664,6.74299713068053,1.59216166833684,0.0837533291418792,0.184964270096382,2.22044604925031e-16,1,SISTEM_SUDAH_IDEAL
36.6822742672254,10.8585964668645,8.95289757236935,0.55932565022434,0.0828687936290063,0.199002889174706,2.22044604925031e-16,1,SISTEM_SUDAH_IDEAL
48.6873340193274,0.338524527823771,5.45335259539073,1.95356933190929,0.0795528490261464,0.0974522400570293,0.00023989978674166,1,SISTEM_SUDAH_IDEAL
35.5463522232116,27.8689594150064,0.340778483540995,44.0738658146683,0.100398042530515,1.11668805286067,2.22044604925031e-16,1,TURUNKAN_KP_ATAU_NAIKKAN_KD
45.8527017425807,17.3421941706351,1.40437872489149,23.4350982417233,0.0791034763547029,0.454530983010252,1.11022302462516e-16,1,TURUNKAN_KP_ATAU_NAIKKAN_KD
15.5480772993123,7.43758059326065,0.472949174050618,22.051019496863,0.159556630184484,1.22787736789551,0,1,TURUNKAN_KP_ATAU_NAIKKAN_KD
10.0306997060398,8.94434308390749,9.89568371730782,2.76960132394088,0.0867391159456073,3.52070554023346,1.11022302462516e-16,1,SISTEM_SUDAH_IDEAL
48.7699656906751,15.0055846095959,5.89535931302137,1.87704687349191,0.0796736020437746,0.0976001625036239,1.11022302462516e-16,1,SISTEM_SUDAH_IDEAL
36.7150808288049,29.8651097498137,9.52011139375245,1.33282996434092,0.0827364371967589,0.180551262066529,1.11022302462516e-16,1,SISTEM_SUDAH_IDEAL
0.33067628485815,26.7085046254305,2.43885859180952,999,999,999,1,0,TURUNKAN_KP_DAN_KI
4.44405098154685,26.9258773905004,8.990694311653,7.48956130389464,0.0882362503235763,7.76240551631545,5.99520433297585e-15,1,SISTEM_SUDAH_IDEAL
13.1081472952633,22.3694499744289,3.98377637930738,5.84696878685185,0.145818026086085,1.68072385233721,2.22044604925031e-16,1,SISTEM_SUDAH_IDEAL
34.5033390954241,0.0702636028360282,8.40440838557115,0,0.0831989839299589,0.246285006714842,0.000817689647846676,1,SISTEM_SUDAH_IDEAL
39.6836855391153,8.22635520485685,8.47502730496767,0.36731304846862,0.0824071731664006,0.16403059722436,0,1,SISTEM_SUDAH_IDEAL
15.1912092531261,4.2712947136688,6.97026652850713,1.08478063074113,0.0877982582021038,0.666268709473328,4.44089209850063e-16,1,SISTEM_SUDAH_IDEAL
10.464304916699,5.61899958870715,3.72923886618814,2.90744552175821,0.193513816587123,2.64917475298454,2.22044604925031e-16,1,SISTEM_SUDAH_IDEAL
35.8461884390986,12.7357495760676,2.98829369616201,7.36358680411777,0.0833063885996248,0.382425527106526,2.22044604925031e-16,1,SISTEM_SUDAH_IDEAL
33.9798014729593,10.0527340363187,9.48137272732482,0.583591806138917,0.0832675606726663,0.257447519844521,2.22044604925031e-16,1,SISTEM_SUDAH_IDEAL
5.83497833583568,27.3994599022844,9.21933595444363,6.61960788860678,0.0877525830959568,5.8393232539086,1.11022302462516e-16,1,SISTEM_SUDAH_IDEAL
0.789413356991525,1.00848355866305,5.31382408196313,10.2197455535059,1.78327873274322,32.4434355019449,1.04720317706253e-05,1,SISTEM_SUDAH_IDEAL
36.9828412033989,20.8038367785615,5.46335611300973,1.33963050264656,0.0821087073643371,0.115722985439561,0,1,SISTEM_SUDAH_IDEAL
16.353539537548,17.3660184824055,8.97361562828095,2.5548951332133,0.0860278280618116,2.17699158616643,2.22044604925031e-16,1,SISTEM_SUDAH_IDEAL
44.6075205845925,9.11537187013712,2.64373856092766,10.8177001579126,0.0791250134096474,0.325657366435492,2.22044604925031e-16,1,SISTEM_SUDAH_IDEAL
33.481869903562,9.23839434361354,6.34512475439809,0.609038749341018,0.0832662399929724,0.17005924511007,0,1,SISTEM_SUDAH_IDEAL
28.115623305087,2.99122191654267,3.81426737068307,0.889931390821741,0.0865258045713949,0.16723701502478,2.34629649042972e-10,1,SISTEM_SUDAH_IDEAL
28.4808052395418,1.50508674840289,4.7998070973169,0.0500874702418219,0.0853406131278868,0.183621301281978,1.83656549745947e-07,1,SISTEM_SUDAH_IDEAL
1.26467013159107,13.1933716974928,2.42349385657061,26.9478683631134,0.492002990207785,27.301931987444,3.10723726748563e-08,1,TURUNKAN_KP_ATAU_NAIKKAN_KD
40.6717429864825,13.1794827258945,8.87803990892688,0.567638787228586,0.0822950285130094,0.156507342977365,0,1,SISTEM_SUDAH_IDEAL
5.31677741938294,28.1070796485168,3.73502376809552,14.0162981083421,0.235146570859941,5.11142730234624,1.11022302462516e-16,1,SISTEM_SUDAH_IDEAL
8.17574475305856,0.443843030102444,3.66348429957771,0.174964055040538,0.320593617506853,1.18121698705805,5.37666330346909e-07,1,SISTEM_SUDAH_IDEAL
21.5968615025324,12.7966902685655,0.171225879458681,38.8013920216056,0.134462370855975,1.02017970331812,0,1,TURUNKAN_KP_ATAU_NAIKKAN_KD
15.4769658235988,8.10830133640142,8.67224059002547,1.6636460140504,0.0864568840967178,0.634670365192145,0,1,SISTEM_SUDAH_IDEAL
36.0028721552107,6.89846489919063,3.13905027787849,6.19748484371523,0.0832318148364862,0.35608545195466,8.88178419700125e-16,1,SISTEM_SUDAH_IDEAL
49.0502496657148,28.246429686345,7.73027059676543,0.949540145008365,0.0806102997896214,0.0987476172422862,0,1,SISTEM_SUDAH_IDEAL
41.6570442759659,1.67258538101166,1.42278479328802,21.0029788865482,0.0828773356405983,0.476215503133062,9.66415867331705e-08,1,TURUNKAN_KP_ATAU_NAIKKAN_KD
25.314381098107,20.2287212554386,1.75848686176578,11.2826166749325,0.11283317904358,0.565914259351553,2.22044604925031e-16,1,SISTEM_SUDAH_IDEAL
19.6080488970217,27.5541264650066,9.6231866242499,2.68206437165033,0.0851262447353189,1.81860773586884,0,1,SISTEM_SUDAH_IDEAL
38.1037407908452,2.18994320675851,4.23011379617674,2.68549061255838,0.0819812438954385,0.251061527440863,9.0454922219152e-08,1,SISTEM_SUDAH_IDEAL
8.99630251831676,7.80078634207547,4.16720603453531,4.30086018102434,0.218985643293645,2.85580420536656,0,1,SISTEM_SUDAH_IDEAL
11.7302014134638,5.13203244266136,4.34666637877531,2.17784955954337,0.17077326743457,2.2536014777696,2.22044604925031e-16,1,SISTEM_SUDAH_IDEAL
11.351652563451,28.4221219718443,3.77517499288132,8.08345006603133,0.156505655010594,1.52991834797975,0,1,SISTEM_SUDAH_IDEAL
18.0659748798142,29.7348543974909,3.25909586386921,5.88382995185825,0.121012777009759,1.24977116239442,0,1,SISTEM_SUDAH_IDEAL
44.7163733496817,11.098715260894,0.0240746173825723,53.9625898284689,0.0876625092057396,1.04050603438636,0,1,TURUNKAN_KP_ATAU_NAIKKAN_KD
38.1466781108838,12.7999348181136,1.30188311872015,23.1715645371025,0.0860120937463381,0.482882406294831,3.33066907387547e-16,1,TURUNKAN_KP_ATAU_NAIKKAN_KD
42.6997472090281,14.1161101181331,0.129896386856617,50.7253882042432,0.0895274834752597,1.05071561499909,1.11022302462516e-16,1,TURUNKAN_KP_ATAU_NAIKKAN_KD
47.0498508384439,11.3209655444393,8.67280072532417,0.377799257389944,0.0814360529921054,0.0997591649153291,2.22044604925031e-16,1,SISTEM_SUDAH_IDEAL
43.7433600474111,0.649947910141642,8.73914586294141,0,0.081975779997349,0.13653098396619,6.10018504901833e-05,1,SISTEM_SUDAH_IDEAL
43.6153337805503,3.21577427083911,9.5923769087316,0.076685891893602,0.0821534585878678,0.157698119849424,1.16043994413673e-08,1,SISTEM_SUDAH_IDEAL
20.8339723535197,27.5147066033833,5.35785090319854,3.41019164022101,0.0871396129800546,1.42169271648648,1.11022302462516e-16,1,SISTEM_SUDAH_IDEAL
12.526758877609,23.4568698443743,6.00883151996809,4.95124420295068,0.103392529386246,1.9583746482084,0,1,SISTEM_SUDAH_IDEAL
10.2817869104403,11.2886920454247,0.653669787273834,18.3084370074254,0.200789423366424,1.57621700705133,3.33066907387547e-16,1,SISTEM_SUDAH_IDEAL
49.4740901538735,15.4899319171396,9.45758317659188,0.468068397016697,0.0813659442609009,0.0996732817196036,2.22044604925031e-16,1,SISTEM_SUDAH_IDEAL
10.9487879967575,20.6022451577506,4.66476986107682,6.0600274341112,0.155276918519466,1.93418945946511,0,1,SISTEM_SUDAH_IDEAL
12.8917943346294,25.1050105756326,2.9131033178529,7.88351990655187,0.156037971625668,1.42575180811747,1.11022302462516e-16,1,SISTEM_SUDAH_IDEAL
5.90315076181921,11.4758724595183,2.12755150244634,12.0146391697782,0.30178680055878,3.20884209596298,0,1,SISTEM_SUDAH_IDEAL
25.5282435937354,15.601458881788,9.19016402126794,1.34559504402827,0.0844426295921892,0.348308936678649,2.22044604925031e-16,1,SISTEM_SUDAH_IDEAL
47.3593753726167,28.5087128650521,4.96445758609142,3.76743515958762,0.0790557215960908,0.336913344683798,1.11022302462516e-16,1,SISTEM_SUDAH_IDEAL
28.9222336132802,29.7034905283977,5.68953388481103,2.34989087322628,0.0842087643510125,0.985468543601036,2.22044604925031e-16,1,SISTEM_SUDAH_IDEAL
30.8010268498885,4.50041708212976,3.07068573556934,4.43693505562115,0.0863080403688043,0.357910252211638,7.63833440942108e-13,1,SISTEM_SUDAH_IDEAL
36.4080490068247,16.9233385047461,1.45733394995607,20.9473448629673,0.0867252677871663,0.366390655015476,0,1,TURUNKAN_KP_ATAU_NAIKKAN_KD
27.6782879413981,18.7569034161677,6.83508579363781,1.55636259469982,0.0844396920455554,0.228369039578404,1.11022302462516e-16,1,SISTEM_SUDAH_IDEAL
33.7802978172945,8.81662373878417,1.42129777660465,19.0585507560217,0.092297861099148,0.372648892227817,1.11022302462516e-16,1,SISTEM_SUDAH_IDEAL
48.2672351545828,17.1162973498868,2.04908369997947,16.1315033559706,0.0770940984837588,0.299032935381259,1.11022302462516e-16,1,SISTEM_SUDAH_IDEAL
13.2898992205666,2.72313093013762,6.78523784310974,0.890326771620775,0.088571883432304,0.808669175597079,3.33066907387547e-16,1,SISTEM_SUDAH_IDEAL
47.1740599362377,4.59596430287367,6.67308524391835,0.501836088252317,0.0806137157251792,0.0987518017633445,4.88383555818928e-10,1,SISTEM_SUDAH_IDEAL
39.1824078932836,27.0361429737824,5.0916280291654,2.36246656750549,0.0813033686372408,0.34177804697513,0,1,SISTEM_SUDAH_IDEAL
19.281459093061,22.5554220935374,4.5334235070489,3.53001036826723,0.0922192041372819,1.46638442183848,2.22044604925031e-16,1,SISTEM_SUDAH_IDEAL
28.6207349709876,9.70289907104088,2.68420599491321,5.75508583917059,0.0886002554990614,0.436185704884442,3.33066907387547e-16,1,SISTEM_SUDAH_IDEAL
36.6433938508759,0.218052990430639,6.48287226771987,0,0.0826573684914118,0.155049140637091,0.000382375667529855,1,SISTEM_SUDAH_IDEAL
10.3263620065946,19.6348064581731,2.76665352438819,8.48970134402776,0.179398568274846,1.6382014141425,0,1,SISTEM_SUDAH_IDEAL
43.0295746843903,11.7374351766508,7.25225811027148,0.48685114981466,0.0815132318957137,0.0998537090722493,2.22044604925031e-16,1,SISTEM_SUDAH_IDEAL
14.2266230286945,11.7527768206777,2.79745768782114,3.92859137545107,0.157910798402097,1.74725601865161,1.11022302462516e-16,1,SISTEM_SUDAH_IDEAL
28.3868165788756,11.3096964001658,1.29410555574759,17.16924834315,0.110386598843319,0.415969940345708,0,1,SISTEM_SUDAH_IDEAL
7.72869461102412,21.2213731705863,2.67743283363288,11.9578717854791,0.216534277660113,2.66298022425846,2.22044604925031e-16,1,SISTEM_SUDAH_IDEAL
41.8574042709054,5.12086259909336,6.77093973589074,0.192571297048238,0.0816295174286657,0.0999961588501155,1.56761270631023e-11,1,SISTEM_SUDAH_IDEAL
12.2520063197545,19.4215083046598,3.3425613433846,6.30919391172704,0.161551679366964,1.69898836555544,0,1,SISTEM_SUDAH_IDEAL
23.1856111479316,21.1954966192057,3.56653365319699,3.19852613142195,0.0919436564410624,1.10314043108281,1.11022302462516e-16,1,SISTEM_SUDAH_IDEAL
15.478889180751,22.2250057736323,7.83943439813214,3.35766874288042,0.0867684861685335,2.04645204841526,0,1,SISTEM_SUDAH_IDEAL
26.8813582809294,6.41600708407571,3.83497793740236,0.987933130207352,0.0870280488690872,0.1716541363699,0,1,SISTEM_SUDAH_IDEAL
30.1650224991013,24.2598435831841,0.950680742356257,25.9827405472569,0.106637169904949,0.83518812164587,0,1,TURUNKAN_KP_ATAU_NAIKKAN_KD
38.4866968720178,26.202955644783,8.30974533557552,1.18581496704828,0.082364887865302,0.148262965704956,1.11022302462516e-16,1,SISTEM_SUDAH_IDEAL
45.9555042995993,12.2755794339749,8.83487049528046,0.427293196163925,0.0816145596875742,0.0999778356172784,2.22044604925031e-16,1,SISTEM_SUDAH_IDEAL
23.9822664415023,0.939634417344202,9.57772570342985,0.00437489265934232,0.084745720577509,0.536901818902938,1.38619276279783e-07,1,SISTEM_SUDAH_IDEAL
27.7451410158611,8.52237069406835,3.99100395000385,1.11230697448299,0.0863044350032119,0.167480329622844,1.11022302462516e-16,1,SISTEM_SUDAH_IDEAL
16.0943956464885,23.5204689387998,0.0567646034069946,46.7779579902303,0.147813634058738,1.20353269706767,0,1,TURUNKAN_KP_ATAU_NAIKKAN_KD
36.8406787247145,18.1793530849793,6.65891298087593,1.00245751035397,0.0824222984750295,0.138009732456589,1.11022302462516e-16,1,SISTEM_SUDAH_IDEAL
41.9221429811289,2.53087023969627,6.95040603739819,0.051649604929338,0.0817138865686095,0.106005370457923,6.00760734492667e-08,1,SISTEM_SUDAH_IDEAL
17.249987294181,22.5913530175043,1.31326213346586,15.2822903259953,0.143869350885208,1.04760145623625,0,1,SISTEM_SUDAH_IDEAL
36.1479244333121,0.75073842101283,4.0461726888038,2.60108308928739,0.0827801269709946,0.247091122270781,2.27842744049411e-05,1,SISTEM_SUDAH_IDEAL
43.008033467012,24.6445786115324,3.33539265626943,8.04119252785796,0.0795015492183338,0.375010571964648,0,1,SISTEM_SUDAH_IDEAL
32.7034779667844,11.7164922411055,4.42073451426839,1.46266422152452,0.0837335503841718,0.141523971639526,0,1,SISTEM_SUDAH_IDEAL
30.157054339866,29.6661327186448,0.74560374786574,30.7048222990321,0.107768400574368,0.858545295315382,2.22044604925031e-16,1,TURUNKAN_KP_ATAU_NAIKKAN_KD
17.9153422125409,6.18212162571966,4.03204456650639,1.34964131442841,0.121404274272129,0.331358315292278,2.22044604925031e-16,1,SISTEM_SUDAH_IDEAL
18.1599701448949,23.6034694795865,5.45364457337713,3.54073480091117,0.0881180348873316,1.61822945810928,0,1,SISTEM_SUDAH_IDEAL
35.5857676839753,15.7492780889689,5.83983357136816,0.982506886729606,0.0826149173541773,0.136350339872392,1.11022302462516e-16,1,SISTEM_SUDAH_IDEAL
11.1165988039027,20.4777152900495,3.34189253362118,7.2519122349189,0.169284069966135,1.69911284907147,2.22044604925031e-16,1,SISTEM_SUDAH_IDEAL
34.5745748254326,29.2530771155288,7.05726991793622,1.63077183321743,0.0827967782860467,0.152824840726929,0,1,SISTEM_SUDAH_IDEAL
30.0487266000864,5.13916439226934,8.43018827737015,0.370586252781702,0.0839329774089414,0.308988032473479,8.65973959207622e-15,1,SISTEM_SUDAH_IDEAL
24.5997702448862,7.78806624808739,2.04022886409653,6.83059857564838,0.115656370522944,0.477886732229512,3.33066907387547e-16,1,SISTEM_SUDAH_IDEAL
45.9638747512468,23.2222488521245,8.00915104611024,0.837217481706864,0.0812233088991103,0.0994985534014101,2.22044604925031e-16,1,SISTEM_SUDAH_IDEAL
6.53402014526109,10.0020841033429,3.39104072473874,7.79785195087384,0.297424201882386,2.59691299049602,1.11022302462516e-16,1,SISTEM_SUDAH_IDEAL
11.3806440912566,29.8975523646909,2.27623356013142,12.1409178465444,0.165480051346392,1.21992437616115,1.11022302462516e-16,1,SISTEM_SUDAH_IDEAL
13.7103821044285,10.4524900625901,3.67317630150196,3.30037533021894,0.155091815516678,1.98843229089677,1.11022302462516e-16,1,SISTEM_SUDAH_IDEAL
27.1395526260365,16.4635971233926,1.0647812383981,19.8187896938345,0.115067834641925,0.436323334305849,0,1,SISTEM_SUDAH_IDEAL
24.3689712287148,11.2562555658575,5.34326013259608,1.31850135825309,0.0862137211860874,0.240328869204704,2.22044604925031e-16,1,SISTEM_SUDAH_IDEAL
38.1988909224692,17.1246000927859,1.6199184789795,19.5160121295229,0.0844524068473456,0.360332142765952,2.22044604925031e-16,1,SISTEM_SUDAH_IDEAL
9.92551842295303,0.907997410681793,4.91185386220052,0.442631745748923,0.197792497393275,1.0583670311843,3.41549144522446e-09,1,SISTEM_SUDAH_IDEAL
5.9519931116471,16.6096891314516,3.69068077944954,10.4283932624639,0.270133361881061,3.58980119475094,2.22044604925031e-16,1,SISTEM_SUDAH_IDEAL
20.7889147255308,9.16120849279848,3.69684662504085,1.60128081947273,0.107449076364325,0.207794296878589,1.11022302462516e-16,1,SISTEM_SUDAH_IDEAL
14.6835453420041,26.2087524320314,6.43063298353313,4.35939440056701,0.0881104250007343,1.8366636741886,3.33066907387547e-16,1,SISTEM_SUDAH_IDEAL
37.6643528451688,24.561697458487,8.10038169759047,1.17096083146087,0.0824701562689238,0.152922990302521,1.11022302462516e-16,1,SISTEM_SUDAH_IDEAL
19.5899076833536,1.32691053574342,0.24134464525961,29.889541598341,0.144771577840019,0.97073335067271,5.89047950416699e-08,1,TURUNKAN_KP_ATAU_NAIKKAN_KD
43.6930477768195,27.1796980268164,3.16896227091562,9.07667898019811,0.0791193761889427,0.374081110695552,1.11022302462516e-16,1,SISTEM_SUDAH_IDEAL
38.1469026467728,19.4672245451952,8.22986745569915,0.928711750580713,0.0824734929664919,0.157510234635474,0,1,SISTEM_SUDAH_IDEAL
42.6759742723137,8.31836039808884,1.1449827088327,26.0798896992488,0.0826960479867336,0.482597044796465,8.88178419700125e-16,1,TURUNKAN_KP_ATAU_NAIKKAN_KD
30.5663262371206,4.68553873801875,0.532784887857588,29.892387103744,0.112985782985816,0.790858915320317,3.48610029732299e-13,1,TURUNKAN_KP_ATAU_NAIKKAN_KD
18.8761150824172,28.073337664266,2.03307969895563,9.89431164650758,0.131174975691241,1.0487119724624,2.22044604925031e-16,1,SISTEM_SUDAH_IDEAL
21.5815964005871,15.1027569391811,2.00289225369143,7.9750836516975,0.125456908172789,0.863955958733058,2.22044604925031e-16,1,SISTEM_SUDAH_IDEAL
31.4776909494064,0.561687311595715,8.17839371850257,0,0.0837563294398578,0.299356789162601,4.71608755081565e-05,1,SISTEM_SUDAH_IDEAL
16.9889823317021,5.3141199971,2.72767071878542,1.45998756466923,0.1457197140411,0.24672722509143,0,1,SISTEM_SUDAH_IDEAL
33.9916132113267,13.4280105311187,8.97211673334343,0.776198870223999,0.0832232634161475,0.231170274250752,0,1,SISTEM_SUDAH_IDEAL
14.2857479465247,16.7410420372289,2.97855294568834,5.06840020240471,0.152622490207771,1.63473657951625,0,1,SISTEM_SUDAH_IDEAL
47.3520034729745,22.6889906682809,5.76059238853572,2.18834807178894,0.0797568474297164,0.229231805012286,1.11022302462516e-16,1,SISTEM_SUDAH_IDEAL
21.8999029970591,24.3029820730698,6.21821028796426,2.7044362620803,0.0861229801710422,1.45190127560465,0,1,SISTEM_SUDAH_IDEAL
18.1849760201439,1.75747606764635,7.48760651146909,0.272950140456762,0.0866577492737089,0.647012813353049,9.96327687019516e-10,1,SISTEM_SUDAH_IDEAL
50.0523585592674,17.5284499208353,2.04529586250793,16.1326457332545,0.0761580716952745,0.294438276717521,3.33066907387547e-16,1,SISTEM_SUDAH_IDEAL
38.4286005339789,29.8187992455148,3.24618853214317,8.06270657924266,0.0813588758259535,0.451814941396496,0,1,SISTEM_SUDAH_IDEAL
37.1304579935594,22.5393628065274,7.35220511591183,1.15726146645285,0.0824448611975047,0.144677888572225,0,1,SISTEM_SUDAH_IDEAL
33.8248279121288,29.7086016057799,4.39901836696015,2.96288369710103,0.0829261831159315,0.639157966499788,3.33066907387547e-16,1,SISTEM_SUDAH_IDEAL
35.3004572226897,26.0785820525174,0.641882934195079,36.0881804603896,0.0975540519491129,0.777328948838197,1.11022302462516e-16,1,TURUNKAN_KP_ATAU_NAIKKAN_KD
9.41378478319681,0.166710063491047,8.65113746539616,0,0.0878009201840326,1.69579637172221,0.000159948341226235,1,SISTEM_SUDAH_IDEAL
28.1235035435731,2.68336031252561,4.24055184439014,0.219840322726927,0.0859703506629961,0.174080627388525,1.05910613612537e-09,1,SISTEM_SUDAH_IDEAL
2.64938230030442,6.04136915845061,1.44376292972761,20.2858100532655,0.539682214972408,6.19264729078322,0,1,TURUNKAN_KP_ATAU_NAIKKAN_KD
23.129509474912,24.0363495025778,1.11682186989746,19.7201647803777,0.124260233991504,0.93796802095217,1.11022302462516e-16,1,SISTEM_SUDAH_IDEAL
19.2771631935574,25.2932805985665,4.33619011993515,3.93699218110986,0.0960170751721611,1.41032843671027,2.22044604925031e-16,1,SISTEM_SUDAH_IDEAL
49.6634756364063,10.9013015514841,7.71030391520234,0.346168470098474,0.0806958485516657,0.0988524144757905,1.11022302462516e-16,1,SISTEM_SUDAH_IDEAL
33.5354926360687,4.20723555327893,0.966305524983978,24.726285929162,0.101009090879619,0.55080916934123,1.62223567912179e-11,1,TURUNKAN_KP_ATAU_NAIKKAN_KD
48.8034452532072,4.45015945220632,3.56143662718006,6.51184113000782,0.077911716187314,0.293057476740414,1.18114518166124e-09,1,SISTEM_SUDAH_IDEAL
8.60917982839914,23.2025911341831,7.53596714404608,5.80034589762843,0.088729275058685,3.73401827919348,2.22044604925031e-16,1,SISTEM_SUDAH_IDEAL
10.1416107271281,26.5966983068252,4.40069331702131,7.78620774238448,0.160498273920536,1.70989055237528,2.22044604925031e-16,1,SISTEM_SUDAH_IDEAL
22.0360100715764,20.5160844231213,1.1164323837218,18.8614777290625,0.128570464268371,0.957149826518661,1.11022302462516e-16,1,SISTEM_SUDAH_IDEAL
27.7910401077425,29.1024550991079,6.03252375339996,2.33982085610351,0.0844444869728328,1.06766729990621,1.11022302462516e-16,1,SISTEM_SUDAH_IDEAL
32.7973446947166,20.0582393593674,4.34113738042261,2.24578521004164,0.0835458250400509,0.390945729413533,1.11022302462516e-16,1,SISTEM_SUDAH_IDEAL
25.5998692735043,6.89937827080129,5.51384015471236,0.750265869783262,0.0857537428053906,0.247951945194331,0,1,SISTEM_SUDAH_IDEAL
29.6140544129646,24.3883566163998,8.15923789773661,1.62756608917196,0.083806336802308,0.231019377242,2.22044604925031e-16,1,SISTEM_SUDAH_IDEAL
10.8487635645669,21.0620454734704,8.80244177178843,4.23086384553466,0.0871344673002999,2.46617951781854,2.22044604925031e-16,1,SISTEM_SUDAH_IDEAL
13.3611661108233,25.2689671646478,8.05035344875081,4.08288146043152,0.087064075356325,2.09403962927117,2.22044604925031e-16,1,SISTEM_SUDAH_IDEAL
18.3910715911284,21.961073187298,5.68861769480113,3.25475606104475,0.0877780605079548,1.65386152852884,0,1,SISTEM_SUDAH_IDEAL
15.9484862642507,9.80018470303261,3.97205285495779,2.4592586930877,0.134441274995546,1.67539860531426,2.22044604925031e-16,1,SISTEM_SUDAH_IDEAL
5.16420941510562,8.13649193489227,0.305894507701734,28.6414129911635,0.299158037604458,1.499437896644,3.33066907387547e-16,1,TURUNKAN_KP_ATAU_NAIKKAN_KD
33.1948213040197,27.1936591654997,3.75659841923365,4.49254051955166,0.0835318235608113,0.595189845912725,2.22044604925031e-16,1,SISTEM_SUDAH_IDEAL
12.9911794824267,26.268472157737,7.4616817423417,4.47257707923272,0.087595518342651,2.01883880106901,2.22044604925031e-16,1,SISTEM_SUDAH_IDEAL
13.4260178242688,10.9014483181067,7.74520072682154,2.55119664425771,0.0874840299102478,2.56545172851972,0,1,SISTEM_SUDAH_IDEAL
42.6105587833714,20.0450850627712,2.7661424406777,10.6482289939063,0.0797801111839798,0.360745718444749,2.22044604925031e-16,1,SISTEM_SUDAH_IDEAL
10.8376548273153,16.078411495349,6.38213296472532,4.45246444643943,0.114060570075947,2.42031044541921,1.11022302462516e-16,1,SISTEM_SUDAH_IDEAL
2.10194382088339,28.1202563835898,7.69712145902604,10.6063053150812,0.174840243745091,19.2373091881462,6.44279611883292e-08,1,SISTEM_SUDAH_IDEAL
19.7806241036867,19.132497443883,5.64515731869076,2.69863879985379,0.0873892377974663,1.56429073030757,2.22044604925031e-16,1,SISTEM_SUDAH_IDEAL
17.6904903476378,6.44780352841935,9.96145490064223,1.10162558820754,0.0855170013930208,0.642085090482258,1.11022302462516e-16,1,SISTEM_SUDAH_IDEAL
35.3305725666427,15.7578439571892,4.13981934381907,3.10681261190178,0.0827333809752518,0.349642528792315,0,1,SISTEM_SUDAH_IDEAL
10.578373129705,24.1587893969312,4.03728503191267,7.48461041762181,0.163763676333847,1.71415029311618,2.22044604925031e-16,1,SISTEM_SUDAH_IDEAL
5.24470498880894,26.1995970234338,6.1588453725284,9.3500240265771,0.184650070240592,5.15836329910931,1.11022302462516e-16,1,SISTEM_SUDAH_IDEAL
31.2927778364447,8.90938009312309,6.83958474876854,0.647697951617321,0.0837596030686593,0.200369339458682,3.33066907387547e-16,1,SISTEM_SUDAH_IDEAL
21.3391526013061,21.9266753844119,6.32945409434254,2.57384084696664,0.0862554286661004,1.49796506556612,2.22044604925031e-16,1,SISTEM_SUDAH_IDEAL
45.8411455451205,7.97403034532807,0.0818143959069761,51.4358117799325,0.0856912589143896,1.02170358545834,1.28785870856518e-14,1,TURUNKAN_KP_ATAU_NAIKKAN_KD
36.4933774817917,24.2920100319652,3.76602185018853,5.10751410416759,0.0821738865391391,0.45581646763378,5.55111512312578e-16,1,SISTEM_SUDAH_IDEAL
16.0829475420714,26.7996409822009,4.67659739985462,4.82540415622594,0.108817117901757,1.55940943893606,2.22044604925031e-16,1,SISTEM_SUDAH_IDEAL
46.2029405599924,20.1691960624272,1.24685994245112,26.0430956469854,0.0790452157185772,0.616572462081715,0,1,TURUNKAN_KP_ATAU_NAIKKAN_KD
22.8820522683263,10.1154388103097,8.05028398524175,1.16324841505608,0.0852523760656295,0.396852511762492,3.33066907387547e-16,1,SISTEM_SUDAH_IDEAL
26.4085769987747,2.92845538536921,4.54548408367972,0.260884436188324,0.0863690099603085,0.190449462614834,1.24653176669653e-10,1,SISTEM_SUDAH_IDEAL
48.192283151718,13.4177654681767,1.58639746767198,20.6268191069389,0.0774439963604144,0.441014165980639,0,1,TURUNKAN_KP_ATAU_NAIKKAN_KD
29.2607777597622,28.6376210271147,8.47202778023259,1.83941955213602,0.0837971894542188,0.232382024154691,0,1,SISTEM_SUDAH_IDEAL
4.41284475053043,25.7227627340516,9.42704207191598,7.1610702703536,0.0878868648391934,8.05738146442268,3.10862446895044e-15,1,SISTEM_SUDAH_IDEAL
49.6654639313614,24.3164519823193,2.47976349775736,13.2399726401271,0.0763387047335966,0.308021032204949,2.22044604925031e-16,1,SISTEM_SUDAH_IDEAL
13.4162022886784,3.16495887078139,2.89658265702515,1.23477241684866,0.170222258980173,0.412904178299668,0,1,SISTEM_SUDAH_IDEAL
8.16678353905237,22.0408160162731,4.42716309362636,8.35478389498949,0.185614453098743,3.13973201258735,2.22044604925031e-16,1,SISTEM_SUDAH_IDEAL
37.1765957374237,29.9750763528632,8.24710498108611,1.40309707501489,0.0825117531923256,0.15374108793386,0,1,SISTEM_SUDAH_IDEAL
28.943253387459,14.7789450753373,2.33682013824391,8.5689937947256,0.0918039927881057,0.475562566579624,1.11022302462516e-16,1,SISTEM_SUDAH_IDEAL
7.7865086114405,21.5448642033,6.00565688569307,7.01898107945458,0.159614096126725,3.65990302615156,4.44089209850063e-16,1,SISTEM_SUDAH_IDEAL
25.8080328002532,25.2467521331131,2.83671668314729,5.95417800816989,0.0930689381965973,0.885483828587485,2.22044604925031e-16,1,SISTEM_SUDAH_IDEAL
25.1487022983733,3.20601317408995,3.27915987249333,1.35569657118981,0.0931615354729962,0.175333901273399,1.2919443292958e-11,1,SISTEM_SUDAH_IDEAL
32.9358828202544,26.30325781053,7.62102771006677,1.5401790509884,0.0831949901302299,0.179256317720528,3.33066907387547e-16,1,SISTEM_SUDAH_IDEAL
40.6926890082703,14.34962849838,2.84830351610602,9.4119428053965,0.0808525916269638,0.360825581262347,0,1,SISTEM_SUDAH_IDEAL
22.7729344690448,8.62019162794022,3.57382666711453,1.35242432628939,0.0983413698315775,0.188271749164487,1.11022302462516e-16,1,SISTEM_SUDAH_IDEAL
30.7556199767986,12.4358621217988,9.21378439290399,0.843999187925792,0.0836938460213346,0.284975815540403,0,1,SISTEM_SUDAH_IDEAL
16.1539172025553,22.5303402892095,2.05396623085045,8.39065621187585,0.145218469636332,1.23191884398237,1.11022302462516e-16,1,SISTEM_SUDAH_IDEAL
15.2830328499717,8.05975423967653,6.93141752300742,1.8267476649201,0.0877450732856669,0.568536551318812,2.22044604925031e-16,1,SISTEM_SUDAH_IDEAL
8.44254135260017,15.9468395457033,2.01308550377892,10.9635529213716,0.219800596368202,1.66555625691012,2.22044604925031e-16,1,SISTEM_SUDAH_IDEAL
7.95852227481653,22.7083514660241,9.14743168225527,5.30819782045777,0.0874450953434564,4.2275133232274,2.22044604925031e-16,1,SISTEM_SUDAH_IDEAL
11.0878480323494,5.06095047723983,7.99183629501877,1.89499272834466,0.087925431595948,0.882238111367569,1.11022302462516e-16,1,SISTEM_SUDAH_IDEAL
30.6702097768778,23.2048206663818,5.53897971082699,1.78673573550718,0.0838474450691065,0.160577928800814,2.22044604925031e-16,1,SISTEM_SUDAH_IDEAL
14.7808582561549,17.7180825634814,1.63707104923854,9.683094504775,0.156319620902794,1.31549126140625,0,1,SISTEM_SUDAH_IDEAL
18.6715755987826,27.0593407879844,4.10453877632269,4.48059182755522,0.104201147788003,1.38340969446069,0,1,SISTEM_SUDAH_IDEAL
41.6052516407222,29.2030667746985,5.6104804350353,1.9535592759955,0.0808517505203888,0.0990433943874763,0,1,SISTEM_SUDAH_IDEAL
34.2918050280053,16.3735310042371,7.49087679265332,0.970584949830711,0.0830601513390117,0.179008399408004,2.22044604925031e-16,1,SISTEM_SUDAH_IDEAL
32.2677240755361,4.37695399314452,8.38016421390149,0.264094755864663,0.0835780870290672,0.273766962132002,2.21711538017644e-12,1,SISTEM_SUDAH_IDEAL
6.60641456020505,20.5967591333585,9.40305979983922,5.60865788445617,0.0875436626444652,4.70677592192953,4.44089209850063e-16,1,SISTEM_SUDAH_IDEAL
22.8679094472566,3.34152470149927,0.61613512236893,22.2316901255844,0.133154559999187,0.665684303583191,1.23612231561765e-12,1,TURUNKAN_KP_ATAU_NAIKKAN_KD
38.9094154631066,0.0814210528056558,6.06765421319279,0,0.0820385680089415,0.1211291719522,0.000717762804239186,1,SISTEM_SUDAH_IDEAL
17.945041934623,11.8376999621452,3.96590744907632,2.43882755339437,0.119109449508463,1.45914333497862,0,1,SISTEM_SUDAH_IDEAL
21.0674933972356,24.8111564439895,7.2605822773522,2.6730196521435,0.0857580712940672,1.58587463864969,1.11022302462516e-16,1,SISTEM_SUDAH_IDEAL
45.3616793460814,23.4788371839202,3.26905049684085,8.53131736475314,0.078566856320425,0.357013934440823,2.22044604925031e-16,1,SISTEM_SUDAH_IDEAL
10.1828664209966,19.6502771001467,1.08908369951216,18.0259765566466,0.186431112743476,1.16430602022904,1.11022302462516e-16,1,SISTEM_SUDAH_IDEAL
44.3982020911698,17.6192456229492,7.81285632150046,0.68206069289003,0.0814357447436773,0.0997587873110047,0,1,SISTEM_SUDAH_IDEAL
29.9315338657409,5.23478107075545,0.804620814906764,24.4262693583405,0.11222076501274,0.580322436487748,1.53210777398272e-14,1,TURUNKAN_KP_ATAU_NAIKKAN_KD
41.5375976626444,4.60412998191913,0.614861408245079,35.5548769180406,0.0869653514564179,0.678686284706114,1.03019370811808e-10,1,TURUNKAN_KP_ATAU_NAIKKAN_KD
29.5941701704353,13.966763167737,4.62367923006133,1.30850872244566,0.0847627226604585,0.161431173822827,0,1,SISTEM_SUDAH_IDEAL
45.5668156189626,4.78314400797021,7.93980260349917,0.139100806766046,0.0814469808284713,0.0997725515148773,1.6949175396519e-10,1,SISTEM_SUDAH_IDEAL
33.7365689616756,27.5698628232589,5.61749787276687,1.83715018256458,0.0828901695112632,0.137360217023449,2.22044604925031e-16,1,SISTEM_SUDAH_IDEAL
10.1694927324637,7.65321316942815,6.22200701140599,3.09337476094351,0.139689426853275,3.09341161353314,2.22044604925031e-16,1,SISTEM_SUDAH_IDEAL
18.9006703129397,10.7685592196453,0.286506263662625,33.1359654752025,0.14373573348375,1.10076457384884,2.22044604925031e-16,1,TURUNKAN_KP_ATAU_NAIKKAN_KD
38.4687315230962,7.12151864700801,6.65913026957236,0.349424020938716,0.0822381523699297,0.134166142736138,1.11022302462516e-15,1,SISTEM_SUDAH_IDEAL
37.5245275530203,21.8531716964963,8.14287533513339,1.06255480749045,0.0825289482432162,0.158180149207972,1.11022302462516e-16,1,SISTEM_SUDAH_IDEAL
37.1041380957817,19.3355098992144,0.99002174406018,28.8007791903513,0.0886493964937134,0.724127273989575,3.33066907387547e-16,1,TURUNKAN_KP_ATAU_NAIKKAN_KD
50.0699332153454,12.5428761482504,0.759802544080475,33.4146544805404,0.0774238374138964,0.634447077180158,2.22044604925031e-16,1,TURUNKAN_KP_ATAU_NAIKKAN_KD
37.1626459419499,29.991270274896,5.48969223676911,1.8759971733439,0.0819107558921251,0.108767985697131,0,1,SISTEM_SUDAH_IDEAL
29.7569949742844,4.6323515967885,6.36650239929757,0.350593475874561,0.0842476414011798,0.22342546522909,1.29229960066368e-13,1,SISTEM_SUDAH_IDEAL
27.4037011741761,8.5324462586178,6.57725700937209,0.788559398531508,0.084726415515151,0.263876893469172,3.33066907387547e-16,1,SISTEM_SUDAH_IDEAL
49.8113849895306,15.2966303504372,2.0523838023417,15.908902829105,0.0763440242582666,0.294374512042598,0,1,SISTEM_SUDAH_IDEAL
31.721841856122,20.4925607609139,4.55128351431405,1.88459786500308,0.0838536214793364,0.142900409203785,2.22044604925031e-16,1,SISTEM_SUDAH_IDEAL
4.32210923469436,29.7147155056922,0.393494597426267,68.4901878373505,0.238519696876132,12.0910937523647,2.22044604925031e-16,1,TURUNKAN_KP_ATAU_NAIKKAN_KD
37.1660723375522,17.6080571579386,9.5661075071667,0.841460844026209,0.0827944119646574,0.195644330687611,4.44089209850063e-16,1,SISTEM_SUDAH_IDEAL
20.0935402085988,15.4092587777935,7.93339899598101,1.94741166597756,0.0857979541270794,0.402927693787213,1.11022302462516e-16,1,SISTEM_SUDAH_IDEAL
19.8706019581878,4.81977635794942,5.69452882273108,0.81010641345074,0.0875965811952265,0.419377353948608,1.11022302462516e-16,1,SISTEM_SUDAH_IDEAL
29.9582462314554,24.6256569443138,9.93382338868968,1.48643236787445,0.0836450281283351,0.268942853355801,3.33066907387547e-16,1,SISTEM_SUDAH_IDEAL
17.2306126706219,0.0186309184682676,0.630479727428631,17.2459603033683,0.155127496312618,0.741212348496072,0.00193562459915475,1,SISTEM_SUDAH_IDEAL
23.3979424950047,29.6169676184956,0.395442951482512,37.2583372542761,0.125355365070743,0.989878988653403,3.33066907387547e-16,1,TURUNKAN_KP_ATAU_NAIKKAN_KD
18.428675432052,5.10090104070146,8.66659385034835,0.879596017846129,0.0859305605894721,0.600759313960192,0,1,SISTEM_SUDAH_IDEAL
32.009252475944,26.6121372663324,7.6485919793358,1.61578519864491,0.0833625360604452,0.18643300187089,3.33066907387547e-16,1,SISTEM_SUDAH_IDEAL
24.3639349231642,2.05417486976634,5.17868047606801,0.176913931992173,0.0865539998842772,0.284766964807389,5.20345877497164e-09,1,SISTEM_SUDAH_IDEAL
20.4082731467447,17.4511371309717,9.66366422227058,1.91310739369681,0.0850942811002408,0.431431174187175,2.22044604925031e-16,1,SISTEM_SUDAH_IDEAL
48.2276657428438,29.9519222627308,5.13527424381051,3.57688485964731,0.0789659823963247,0.330855955339959,1.11022302462516e-16,1,SISTEM_SUDAH_IDEAL
36.2002039083125,4.37503700469728,1.86842804683432,14.617732803876,0.0857419290985505,0.359761807655314,2.75446332409501e-11,1,SISTEM_SUDAH_IDEAL
11.9852245246914,27.5887435061267,0.816603534305197,27.129477872884,0.167070426124822,0.826097395446933,1.11022302462516e-16,1,TURUNKAN_KP_ATAU_NAIKKAN_KD
34.8957227361853,5.66049729738335,8.17070262388322,0.309627268176316,0.083130748730988,0.214477658176345,3.70814490224802e-14,1,SISTEM_SUDAH_IDEAL
16.3190551225491,24.0120528823446,8.1593844357999,3.26352407067414,0.0863663461418353,1.97945223659237,0,1,SISTEM_SUDAH_IDEAL
15.9522256881895,6.09846034643645,1.61479095560102,5.35672835015175,0.156941395079031,0.772895605746076,0,1,SISTEM_SUDAH_IDEAL
45.6681057424225,21.2183200837141,1.20678233033474,26.8067198323306,0.0795008276560927,0.627109125406768,1.11022302462516e-16,1,TURUNKAN_KP_ATAU_NAIKKAN_KD
32.1191331172594,4.46849660700051,0.815010227420948,26.2084637723582,0.106603640161901,0.566305078219679,2.46380693624815e-12,1,TURUNKAN_KP_ATAU_NAIKKAN_KD
37.3393608895741,5.78731609739355,0.00707389718338725,50.3770056282907,0.102972391149156,1.12762001578789,2.39142039504259e-13,1,TURUNKAN_KP_ATAU_NAIKKAN_KD
1.18158261445108,12.0659349265017,5.91109603080821,13.120993538673,0.468689763971113,28.7819488810374,5.58999627453538e-06,1,SISTEM_SUDAH_IDEAL
2.45667835956823,0.0950229839660433,5.76378356561881,0.0834668620844248,1.17621306075279,5.91621656389973,3.81966494700237e-06,1,SISTEM_SUDAH_IDEAL
17.6272915698922,4.86905765777833,6.23241383872905,0.986074878197551,0.0877801684661032,0.51979845726297,2.22044604925031e-16,1,SISTEM_SUDAH_IDEAL
27.6520073426129,25.4826764089691,4.01394772326163,2.92979014493979,0.0858734636404872,0.9005364451925,1.11022302462516e-16,1,SISTEM_SUDAH_IDEAL
2.80108648812664,29.9443074129054,0.432576637164358,999,999,999,1,0,TURUNKAN_KP_DAN_KI
6.39873305445038,13.7437431520934,8.02323667645884,5.52638150856475,0.0912984887935043,5.07136127671674,2.22044604925031e-16,1,SISTEM_SUDAH_IDEAL
20.2873922520861,22.6433712614798,3.39802603872551,4.01615953748076,0.110271352159625,1.26887282261657,2.22044604925031e-16,1,SISTEM_SUDAH_IDEAL
17.2971833636308,18.3641162481639,9.40607583300579,2.42814225307804,0.0856670087240324,2.09013312927787,0,1,SISTEM_SUDAH_IDEAL
8.9579255573284,3.52678618471307,4.58720781830833,2.33728979869059,0.231857584652139,3.1962100264177,0,1,SISTEM_SUDAH_IDEAL
48.9192176082396,23.8050789869167,1.57043535595677,21.7272966680781,0.076672583030195,0.436744523944489,1.11022302462516e-16,1,TURUNKAN_KP_ATAU_NAIKKAN_KD
39.6013783847629,21.5156953210953,3.05594798203262,8.62681643573813,0.081100023993448,0.385659949888337,1.11022302462516e-16,1,SISTEM_SUDAH_IDEAL
7.27879713020451,29.7868300035316,7.73078473089562,6.94979383407068,0.0887676736872746,3.66578409386423,3.33066907387547e-16,1,SISTEM_SUDAH_IDEAL
25.7618207495185,11.3457130380139,2.66308780296638,4.59594019830205,0.100281415078559,0.499772166181673,0,1,SISTEM_SUDAH_IDEAL
29.9411747648148,3.23655109195388,6.83440497084709,0.212541981199199,0.0841460504454726,0.255986663263429,1.50972789825232e-10,1,SISTEM_SUDAH_IDEAL
10.4119735117799,26.6516758814059,6.18592577758613,6.10989680735425,0.11627347564613,1.9540274761785,1.11022302462516e-16,1,SISTEM_SUDAH_IDEAL
1.88264366188501,25.4827489395615,1.3991035156765,44.7264697237426,0.320415281551877,63.1114952259609,2.39599467466434e-05,1,TURUNKAN_KP_ATAU_NAIKKAN_KD
11.6362411944026,11.267939323408,2.03094829832357,5.85891586834069,0.17908491731449,1.82016170552917,0,1,SISTEM_SUDAH_IDEAL
33.4682086902072,3.75814825766667,8.37356085371467,0.198492753028212,0.0833906478378483,0.25646032484968,7.12203629404939e-11,1,SISTEM_SUDAH_IDEAL
35.2400384526329,8.82247423997754,7.52997224176504,0.506772418364099,0.0829831935080941,0.182852332507243,0,1,SISTEM_SUDAH_IDEAL
41.8824435363355,8.14948320880216,5.24774216382385,1.65703804067603,0.0809586815893178,0.0991743849469143,2.22044604925031e-16,1,SISTEM_SUDAH_IDEAL
0.599576510349631,22.2681227447861,9.67452337771955,8.52306606932345,0.164791907030432,148.566594375408,0.010573267117008,1,SISTEM_SUDAH_IDEAL
48.904748335187,19.9052331467006,4.19750004750364,5.32567248250408,0.0781285716457688,0.319007357079569,1.11022302462516e-16,1,SISTEM_SUDAH_IDEAL
0.523731260922799,10.8882898460501,6.89644289986242,13.1941611784273,0.430072960212354,99.4341578909537,0.00509380858828656,1,SISTEM_SUDAH_IDEAL
20.3318641154462,7.10572857577608,9.56744405641928,0.980666532706942,0.085241055666775,0.540625713578323,1.11022302462516e-16,1,SISTEM_SUDAH_IDEAL
12.4273732562273,1.14213096501652,2.63305919724673,0.39897659704704,0.181115144186245,0.488407125929391,3.54795992585366e-09,1,SISTEM_SUDAH_IDEAL
40.4535193755688,23.898402423804,1.26833910747179,25.7361705489833,0.0835297388141774,0.472692577176231,2.22044604925031e-16,1,TURUNKAN_KP_ATAU_NAIKKAN_KD
6.51576564257125,1.9566233300147,8.29965121792784,1.88033057511783,0.0887729429713674,1.6380671431897,0,1,SISTEM_SUDAH_IDEAL
29.4302201071361,10.1795086999885,7.57696416820087,0.797636510049626,0.0840654013040185,0.26424761169553,1.11022302462516e-16,1,SISTEM_SUDAH_IDEAL
34.0060893122219,8.11167282986629,6.13664351405224,0.520751316358847,0.0831529213690087,0.162646238117634,1.11022302462516e-16,1,SISTEM_SUDAH_IDEAL
23.9103076401714,6.02336327746274,5.88495350892176,0.725407379144172,0.0860656955835236,0.31244532640477,0,1,SISTEM_SUDAH_IDEAL
43.0930102077934,22.1875889477891,8.48393204409166,0.85862106059249,0.0817906784256902,0.112758878777866,0,1,SISTEM_SUDAH_IDEAL
25.8291342241812,10.2330763643482,1.81199069691316,9.62748572569083,0.113088724464579,0.473343331980756,1.11022302462516e-16,1,SISTEM_SUDAH_IDEAL
4.19147918903882,13.8920806642341,0.913486691576008,29.4227250012744,0.315634821867934,3.58194445383063,3.33066907387547e-16,1,TURUNKAN_KP_ATAU_NAIKKAN_KD
29.5760357183658,25.210155246549,0.405523933557541,36.1700290430808,0.112466004664478,0.8649494549995,2.22044604925031e-16,1,TURUNKAN_KP_ATAU_NAIKKAN_KD
19.3424988347474,15.8971733041401,6.4834377157284,2.27398970614376,0.086829950337202,1.62662885735589,0,1,SISTEM_SUDAH_IDEAL
5.56269317457732,22.7321349141301,3.94060773231555,11.9618290011988,0.247763691187115,4.48821873882215,0,1,SISTEM_SUDAH_IDEAL
1.86580022918448,1.87722551377314,0.0999077913658086,28.1759430158962,0.624605372885088,4.81794893369122,2.22044604925031e-16,1,TURUNKAN_KP_ATAU_NAIKKAN_KD
28.8952889004014,22.8392019412221,0.870618471498207,25.8473002672492,0.110862207937372,0.859009955452131,2.22044604925031e-16,1,TURUNKAN_KP_ATAU_NAIKKAN_KD
3.2455171387498,19.2040813472671,9.04883870897362,7.72508275503039,0.0885375573217294,9.44606607805806,1.32737154601159e-11,1,SISTEM_SUDAH_IDEAL
20.6012062994626,23.4507937021654,5.05994065381381,3.14991460667393,0.087674123706598,1.43740438481964,0,1,SISTEM_SUDAH_IDEAL
13.2203188667331,11.3759961341009,4.72541698793073,3.31601132630264,0.142097873561589,2.1983069789902,2.22044604925031e-16,1,SISTEM_SUDAH_IDEAL
36.0886776485909,17.3841458509141,4.67565796649231,2.093807457451,0.0823574125707511,0.23512286533068,2.22044604925031e-16,1,SISTEM_SUDAH_IDEAL
13.0378455877269,19.3006690208009,0.382957199857443,32.798008247959,0.165797327548362,1.36007309543518,0,1,TURUNKAN_KP_ATAU_NAIKKAN_KD
3.1319228066769,22.1896551221951,0.2182149316892,81.335370976376,0.269720205909059,32.6333592469582,1.1369430508168e-08,1,TURUNKAN_KP_ATAU_NAIKKAN_KD
32.5553723005593,26.6413579994499,8.99797322552273,1.47255511674955,0.083297510286838,0.212866379999984,1.11022302462516e-16,1,SISTEM_SUDAH_IDEAL
14.8040658240468,24.3835538289515,5.67494443643431,4.42935262438577,0.0930587254406269,1.79095040758808,0,1,SISTEM_SUDAH_IDEAL
46.7523326602002,23.9553106152419,2.7667202990565,11.3119200244622,0.0777666268567342,0.340791116441408,0,1,SISTEM_SUDAH_IDEAL
50.0219826609118,21.8031690417786,2.86610748442914,10.6921662871122,0.0765185393909628,0.312574589686769,2.22044604925031e-16,1,SISTEM_SUDAH_IDEAL
29.6775958632858,22.473422100807,4.50236177110613,2.12761360819163,0.0846189245662111,0.655571457869713,0,1,SISTEM_SUDAH_IDEAL
2.15511865341491,28.6707550248171,4.831063081098,15.9302219945807,0.291536246370022,18.4073744011993,1.44567624538183e-09,1,SISTEM_SUDAH_IDEAL
4.26018918188745,1.59639668829624,6.30884650179824,3.09367281729487,0.448836746778941,7.23186215270609,4.44089209850063e-16,1,SISTEM_SUDAH_IDEAL
15.3433280553009,22.2068416689863,5.62932457039551,4.04682308043138,0.0910172439399797,1.81722957673773,0,1,SISTEM_SUDAH_IDEAL
35.7233503847531,19.3699499192844,3.06852658287554,7.47748595694808,0.0830937987332709,0.416554015840616,2.22044604925031e-16,1,SISTEM_SUDAH_IDEAL
27.2789938804998,23.9251940088597,6.78070655418866,1.94191212790624,0.084468592261196,0.215270477019858,3.33066907387547e-16,1,SISTEM_SUDAH_IDEAL
48.7951443321832,19.8073199608371,2.46551732403005,13.0304450857892,0.07683906174606,0.308853413147832,1.11022302462516e-16,1,SISTEM_SUDAH_IDEAL
22.6400827518746,7.55826148483304,7.60498639185892,0.931904572357056,0.0854981788781348,0.410299744961104,0,1,SISTEM_SUDAH_IDEAL
26.2105736452435,3.25842011689049,6.86298984526937,0.289362969318252,0.0850124434865667,0.339254394724466,1.48354661888561e-11,1,SISTEM_SUDAH_IDEAL
33.2277617593716,27.1723034116066,4.89805724330598,2.13224921993553,0.083088998968391,0.575952463577591,1.11022302462516e-16,1,SISTEM_SUDAH_IDEAL
23.2670426526295,19.9025140286773,9.37508994789458,1.80667575191995,0.0847082788542781,0.362938003591872,0,1,SISTEM_SUDAH_IDEAL
16.4432700559671,0.696372230527554,7.73083079766965,0.0240010760849119,0.0869248033275848,0.790578279486412,4.67649317270613e-07,1,SISTEM_SUDAH_IDEAL
4.34349109928616,16.0694666295923,7.98364745282384,7.28223146254285,0.133263575546172,7.24335907230322,1.11022302462516e-16,1,SISTEM_SUDAH_IDEAL
27.4762093348983,24.0847028698904,3.15577090269603,4.80459850159431,0.0875288408194832,0.80538418256402,1.11022302462516e-16,1,SISTEM_SUDAH_IDEAL
19.924986762838,14.1198675327893,2.64028642578311,3.79064538477358,0.126483349886446,1.13160791795692,0,1,SISTEM_SUDAH_IDEAL
38.9668543528083,14.8226760979545,6.26914162610045,0.779697620419273,0.0819208694431554,0.113941962072252,1.11022302462516e-16,1,SISTEM_SUDAH_IDEAL
25.7120739335587,25.3345222669043,8.01000947927832,2.02694222836111,0.0845236304254316,1.15787779282918,0,1,SISTEM_SUDAH_IDEAL
24.8836445736886,26.0140898574468,4.97110509632487,2.74899617331259,0.0860301982878621,1.16260780907753,2.22044604925031e-16,1,SISTEM_SUDAH_IDEAL
48.1899397348277,2.1849907493794,3.77426410184836,5.61209490858017,0.0783312349300528,0.288725541855539,1.62992416452568e-07,1,SISTEM_SUDAH_IDEAL
29.6461469166257,6.47553665453452,6.76435902685946,0.512761490249636,0.0841767682184608,0.241143787030877,0,1,SISTEM_SUDAH_IDEAL
33.4554282574158,22.6471338136022,7.81239988762799,1.31519817836974,0.083156326391537,0.183873921504675,0,1,SISTEM_SUDAH_IDEAL
30.8919651046232,24.2972787787403,2.90084008073603,7.15062026452113,0.0859712543993107,0.58127820433415,0,1,SISTEM_SUDAH_IDEAL
13.1100908293213,1.80738171390722,7.2192814492148,0.577246445805768,0.0881774535321473,0.904079445332115,1.38200562105339e-12,1,SISTEM_SUDAH_IDEAL
22.4027823674218,3.71635661834862,7.08517971731064,0.468249563417156,0.0858369941916687,0.441414427258319,2.17603712826531e-14,1,SISTEM_SUDAH_IDEAL
49.1960743245886,13.1751846125828,1.71680911757822,19.0555372391846,0.0767699645508,0.430042780927372,2.22044604925031e-16,1,SISTEM_SUDAH_IDEAL
0.498011380729141,8.31592741693187,4.47194024474281,17.8314588255067,0.703609338217591,87.0081825513098,0.00157587330796893,1,SISTEM_SUDAH_IDEAL
2.11590042376984,1.71192746412925,0.438869223097594,18.1165576112229,0.726728126353119,4.03591326180887,0,1,SISTEM_SUDAH_IDEAL
32.8684923590797,0.943363655022261,8.6123303730067,0,0.0835160894713869,0.288500523827913,4.08624774728139e-06,1,SISTEM_SUDAH_IDEAL
9.90468456533042,6.92976759332952,0.936683755652654,9.80728418022703,0.2161236969395,1.98740011625867,1.11022302462516e-16,1,SISTEM_SUDAH_IDEAL
45.8752855491714,4.88562662795949,3.53449169808477,6.34539231223505,0.0789215291554316,0.298784425975828,1.55660373479805e-10,1,SISTEM_SUDAH_IDEAL
4.1711685802248,17.8974721091172,3.86308027841118,13.0708165105127,0.315427658369693,6.3457398062056,1.11022302462516e-16,1,SISTEM_SUDAH_IDEAL
23.6567935062172,29.600875891259,1.63751828946324,14.4575541160319,0.117097179250023,0.692730215987113,0,1,SISTEM_SUDAH_IDEAL
47.337335768663,13.861548112047,9.42143043054623,0.451704478070947,0.0816033327162338,0.0999640825773864,1.11022302462516e-16,1,SISTEM_SUDAH_IDEAL
16.6251299058582,26.6681966124677,0.318061080057129,39.2058207997396,0.145866957605542,1.19619824930343,3.33066907387547e-16,1,TURUNKAN_KP_ATAU_NAIKKAN_KD
35.7077644689581,25.6837200102222,2.89137358039965,8.95181127362184,0.0831136492542572,0.457625331797997,2.22044604925031e-16,1,SISTEM_SUDAH_IDEAL
31.124119176814,29.4085706342412,5.07561954400247,2.31576073304034,0.0836978195547686,0.808644191314061,0,1,SISTEM_SUDAH_IDEAL
40.6791713547971,20.6733791804408,0.36642464995182,44.3477340402428,0.0896225369394749,1.0007149993228,0,1,TURUNKAN_KP_ATAU_NAIKKAN_KD
5.73397125120056,29.6087598140203,2.59618213528646,18.0767153746224,0.229620902370694,4.29078930965031,0,1,SISTEM_SUDAH_IDEAL
3.68828548388624,0.478121426866136,4.99250449042887,1.48533128147641,0.771636035552852,2.70256446143128,1.46327394645596e-13,1,SISTEM_SUDAH_IDEAL
10.7420355792548,24.0817312177439,5.69490154753104,5.95609203506424,0.130466032263123,1.96455090831727,1.11022302462516e-16,1,SISTEM_SUDAH_IDEAL
16.590710735359,15.4851897934387,4.13392364770859,3.3151581119393,0.123102154909515,1.68658776987232,1.11022302462516e-16,1,SISTEM_SUDAH_IDEAL
27.249820024717,29.084034933989,0.748396360049713,27.4254502111188,0.114659122751972,0.910448606327342,4.44089209850063e-16,1,TURUNKAN_KP_ATAU_NAIKKAN_KD
2.46001526201072,8.25164482326445,6.17125130681578,9.50537780086793,0.443539751893347,11.9315185426277,2.72559752545476e-12,1,SISTEM_SUDAH_IDEAL
19.9596313878903,21.2054365943163,3.87472526063367,3.52767583434306,0.103664173368734,1.3582201281871,1.11022302462516e-16,1,SISTEM_SUDAH_IDEAL
6.37997273704268,10.6800623360604,8.38023047284974,4.88022067768892,0.0885989735992187,3.59529479225808,0,1,SISTEM_SUDAH_IDEAL
36.0496889993429,16.9994059004496,2.79682544576821,8.83508145394991,0.0833018313214787,0.393558269902837,1.11022302462516e-16,1,SISTEM_SUDAH_IDEAL
29.3666381978821,11.6745863393893,1.73213416669072,13.2862117725394,0.101446092158084,0.424110892496813,0,1,SISTEM_SUDAH_IDEAL
1.31233912713671,27.4380234458233,8.46233775305916,10.4426936716589,0.14084817924509,36.9243593307819,8.51664862024926e-05,1,SISTEM_SUDAH_IDEAL
43.6381506118155,22.5702611159718,6.12078757917579,1.27179297386728,0.0807542212647812,0.098923921049357,0,1,SISTEM_SUDAH_IDEAL
10.1512172079499,7.71272255701851,0.0958801670788634,30.5399237452439,0.202303976086892,1.66894837176376,2.22044604925031e-16,1,TURUNKAN_KP_ATAU_NAIKKAN_KD
17.0647079766877,22.4816797111828,2.81596589412103,5.54953040994177,0.134860998401506,1.33832723236411,0,1,SISTEM_SUDAH_IDEAL
0.292780434557754,0.914756429879207,6.91451900686277,11.6335524173785,1.76833524452866,103.943141039399,0.00601194940161598,1,SISTEM_SUDAH_IDEAL
13.7102089046074,2.95998294970777,3.81469338902735,1.0403098074437,0.160649243370954,0.527501190945704,2.22044604925031e-16,1,SISTEM_SUDAH_IDEAL
31.7672461588048,10.2306861392226,6.30938400184554,0.741132270478406,0.0836662873329033,0.181786636312241,2.22044604925031e-16,1,SISTEM_SUDAH_IDEAL
32.757193097791,27.4999628966035,7.18189328911902,1.65667363550326,0.0831925374668887,0.170674513720879,3.33066907387547e-16,1,SISTEM_SUDAH_IDEAL
5.74700930485487,20.5507618036832,2.37833613245826,15.9196991860896,0.259572689749272,3.75424301700675,0,1,SISTEM_SUDAH_IDEAL
44.0106234794382,18.8875797702154,0.565429900655704,39.3166279415314,0.0836906794832949,0.680578705690587,3.33066907387547e-16,1,TURUNKAN_KP_ATAU_NAIKKAN_KD
35.0826153178404,12.9151992188979,2.34609534733345,11.0971695298822,0.0848648400000337,0.384691168468654,2.22044604925031e-16,1,SISTEM_SUDAH_IDEAL
33.2861010482316,17.7415685134137,7.55557954784307,1.08866276982962,0.083233434600496,0.186761721982232,3.33066907387547e-16,1,SISTEM_SUDAH_IDEAL
16.4488873919526,21.9748626869544,0.293759512248795,37.1446120849062,0.148340709171307,1.21081388673685,0,1,TURUNKAN_KP_ATAU_NAIKKAN_KD
5.52906117232804,26.3498306692681,3.28427472989967,14.7161053190784,0.24080949995874,3.97002936819841,2.22044604925031e-16,1,SISTEM_SUDAH_IDEAL
49.1769976268732,17.7654427800515,2.59506562905315,12.0247032546927,0.0767827238155614,0.305128568163634,3.33066907387547e-16,1,SISTEM_SUDAH_IDEAL
17.714625853738,14.6220519911552,2.76684666173722,3.72256355245046,0.135997255271702,1.386706443682,2.22044604925031e-16,1,SISTEM_SUDAH_IDEAL
40.2033389886015,7.97741749036077,1.90355871674899,15.8884748703427,0.0824753760789042,0.34428511483319,0,1,SISTEM_SUDAH_IDEAL
37.2616449822176,20.3859823885715,7.00892679252221,1.07299011890414,0.0823788100276893,0.138931761951769,3.33066907387547e-16,1,SISTEM_SUDAH_IDEAL
8.29893442031267,11.5586469555949,6.35417598346498,4.79887769871765,0.157013514237948,2.95496148548914,2.22044604925031e-16,1,SISTEM_SUDAH_IDEAL
7.75017359705228,4.89769580965692,8.11291145284516,2.83577404885886,0.0886219496143116,4.37468108482472,2.22044604925031e-16,1,SISTEM_SUDAH_IDEAL
41.2432013601629,26.3268703256715,1.18950908721604,27.4431959807615,0.0830286979903917,0.655513718120519,0,1,TURUNKAN_KP_ATAU_NAIKKAN_KD
32.1588319860517,16.8728226489049,8.57012077118855,1.04967984250854,0.0834565578350265,0.233031287196779,0,1,SISTEM_SUDAH_IDEAL
37.4833281651127,0.92533046335787,8.53546084113905,0,0.0828119626350808,0.200596253171251,9.38497020541718e-06,1,SISTEM_SUDAH_IDEAL
23.5368005615738,14.5763890599965,5.15795017500641,1.77238083572278,0.0866134082623935,0.230193837037875,0,1,SISTEM_SUDAH_IDEAL
19.5230516537531,11.5289226135317,2.04799453868703,6.06592489723847,0.135041101256342,0.935246284061991,0,1,SISTEM_SUDAH_IDEAL
5.53787770639414,21.451244115955,0.223092791248749,58.102739767614,0.234434250671018,3.52513754050095,1.11022302462516e-16,1,TURUNKAN_KP_ATAU_NAIKKAN_KD
49.9837372741895,2.27764586254735,3.923157916045,5.32033586831526,0.0778882945333158,0.284669173980889,1.56870148204646e-07,1,SISTEM_SUDAH_IDEAL
16.7029845772999,19.6092763429717,4.93283327381305,3.61618410249567,0.101721217661565,1.71429805046078,2.22044604925031e-16,1,SISTEM_SUDAH_IDEAL
1.26587521821955,1.22194913899078,4.03944561858157,10.0127823975937,1.48499470261834,14.6495178321186,1.08309627933068e-09,1,SISTEM_SUDAH_IDEAL
23.5569169040378,28.6145696514386,2.88967491718582,5.96496471285333,0.101218215508314,1.01357269485917,1.11022302462516e-16,1,SISTEM_SUDAH_IDEAL
33.0183616256271,20.0145204362994,0.0996145193141651,46.840742570789,0.108455467642303,1.21700227873501,0,1,TURUNKAN_KP_ATAU_NAIKKAN_KD
35.904461536451,14.1527330623419,0.880847532965575,29.4061930730346,0.0942302681235899,0.730930320066835,1.11022302462516e-16,1,TURUNKAN_KP_ATAU_NAIKKAN_KD
22.8325474458056,11.0865800867489,9.45655397331835,1.19328091611994,0.0848458109148191,0.433961513061251,5.55111512312578e-16,1,SISTEM_SUDAH_IDEAL
12.3925438169936,23.8014219584329,9.03755645815523,3.95339501611283,0.0866511452594478,2.29110579114188,2.22044604925031e-16,1,SISTEM_SUDAH_IDEAL
45.472285168652,6.76727368030652,3.34136357494057,7.17295420512087,0.0789400151365831,0.310022847249043,3.85469434149854e-13,1,SISTEM_SUDAH_IDEAL
0.942927999062132,12.5272283760883,8.162266864817,10.3553745098114,0.271882438985483,40.593421980126,0.000146117513683097,1,SISTEM_SUDAH_IDEAL
42.1519042846805,2.52172716624073,9.69789145243364,0.0486466883776737,0.0823450243663,0.177075174266572,6.22594471533233e-08,1,SISTEM_SUDAH_IDEAL
7.65734560676712,23.2799541765139,5.02416331485414,8.29874277316742,0.181380199804347,3.34009800602667,3.33066907387547e-16,1,SISTEM_SUDAH_IDEAL
36.359436910851,23.4458562928279,9.52113710308383,1.1107434559114,0.0828392388164836,0.192413435846724,0,1,SISTEM_SUDAH_IDEAL
30.5296519830617,9.12875233510177,8.95436395273954,0.647131564887227,0.0837757462254853,0.295145076243003,2.22044604925031e-16,1,SISTEM_SUDAH_IDEAL
17.990538743867,3.55290749014175,3.61174241972638,0.77409970136002,0.130030112864213,0.310923287285905,2.22044604925031e-16,1,SISTEM_SUDAH_IDEAL
21.9311997478777,21.1957117523523,8.94493387990866,2.07290488023839,0.0850194519015141,1.5133289253013,0,1,SISTEM_SUDAH_IDEAL
5.5938634604464,26.1684582112658,0.873252843143206,37.1910333352657,0.2369391543451,3.33062920437022,0,1,TURUNKAN_KP_ATAU_NAIKKAN_KD
10.8847200726951,0.226295064665103,3.94836640554975,0,0.198891315918158,0.917424244997337,7.48190008820204e-05,1,SISTEM_SUDAH_IDEAL
33.8001498952052,23.6869500224674,5.19205284930017,1.71312167991446,0.0829463106499342,0.134428995803529,0,1,SISTEM_SUDAH_IDEAL
27.8761824853376,14.8060689405781,9.35349480196505,1.13151746419249,0.0840743186414417,0.319986543138595,4.44089209850063e-16,1,SISTEM_SUDAH_IDEAL
44.6876774177393,17.50696727178,5.14619708079995,2.64776218573139,0.0800316581448336,0.266071244863991,4.44089209850063e-16,1,SISTEM_SUDAH_IDEAL
17.6207210806011,5.07010992244843,6.47258630610792,1.01500715402925,0.087541940343082,0.530048331185389,1.11022302462516e-16,1,SISTEM_SUDAH_IDEAL
7.64218500614335,3.9725315051538,1.03859412465126,5.78642283027357,0.270906785374572,2.67041582429786,3.33066907387547e-16,1,SISTEM_SUDAH_IDEAL
41.1310812765924,3.20843083302906,3.60378556719558,5.25984510479789,0.0807983744892356,0.304233307033939,7.73121011654609e-09,1,SISTEM_SUDAH_IDEAL
37.9905393739917,26.0388154701533,0.767194264385535,34.5940979247448,0.0889634333504802,0.74720488794077,0,1,TURUNKAN_KP_ATAU_NAIKKAN_KD
28.4305209910555,10.3784378194183,1.71508101299829,12.581190975072,0.105208064325939,0.432786630447118,1.11022302462516e-16,1,SISTEM_SUDAH_IDEAL
41.4881288146716,17.7717639097722,8.15087895326995,0.753177680670425,0.081972907361636,0.125915319259922,1.11022302462516e-16,1,SISTEM_SUDAH_IDEAL
17.1734844202317,27.0571337722512,1.16344746145484,19.0813752943261,0.142870025710744,0.792940532302269,0,1,SISTEM_SUDAH_IDEAL
29.6757609027249,19.3602687964789,0.604993605391522,30.7477346234226,0.111841356442451,0.85490045934711,1.11022302462516e-16,1,TURUNKAN_KP_ATAU_NAIKKAN_KD
40.7640586743937,28.7579290469998,7.58700630600562,1.24300885986095,0.0818041793439975,0.110579791691328,0,1,SISTEM_SUDAH_IDEAL
24.694970015883,17.7885211579813,3.72795264254744,2.45824658007514,0.0880729370038217,0.894943180947227,0,1,SISTEM_SUDAH_IDEAL
7.50296853816473,8.75506069653735,6.36930051316394,4.56004063351587,0.176482239361067,3.38713584521804,1.11022302462516e-16,1,SISTEM_SUDAH_IDEAL
22.5647953337825,26.0063137031948,6.9365560456227,2.60470922742877,0.0855269124901672,1.45715714918418,0,1,SISTEM_SUDAH_IDEAL
30.2889362618532,11.7174889662494,4.71876683665028,1.04786284416836,0.0844937341233147,0.16043423893531,0,1,SISTEM_SUDAH_IDEAL
14.5469487722549,29.2366389301061,0.811886066394903,25.9150899110792,0.15337402981892,0.716518935736019,2.22044604925031e-16,1,TURUNKAN_KP_ATAU_NAIKKAN_KD
21.5001405726476,2.44678954228931,8.52814628440387,0.294175076316128,0.0854455201528384,0.551451988761719,6.63886723373253e-11,1,SISTEM_SUDAH_IDEAL
44.2951071027423,6.78759568029373,4.78860706849914,2.78668564824787,0.0801034977375302,0.2547798922217,1.86073378927176e-13,1,SISTEM_SUDAH_IDEAL
32.0313438429677,12.1858432732983,0.909501252735585,25.9749128388194,0.104401761377262,0.728897532187223,1.11022302462516e-16,1,TURUNKAN_KP_ATAU_NAIKKAN_KD
35.1697565013651,23.5136018984908,6.85065808293615,1.33987593417018,0.0827270441831471,0.150230676813591,2.22044604925031e-16,1,SISTEM_SUDAH_IDEAL
35.0753849123041,9.92297909752088,6.73303466965936,0.594456619074957,0.0829210767879203,0.164244873250315,0,1,SISTEM_SUDAH_IDEAL
41.1439452698601,26.52663000522,7.82667286735607,1.1194429072098,0.0818403988012215,0.113766744674271,3.33066907387547e-16,1,SISTEM_SUDAH_IDEAL
23.4121981503106,23.6414489936989,2.74102878484746,5.81866843375851,0.105794914126965,1.00159942696853,1.11022302462516e-16,1,SISTEM_SUDAH_IDEAL
3.46884741715242,29.5307021638272,4.65789379522981,14.4502528468323,0.2567734304054,9.52781046258801,0,1,SISTEM_SUDAH_IDEAL
7.56639707958406,11.1810916488047,4.03533184250863,6.58045823876765,0.24789605947278,2.57164780025398,2.22044604925031e-16,1,SISTEM_SUDAH_IDEAL
28.0331089796546,23.8440670348818,2.66289769215244,7.10195684874881,0.0885790350888055,0.693659686743471,1.11022302462516e-16,1,SISTEM_SUDAH_IDEAL
18.257837651873,3.61664912737776,5.1715816475711,0.713548803168007,0.0899495565559546,0.455247432093547,2.22044604925031e-16,1,SISTEM_SUDAH_IDEAL
39.8605899729062,27.0997895986919,1.40542987511902,23.9689853291537,0.0833988056723754,0.442546157845457,0,1,TURUNKAN_KP_ATAU_NAIKKAN_KD
11.4287060540558,9.19932766785494,5.03653463255743,3.33113936458473,0.156589992905419,2.57747071430601,0,1,SISTEM_SUDAH_IDEAL
11.1276798132501,11.2066608830188,3.81916126193003,4.44956832608696,0.175180499707183,2.25922720284891,2.22044604925031e-16,1,SISTEM_SUDAH_IDEAL
36.9059391214094,24.31324196567,7.5117504517921,1.23687049800878,0.0824932367260892,0.147868536614947,1.11022302462516e-16,1,SISTEM_SUDAH_IDEAL
10.2297419277734,1.5600535709793,9.71225088619693,0.7298711725642,0.0868938089816176,1.33798532556549,1.17683640610267e-14,1,SISTEM_SUDAH_IDEAL
0.640112704157769,15.3409180858534,1.45451531936477,999,999,999,1,0,TURUNKAN_KP_DAN_KI
26.9745192537704,26.8650233993265,4.53919613014732,2.7204651318679,0.0855747396149623,1.00484654655656,1.11022302462516e-16,1,SISTEM_SUDAH_IDEAL
8.53405121246052,11.2756823760059,2.67634192329778,7.23456160428562,0.233286153317722,2.16317747802387,0,1,SISTEM_SUDAH_IDEAL
49.403269289666,26.96876937777,6.30658830408962,1.83817453981066,0.0796946524349845,0.0976259492328559,2.22044604925031e-16,1,SISTEM_SUDAH_IDEAL
15.6163953207361,16.7679930801253,7.74206981218214,2.82563302354644,0.0868792274250499,2.16366145885538,1.11022302462516e-16,1,SISTEM_SUDAH_IDEAL
4.20839220718358,21.8344120138651,4.52660036436852,12.4415228732658,0.278208178272755,6.44566229137284,1.11022302462516e-16,1,SISTEM_SUDAH_IDEAL
7.3398669039589,2.63583994880592,8.96952639692462,1.94052090287986,0.0879582812195132,1.4483962380977,0,1,SISTEM_SUDAH_IDEAL
22.8016043456427,26.6614481073763,4.0530323894446,3.56396857382668,0.0881793879514002,1.19513881185915,1.11022302462516e-16,1,SISTEM_SUDAH_IDEAL
27.6662735563174,2.5931451255387,7.77091644937099,0.180379805897468,0.0844799724955229,0.353920700373801,1.17884058070672e-09,1,SISTEM_SUDAH_IDEAL
6.51512902491086,3.4337285312875,5.65091326425059,3.23593167535636,0.290454308192104,4.63113597396392,2.22044604925031e-16,1,SISTEM_SUDAH_IDEAL
48.5085387082906,12.709862713127,4.9890081691875,3.17152234081843,0.0790514665668996,0.271507787515423,0,1,SISTEM_SUDAH_IDEAL
39.4218106689872,17.5205880818979,4.69927441856782,2.72015046480527,0.081292704238804,0.293101969805022,4.44089209850063e-16,1,SISTEM_SUDAH_IDEAL
23.7542019803419,10.1834702834546,6.27812375382498,1.19137822532607,0.085796749621475,0.306285544867254,0,1,SISTEM_SUDAH_IDEAL
6.36838878192266,16.7310852282029,9.17870936334405,5.44394027214112,0.0878094106831893,5.07659700519637,2.22044604925031e-16,1,SISTEM_SUDAH_IDEAL
16.9660551057375,9.83090681031094,5.76594769634101,1.96601299598214,0.0884495749354236,0.436027937810784,1.11022302462516e-16,1,SISTEM_SUDAH_IDEAL
34.5092653147528,18.7823213335945,9.29763911415831,1.00523196924625,0.0831104302768039,0.217521509427898,1.11022302462516e-16,1,SISTEM_SUDAH_IDEAL
16.6690198344292,12.5061974893393,3.35812878988053,3.05181150469618,0.136587798939845,1.57286296590328,1.11022302462516e-16,1,SISTEM_SUDAH_IDEAL
11.9890242708647,12.006688200297,9.53906325784543,2.77535900348105,0.0865738679313903,2.93613161993169,0,1,SISTEM_SUDAH_IDEAL
9.76143359448243,18.2460215822242,1.54563342505861,12.855552003557,0.192346850879834,1.38779265122764,1.11022302462516e-16,1,SISTEM_SUDAH_IDEAL
12.9363973025311,23.9877666848633,2.33752550340882,8.94702080589402,0.159872304055938,1.33920671899922,1.11022302462516e-16,1,SISTEM_SUDAH_IDEAL
18.5973725392472,9.52301737711248,8.85708745193991,1.45089206330811,0.0857645301230785,0.528173387987178,0,1,SISTEM_SUDAH_IDEAL
1.49665144767878,18.905549824771,2.32338319216728,29.3124546335842,0.39881506163647,29.1283018874421,1.73261840430428e-08,1,TURUNKAN_KP_ATAU_NAIKKAN_KD
35.7482551532032,2.27665089859483,9.70328365980221,0.066446087763028,0.0831161308180827,0.268397602902054,4.70274192920783e-08,1,SISTEM_SUDAH_IDEAL
20.3058850945703,24.9205733780576,2.85844680067376,5.33519138847509,0.11757205450404,1.17372582396319,0,1,SISTEM_SUDAH_IDEAL
0.849981474020067,17.2817667711482,0.575629194518322,999,999,999,1,0,TURUNKAN_KP_DAN_KI
30.3238112114712,18.5153754843597,7.82737024853039,1.28020219495792,0.0837696291095477,0.228611281521676,1.11022302462516e-16,1,SISTEM_SUDAH_IDEAL
27.3511583761669,14.2203024322082,3.31729999398331,3.12825601134001,0.0875432476758477,0.499469623548435,2.22044604925031e-16,1,SISTEM_SUDAH_IDEAL
14.1234710575957,25.5105625500748,2.11333274783557,9.60422049361831,0.153406622890975,1.22636383260465,1.11022302462516e-16,1,SISTEM_SUDAH_IDEAL
6.85949059022526,16.8834987779716,6.86946990357073,6.34056223513728,0.149159166611871,4.37901973968855,1.11022302462516e-16,1,SISTEM_SUDAH_IDEAL
18.2319507423208,20.6080967414727,3.44585241023004,4.12726269329755,0.121608079188727,1.40858944118619,0,1,SISTEM_SUDAH_IDEAL
41.5574330387262,19.8274260018027,3.55322529542403,6.60124073577595,0.080237488772641,0.370592407041002,3.33066907387547e-16,1,SISTEM_SUDAH_IDEAL
4.18081149089059,18.0199605436396,8.97199399142434,6.98255101441472,0.0884246846846874,7.32888162072769,5.77315972805081e-15,1,SISTEM_SUDAH_IDEAL
47.7479619901208,12.9281919752026,9.21719191323479,0.416702848912376,0.0815075696509747,0.099846772822444,1.11022302462516e-16,1,SISTEM_SUDAH_IDEAL
28.1114223278386,28.0628305815073,0.00508204452216998,44.5404901950434,0.116675662220207,1.33871663088025,1.11022302462516e-16,1,TURUNKAN_KP_ATAU_NAIKKAN_KD
21.7190355461199,18.1563436336298,7.90169017675935,1.98787058053946,0.0854360562392626,0.357299947424018,1.11022302462516e-16,1,SISTEM_SUDAH_IDEAL
48.7666216016325,25.4064701336899,9.97724003285924,0.756688000606442,0.0815046394958751,0.099843183382447,2.22044604925031e-16,1,SISTEM_SUDAH_IDEAL
32.4650608195879,4.69394280803121,0.277440948859499,37.6855637619833,0.110622025803466,0.788565001012403,1.17195142479432e-12,1,TURUNKAN_KP_ATAU_NAIKKAN_KD
47.4699567442257,3.12568747737011,5.61135739253209,1.67419164823419,0.0799124465841859,0.0978927470656277,2.91764636894953e-08,1,SISTEM_SUDAH_IDEAL
38.3656546913352,16.1906236397323,4.71947978239011,2.4084975067572,0.0816509212539407,0.268142793033246,1.11022302462516e-16,1,SISTEM_SUDAH_IDEAL
35.4787698682501,8.25821351134616,4.69842010090216,1.39555725899034,0.0827431428977651,0.127919858967517,2.22044604925031e-16,1,SISTEM_SUDAH_IDEAL
43.3257933907556,17.6500912851195,9.86713289779631,0.655241361060521,0.08211372877709,0.146683305553973,1.11022302462516e-16,1,SISTEM_SUDAH_IDEAL
47.1319205541021,28.4169778340546,5.67017291253619,2.5093266360213,0.0796550694911721,0.275696262299207,1.11022302462516e-16,1,SISTEM_SUDAH_IDEAL
0.711377261118978,9.36345032637541,8.72768631213846,9.72818813998992,0.249907823728117,51.7749599117018,0.000791242681017934,1,SISTEM_SUDAH_IDEAL
8.45751871704003,25.9313011132428,6.60764356692958,6.73164966264457,0.124028158371271,3.48119203239099,4.44089209850063e-16,1,SISTEM_SUDAH_IDEAL
5.56131370322653,29.213653925201,2.04362554513446,22.0266322719254,0.234229860098059,4.04783844273641,1.11022302462516e-16,1,TURUNKAN_KP_ATAU_NAIKKAN_KD
27.2386220244746,0.572295150266288,5.78719166066267,0,0.0851976910580994,0.268563159245624,2.86342652646709e-05,1,SISTEM_SUDAH_IDEAL
21.8897151289412,5.7535233808106,9.3050927911933,0.72664655881538,0.0850897758645389,0.509710405475539,1.11022302462516e-16,1,SISTEM_SUDAH_IDEAL
40.4833421429533,20.0233761244728,3.00987162618447,8.92116977434971,0.0807360564198241,0.376263047130489,0,1,SISTEM_SUDAH_IDEAL
2.94625582048056,2.10524243238965,6.71961077621374,5.05398787374729,0.54999808361952,7.57796707143625,2.46469511466785e-14,1,SISTEM_SUDAH_IDEAL
27.3599497552081,14.5501395548125,5.64285071777879,1.36866165735081,0.0849727592605449,0.194177054524879,1.11022302462516e-16,1,SISTEM_SUDAH_IDEAL
40.5399181469357,23.8647147749507,1.1220490767994,28.1392817211035,0.0840702296027512,0.670740627221173,1.11022302462516e-16,1,TURUNKAN_KP_ATAU_NAIKKAN_KD
25.1533314242551,2.09298108405341,8.66924874036808,0.158776866618515,0.0847573436102007,0.454817105830709,5.25476462343022e-09,1,SISTEM_SUDAH_IDEAL
44.0389820285414,26.7353284080124,6.37009860901617,1.26603949693984,0.0807461400498902,0.0989140215611155,2.22044604925031e-16,1,SISTEM_SUDAH_IDEAL
35.1416491372686,11.9274099045048,7.79998813879357,0.683452792497485,0.0829886271304232,0.185194312075493,2.22044604925031e-16,1,SISTEM_SUDAH_IDEAL
14.0514208329741,3.80312892321725,8.59886119784654,1.04595430905305,0.0868376872011151,0.81700553527096,1.11022302462516e-16,1,SISTEM_SUDAH_IDEAL
49.5771784410202,19.628000036175,0.500490066912694,40.3428151438739,0.0783528217654933,0.648747623489626,4.44089209850063e-16,1,TURUNKAN_KP_ATAU_NAIKKAN_KD
41.5198467300458,27.590281503051,0.8572910648579,33.799102659566,0.0842413069368796,0.707874574438468,0,1,TURUNKAN_KP_ATAU_NAIKKAN_KD
46.4117788217312,26.635781545742,2.4266576533805,13.7711570556553,0.0777744691174826,0.338503371441264,3.33066907387547e-16,1,SISTEM_SUDAH_IDEAL
20.0909318144958,3.12782584772003,9.56326014801863,0.449701244816514,0.0853210277309229,0.62095871994522,6.15063555642337e-14,1,SISTEM_SUDAH_IDEAL
8.84397331182921,15.2752155205815,4.22923757711928,6.59571043942859,0.192180785264585,2.21588933593596,0,1,SISTEM_SUDAH_IDEAL
31.8208976452412,16.4046579080584,1.29093816043745,20.7431310153938,0.0992359343674098,0.387860367574495,0,1,TURUNKAN_KP_ATAU_NAIKKAN_KD
24.8591373021168,15.0108468951179,4.27523858247871,1.84677327092326,0.0871033189062103,0.182785147482548,0,1,SISTEM_SUDAH_IDEAL
30.2872351877086,2.62824769748431,2.15408278871914,9.12804040693245,0.0925273551229469,0.383645513145283,3.39951466976629e-09,1,SISTEM_SUDAH_IDEAL
18.2175702539843,6.90537891837916,1.40239921558653,9.48263632719246,0.146365240611905,0.598063707122736,0,1,SISTEM_SUDAH_IDEAL
35.9948907097977,8.52077121313943,5.67361995538358,0.514929275504561,0.0826095211121478,0.136720810165233,2.22044604925031e-16,1,SISTEM_SUDAH_IDEAL
5.1731297584316,28.3770046556797,3.64856260707195,14.5597305326634,0.238057748408149,5.1142564582791,0,1,SISTEM_SUDAH_IDEAL
31.8534806238937,28.9776742623296,5.34317993517169,2.12922324189111,0.0834227328851319,0.738960944469226,0,1,SISTEM_SUDAH_IDEAL
1.73226737415896,10.0204226732262,0.838911929714187,44.1973701710374,0.462119973082294,13.519076362593,2.22044604925031e-16,1,TURUNKAN_KP_ATAU_NAIKKAN_KD
39.5016009317675,12.0861502270058,1.30298414761439,23.4687770826757,0.0847635130438681,0.480025484476819,0,1,TURUNKAN_KP_ATAU_NAIKKAN_KD
35.5312410299108,19.8461533235327,2.78764731615742,8.99022342509428,0.0835249841488216,0.41377496525753,1.11022302462516e-16,1,SISTEM_SUDAH_IDEAL
24.775832520366,22.2561794329278,4.69180631146348,2.50437791813083,0.0864342963364721,1.10115319565591,0,1,SISTEM_SUDAH_IDEAL
44.4633894887538,10.7789203173792,7.59112717827584,0.412626245559045,0.0814184082167218,0.0997375500654842,2.22044604925031e-16,1,SISTEM_SUDAH_IDEAL
3.80064989919002,0.323958340831283,5.85520341348157,0.818546318215052,0.653684025326409,3.16633358042925,4.94665153283336e-09,1,SISTEM_SUDAH_IDEAL
42.9510722383565,17.3915124681305,9.53252813759604,0.661476006311568,0.0820972167277731,0.143452846913662,2.22044604925031e-16,1,SISTEM_SUDAH_IDEAL
17.0079082138646,9.50017858297441,7.38529039934705,1.74655468073883,0.0868974204473186,0.51473035930353,2.22044604925031e-16,1,SISTEM_SUDAH_IDEAL
7.54168247574773,29.8739363610028,2.72146778685333,14.7097179783572,0.197763870191127,2.39076639838064,0,1,SISTEM_SUDAH_IDEAL
7.63177367973143,22.4107306839421,1.66650535857901,17.4105963767818,0.217367023192424,2.21159685013379,1.11022302462516e-16,1,SISTEM_SUDAH_IDEAL
40.0280877848809,22.9128906453504,0.868273478778094,32.6132605746312,0.0859940752287442,0.717150745101908,1.11022302462516e-16,1,TURUNKAN_KP_ATAU_NAIKKAN_KD
49.2379377014116,20.1939963240498,2.86264832035291,10.5982431130454,0.0768661617728276,0.316301581930164,0,1,SISTEM_SUDAH_IDEAL
13.5718050814671,15.1867703709074,5.72078373900175,3.59045573553838,0.108719483851832,2.16755532081956,1.11022302462516e-16,1,SISTEM_SUDAH_IDEAL
9.68919464915403,17.7715946571214,4.32980076696388,6.51451872621946,0.176082436844786,2.05553244417813,1.11022302462516e-16,1,SISTEM_SUDAH_IDEAL
6.45574060110771,4.78756885403659,2.16945441047914,5.98966103943355,0.347653405868543,3.11053956055,0,1,SISTEM_SUDAH_IDEAL
14.8001552275272,23.4175170280793,3.23754139116225,6.02930642760424,0.142629503402872,1.47099469692563,2.22044604925031e-16,1,SISTEM_SUDAH_IDEAL
28.6561733585025,18.7299801649135,3.37362602105375,3.65987201812465,0.0865277415886735,0.595710288244187,1.11022302462516e-16,1,SISTEM_SUDAH_IDEAL
49.9558730541837,21.4291961388509,6.06002305536791,2.00475358811565,0.0794804535362122,0.200737950926017,4.44089209850063e-16,1,SISTEM_SUDAH_IDEAL
17.823286363121,5.80987426116476,2.202759975165,2.82893167588643,0.144746246609118,0.580136554640444,1.11022302462516e-16,1,SISTEM_SUDAH_IDEAL
3.14094114881242,23.498819984984,1.74204169785215,30.4031620010754,0.303315821828971,8.62524445357681,2.22044604925031e-16,1,TURUNKAN_KP_ATAU_NAIKKAN_KD
10.2044603623112,2.01529548622782,7.86787177453758,1.00249293961607,0.0883003667487683,1.16288660901032,0,1,SISTEM_SUDAH_IDEAL
10.7890751192732,6.82700003343876,7.29243699621992,2.50258745479526,0.0886627985487477,3.14877944502879,0,1,SISTEM_SUDAH_IDEAL
35.7355964438363,6.87054941326718,3.99460056271731,3.03494799677155,0.0828219451344292,0.287544037532672,8.88178419700125e-16,1,SISTEM_SUDAH_IDEAL
29.4647202861679,14.8527543801255,9.57024177574786,1.03755184350602,0.0838272237355689,0.30021530559228,2.22044604925031e-16,1,SISTEM_SUDAH_IDEAL
44.6887157933691,21.7134929376262,0.910857833908366,32.1260754067484,0.0811980112552657,0.664921846702965,1.11022302462516e-16,1,TURUNKAN_KP_ATAU_NAIKKAN_KD
15.8807905883985,5.41951775844068,1.04648101371915,11.0215110633185,0.158916894112259,0.633329664657911,1.11022302462516e-16,1,SISTEM_SUDAH_IDEAL
14.1185466572513,29.7585844450056,4.39068619875545,6.15636302655054,0.126735230396482,1.51995744953651,0,1,SISTEM_SUDAH_IDEAL
10.2494054726745,22.234824719946,9.76173591714701,4.24267405292369,0.0866361536380012,2.54615176674064,0,1,SISTEM_SUDAH_IDEAL
25.3198064617285,28.7422748027474,9.24103637711888,2.1132903183031,0.0843298624753816,1.33941939833832,2.22044604925031e-16,1,SISTEM_SUDAH_IDEAL
25.8135096719844,10.5680661039556,6.35345965468727,1.07614947041277,0.0851839058645585,0.271298703291046,2.22044604925031e-16,1,SISTEM_SUDAH_IDEAL
13.8360231814854,10.183712401868,7.99067465507177,2.32360675471972,0.0872097459940618,2.50321041307089,1.11022302462516e-16,1,SISTEM_SUDAH_IDEAL
11.9963154802638,5.70594443304418,8.73219603982056,1.80237380951669,0.0871434525598352,0.843834795734237,2.22044604925031e-16,1,SISTEM_SUDAH_IDEAL
0.635869479626505,24.3814005260543,4.6482098394865,999,999,999,1,0,TURUNKAN_KP_DAN_KI
19.9159307554255,12.4635094016366,3.05196025945674,2.60448698391587,0.12202598294043,1.10548805181167,2.22044604925031e-16,1,SISTEM_SUDAH_IDEAL
24.0237954302419,9.1344300572364,3.02627755220101,2.62442706167736,0.102563813170836,0.438370679826902,2.22044604925031e-16,1,SISTEM_SUDAH_IDEAL
41.6115470051429,14.9319344960943,6.17470351699092,0.756078450959308,0.0813143952433469,0.0996101341730999,0,1,SISTEM_SUDAH_IDEAL
33.7947979594558,5.93345292079429,4.13459776086865,2.07006959357714,0.083568988965094,0.211407697287888,7.99360577730113e-15,1,SISTEM_SUDAH_IDEAL
29.8420624038791,11.5910308918068,6.10251351171431,0.939786548055066,0.0841653744123388,0.190177786085475,2.22044604925031e-16,1,SISTEM_SUDAH_IDEAL
0.907920941949181,15.5043386975359,5.40454443276676,15.3125433443077,0.443254527323613,46.7402575062614,0.000229768019973209,1,SISTEM_SUDAH_IDEAL
46.9785407099158,28.1824875025096,4.17585472788664,5.62612047498807,0.0785197435129345,0.360727938957075,1.11022302462516e-16,1,SISTEM_SUDAH_IDEAL
14.7596400245712,0.183204984904883,3.50835701122672,0,0.157548205374271,0.53436323515063,0.000288909333052034,1,SISTEM_SUDAH_IDEAL
25.1675690092427,2.54855934031466,1.76474452701465,8.1915972913724,0.118264568351132,0.430362537896671,5.80241854564179e-10,1,SISTEM_SUDAH_IDEAL
32.2162368021489,27.877546676232,8.35983264847567,1.59381950228206,0.0833257079652245,0.196969109442361,0,1,SISTEM_SUDAH_IDEAL
17.084663429923,0.81316905865791,2.29933426474329,0.748858073179282,0.151005574723097,0.23329789632847,4.35211288785098e-07,1,SISTEM_SUDAH_IDEAL
32.2279493420705,16.3250776481618,2.80905227433686,7.40985002893713,0.0855899996260376,0.447684362136549,2.22044604925031e-16,1,SISTEM_SUDAH_IDEAL
18.3106520110153,17.8924557220369,8.32368036904432,2.36906641828714,0.0859525549492729,1.90661363508675,4.44089209850063e-16,1,SISTEM_SUDAH_IDEAL
35.9718307482298,3.96863310810196,2.23619487071627,11.3046986110025,0.0848333609906443,0.360938424986182,1.18653087355369e-10,1,SISTEM_SUDAH_IDEAL
10.937692280046,7.71904520966862,8.90044760931943,2.44337132825185,0.0872157406815761,3.27450219269709,4.44089209850063e-16,1,SISTEM_SUDAH_IDEAL
36.8587540688348,15.3092283643731,4.64343395654809,2.21452908246857,0.0821440080459202,0.247499577852897,1.11022302462516e-16,1,SISTEM_SUDAH_IDEAL
1.54411800189705,12.7485058576517,2.61756012965391,23.8760557559431,0.489092760196057,18.5567935584378,8.81237305350169e-11,1,TURUNKAN_KP_ATAU_NAIKKAN_KD
18.4739435145637,5.08196673727097,7.32915248222941,0.911809482562553,0.0866399105063262,0.545993318005189,0,1,SISTEM_SUDAH_IDEAL
15.8439765134651,19.6925930933852,6.62801397062416,3.31335958038728,0.0876685904215675,1.96514215412559,0,1,SISTEM_SUDAH_IDEAL
26.3951061348117,17.1225180482091,7.75430056818183,1.47166637426301,0.0845469629331743,0.285038934180396,3.33066907387547e-16,1,SISTEM_SUDAH_IDEAL
46.9746979617172,28.8941214685448,0.138379436721285,52.9416489622043,0.0825775843280405,1.02510313248328,1.11022302462516e-16,1,TURUNKAN_KP_ATAU_NAIKKAN_KD
1.96423897890958,28.6381183131882,3.73469928278394,20.4070305094401,0.311283219663157,21.8059623871167,1.54148611652971e-08,1,TURUNKAN_KP_ATAU_NAIKKAN_KD
29.3125542452784,17.2779159590972,4.12469740289113,2.00266537497125,0.085200942296673,0.304998640359925,0,1,SISTEM_SUDAH_IDEAL
26.5905567518263,11.1199862853271,8.39040834684833,0.988482441930039,0.0844618290355263,0.334405115955701,1.11022302462516e-16,1,SISTEM_SUDAH_IDEAL
28.9996871538127,3.57198607858005,7.17995192774521,0.260566631411607,0.0842965698304852,0.288681641729523,1.65019109488185e-11,1,SISTEM_SUDAH_IDEAL
4.47513609588348,8.03592232651882,0.998196265020679,18.5212279391155,0.357892803164433,3.15373986171714,2.22044604925031e-16,1,SISTEM_SUDAH_IDEAL
19.9665761204197,19.5119037258409,9.43663039945789,2.13933117598273,0.0852111544863151,1.75356653665746,2.22044604925031e-16,1,SISTEM_SUDAH_IDEAL
12.5908750046283,9.31339341103422,6.13048345608085,2.74272317341739,0.109467071590762,2.55319525976654,2.22044604925031e-16,1,SISTEM_SUDAH_IDEAL
35.2092157984556,8.62924373154578,1.87092654903604,14.7095145670567,0.086374640528847,0.371058310347157,2.22044604925031e-16,1,SISTEM_SUDAH_IDEAL
26.5248823514028,8.35276213286153,4.48855339347219,0.917300073858152,0.0862524990084377,0.182932613010826,0,1,SISTEM_SUDAH_IDEAL
2.06925142520715,28.128205615076,1.18087879338247,54.0762587469929,0.290360605374294,149.822959220801,0.0201562873944529,1,TURUNKAN_KP_ATAU_NAIKKAN_KD
26.2996175311133,23.4795058467149,3.25534009929456,4.30903378418273,0.088036742274211,0.88454073065979,3.33066907387547e-16,1,SISTEM_SUDAH_IDEAL
31.0436664501212,2.26678331260183,0.391298877060656,32.798803230713,0.113342456757007,0.7916223216108,1.98404188633816e-08,1,TURUNKAN_KP_ATAU_NAIKKAN_KD
3.8218096138822,25.5144361020101,8.10094761323284,8.51350051504283,0.117496062564068,9.32881761644239,1.59872115546023e-14,1,SISTEM_SUDAH_IDEAL
15.9867990366244,21.6830945867344,8.48200276046057,3.07550152036595,0.0862896821951794,2.08433368288876,2.22044604925031e-16,1,SISTEM_SUDAH_IDEAL
3.18113291659364,19.9032869459076,8.22944554237269,8.46572922021114,0.1321122059417,10.8028219243056,6.59494681087835e-12,1,SISTEM_SUDAH_IDEAL
5.31792676563748,2.81188923480528,5.97573150882482,3.52087602663744,0.352960483808012,5.50451699774662,2.22044604925031e-16,1,SISTEM_SUDAH_IDEAL
32.3181346940326,2.13221503168436,9.56711979899067,0.0792680227724052,0.0835609269972723,0.323541881247003,3.93273771326363e-08,1,SISTEM_SUDAH_IDEAL
5.77154066318417,0.129295811661905,6.30776674586129,0,0.333604628511825,2.55800947361792,9.6242829732196e-05,1,SISTEM_SUDAH_IDEAL
42.6942255783836,13.3839551851928,8.74189203094432,0.53207011966534,0.0819968368171987,0.132486147692938,0,1,SISTEM_SUDAH_IDEAL
41.0592804658995,5.3220498068755,1.13844754170745,25.4895223138558,0.0843416175453522,0.493841505700373,7.4495964952348e-12,1,TURUNKAN_KP_ATAU_NAIKKAN_KD
22.7701777541716,27.9784046282142,6.4860158114482,2.80863994538663,0.0856577978425241,1.41098557011755,0,1,SISTEM_SUDAH_IDEAL
1.62132044429746,29.8414321430623,5.71502524531964,14.6248577486132,0.276219987605867,28.4493568551005,5.77478862284764e-07,1,SISTEM_SUDAH_IDEAL
40.8645305261698,9.47444592302894,1.12685422349719,26.1922394988457,0.0843916890072802,0.492353725574071,0,1,TURUNKAN_KP_ATAU_NAIKKAN_KD
3.03065840391701,26.3667039061392,0.765384053662777,55.8690733529446,0.279225768065729,17.9201881674955,2.51798581984986e-13,1,TURUNKAN_KP_ATAU_NAIKKAN_KD
25.3529549799229,5.13164210587253,0.910018760084919,17.277364565149,0.123993435765497,0.602408330635869,0,1,SISTEM_SUDAH_IDEAL
4.23470308399952,7.63449267596481,5.90968999109577,7.09661993424751,0.351598539070296,6.34506645330151,1.11022302462516e-16,1,SISTEM_SUDAH_IDEAL
14.0178252009068,6.99466905503435,2.05737835931807,3.09477911192246,0.166182513842921,1.516413435782,1.11022302462516e-16,1,SISTEM_SUDAH_IDEAL
15.9409572993884,28.225274269698,3.67185105291578,5.91024267411093,0.127578054598477,1.396808899673,0,1,SISTEM_SUDAH_IDEAL
1.90903360055792,8.77464155675686,8.49474646304978,8.25008723541753,0.192262936748556,16.7419473089333,4.07040496863686e-08,1,SISTEM_SUDAH_IDEAL
23.7749480620532,15.3817047007052,2.14327536942317,7.55417558695777,0.115264595041322,0.670520667462884,0,1,SISTEM_SUDAH_IDEAL
46.2869282717945,4.96536841251419,2.86095065453876,9.42156357054531,0.0784767102268124,0.304613270087569,1.41584965973607e-10,1,SISTEM_SUDAH_IDEAL
0.30047265202377,13.0873621959569,3.84478885325365,999,999,999,1,0,TURUNKAN_KP_DAN_KI
49.7019218267282,7.88824319844851,2.0556468645053,15.302230024218,0.0766085564123919,0.292078447723957,9.37028232783632e-14,1,SISTEM_SUDAH_IDEAL
4.83856681534526,4.16824287325546,9.29457850647591,3.81316404147363,0.088174747885657,5.83614904205845,0,1,SISTEM_SUDAH_IDEAL
40.5690396253155,26.1272160578065,8.61976437603003,1.07954414919904,0.0821305260358321,0.136388223823176,0,1,SISTEM_SUDAH_IDEAL
11.3155433475718,20.621309264529,2.99808265462904,7.63279738625366,0.169803258960801,1.62088414127295,1.11022302462516e-16,1,SISTEM_SUDAH_IDEAL
38.5524277728058,24.8858590083106,7.9262320898774,1.15716948970228,0.0822925385901868,0.141400341489188,0,1,SISTEM_SUDAH_IDEAL
30.6123163515831,4.3012051295998,9.21549207025173,0.284305894333725,0.0837953294948539,0.331296770323939,9.78994663114463e-13,1,SISTEM_SUDAH_IDEAL
21.2571768442232,3.85942553549751,0.733864342158843,19.7876625929252,0.137893942989412,0.651252531439276,7.54951656745106e-15,1,SISTEM_SUDAH_IDEAL
28.599624214159,4.14228452723419,1.20689137177151,17.1502619586671,0.112293508376623,0.517036905591505,1.16018306073329e-12,1,SISTEM_SUDAH_IDEAL
19.1037222298348,29.8569640657334,3.50810133269077,5.27767140388966,0.111765790507258,1.25125487604402,3.33066907387547e-16,1,SISTEM_SUDAH_IDEAL
45.4763508402884,14.0875722535275,2.64374215209555,11.2787151711862,0.0785751048232526,0.329821502505172,0,1,SISTEM_SUDAH_IDEAL
12.8145056451029,4.78775847090389,5.6005540980215,1.6657178237631,0.130612716835316,0.664745328618985,3.33066907387547e-16,1,SISTEM_SUDAH_IDEAL
9.789477583808,2.95403550106824,3.00265679509952,1.96852289863931,0.236335291178559,0.635438276409598,2.22044604925031e-16,1,SISTEM_SUDAH_IDEAL
11.6655835843182,18.1765454156675,4.78213081525798,5.19284435393479,0.148873335476128,2.02367120542097,1.11022302462516e-16,1,SISTEM_SUDAH_IDEAL
46.547681051786,12.9562959718775,6.11260100377546,1.29206716623989,0.0802923943949418,0.0983581831338037,2.22044604925031e-16,1,SISTEM_SUDAH_IDEAL
3.90825451647526,0.753933491217849,1.33629470480094,2.90271519390426,0.678040153990612,5.18053517999715,2.22044604925031e-16,1,SISTEM_SUDAH_IDEAL
7.49760886842126,14.2833319226257,4.10858470537818,7.49777085454992,0.233027382993268,2.32293839592641,2.22044604925031e-16,1,SISTEM_SUDAH_IDEAL
39.0668245099003,17.6785289127161,2.19271173278278,13.9643701043067,0.0823516444280411,0.367769187174124,3.33066907387547e-16,1,SISTEM_SUDAH_IDEAL
44.5157703845064,27.5177153244505,6.44692524399156,1.26821086695452,0.0806841827845105,0.0988381239110254,1.11022302462516e-16,1,SISTEM_SUDAH_IDEAL
19.5336014194313,28.2870173941008,6.11950523922087,3.47803103979036,0.0868438851690378,1.54810502436153,0,1,SISTEM_SUDAH_IDEAL
42.446803685849,5.33764763544403,9.12639919371994,0.187111386157057,0.0821871434797259,0.155570969589202,8.39950331510408e-12,1,SISTEM_SUDAH_IDEAL
8.22803954118701,3.93790621774894,2.76428944137735,3.39725102041097,0.280865696292699,3.08729532876066,2.22044604925031e-16,1,SISTEM_SUDAH_IDEAL
17.4174835231013,2.65292749939426,1.92047455871539,3.2231843567013,0.150133614909199,0.481074349818206,4.93605156748345e-13,1,SISTEM_SUDAH_IDEAL
16.4093052594378,23.1422474756039,9.07413167337777,2.99887916995385,0.085905505343479,2.06942213294819,4.44089209850063e-16,1,SISTEM_SUDAH_IDEAL
17.682264778368,11.6496618962905,1.58772262920632,8.76282054230519,0.145785059205293,1.12170006784493,1.11022302462516e-16,1,SISTEM_SUDAH_IDEAL
42.4468621355771,6.39269915303496,0.00499897666860649,53.3273253015939,0.0928089220551734,1.05591192729606,3.95683485976406e-13,1,TURUNKAN_KP_ATAU_NAIKKAN_KD
48.1772668621264,29.2840371523905,7.92810404683312,0.985840787620784,0.0808172024194995,0.0990010729638868,2.22044604925031e-16,1,SISTEM_SUDAH_IDEAL
9.33966503592616,4.471098953291,2.58567319280921,3.20640768740541,0.242849074005879,2.67472943040692,1.11022302462516e-16,1,SISTEM_SUDAH_IDEAL
30.9095696688651,28.3310181090256,4.5367146352163,2.56361103845721,0.0839936193174493,0.779955547248312,0,1,SISTEM_SUDAH_IDEAL
14.2000294564303,0.353565647352921,1.03382245464811,6.70508673618386,0.171536584214014,0.565669386783907,2.40426310483821e-05,1,SISTEM_SUDAH_IDEAL
43.5097891615517,4.38460310257194,7.01149638406887,0.139078287269911,0.0814269405418729,0.0997480021637942,3.24958726594105e-10,1,SISTEM_SUDAH_IDEAL
32.4416163608637,6.2431935048209,3.8358076821662,2.48715954037215,0.0843404795761312,0.270112945906056,8.88178419700125e-16,1,SISTEM_SUDAH_IDEAL
39.7900513915105,23.1878654983278,7.81708644841509,1.04456905663151,0.082088849558193,0.129643843664409,2.22044604925031e-16,1,SISTEM_SUDAH_IDEAL
25.5909231928494,7.70848245203097,5.99831229921344,0.821845355166739,0.085458586151645,0.272707765582439,2.22044604925031e-16,1,SISTEM_SUDAH_IDEAL
28.3279299345606,10.6338487976247,1.61061308073748,13.5458735329771,0.106912842301357,0.430994837697934,0,1,SISTEM_SUDAH_IDEAL
26.2671722061568,4.64518107354511,9.05051981934261,0.423534316369056,0.0844677905591012,0.409273192382617,2.44249065417534e-15,1,SISTEM_SUDAH_IDEAL
35.1256134834507,28.0171784996884,5.26237433758057,1.91973938600252,0.0824747604947524,0.123030469495633,2.22044604925031e-16,1,SISTEM_SUDAH_IDEAL
13.8370899540412,6.91769895934875,3.11587322465974,2.45075855019383,0.162315882766893,1.74629429137994,2.22044604925031e-16,1,SISTEM_SUDAH_IDEAL
18.383346467711,29.8363883814706,1.52972879290119,15.2624080310165,0.135715261660275,0.902142598937168,0,1,SISTEM_SUDAH_IDEAL
41.719736991027,8.21252835707712,9.12694589380027,0.328228765943006,0.0822520706433135,0.158912326764674,2.22044604925031e-16,1,SISTEM_SUDAH_IDEAL
23.6851603388481,29.5834492519447,0.872783106830811,25.2843248003358,0.122727999635563,0.972933291405451,0,1,TURUNKAN_KP_ATAU_NAIKKAN_KD
30.2852697412468,1.14994106969164,2.93856005034956,4.46534641895631,0.0870328400208947,0.345287458048625,5.63564045430454e-08,1,SISTEM_SUDAH_IDEAL
24.366135784362,5.05980113824046,6.08930748511131,0.578530593556748,0.0858168499004843,0.323285343523223,0,1,SISTEM_SUDAH_IDEAL
25.3324411996399,23.5694986680505,1.40924131480248,15.2766997225343,0.115555923150897,0.497056589320432,3.33066907387547e-16,1,SISTEM_SUDAH_IDEAL
17.3123649216187,4.35977230003228,4.8842147338915,0.966814231983681,0.106921651643963,0.45142124968886,3.33066907387547e-16,1,SISTEM_SUDAH_IDEAL
23.5925230009092,25.2163542728456,5.32600869766016,2.75403013869426,0.0862151759955666,1.26981404399037,3.33066907387547e-16,1,SISTEM_SUDAH_IDEAL
40.9666747432657,22.6358833550555,0.390275828520669,44.1083472013564,0.08856429466232,0.815951334139637,1.11022302462516e-16,1,TURUNKAN_KP_ATAU_NAIKKAN_KD
5.31838644888497,8.70320492530103,5.44702602292681,6.67131140833606,0.307029341700996,5.25115290507232,0,1,SISTEM_SUDAH_IDEAL
6.17648586287678,18.1699598405829,6.60071822360725,7.16960924929921,0.170393412147204,4.34428501984006,0,1,SISTEM_SUDAH_IDEAL
18.1297784645859,7.99651715641326,8.88917623352832,1.3108720244406,0.0858531267588792,0.565211934516108,2.22044604925031e-16,1,SISTEM_SUDAH_IDEAL
18.8560481041191,20.2311644885586,3.23816236135631,4.09658081614681,0.121441410971834,1.34801312399133,2.22044604925031e-16,1,SISTEM_SUDAH_IDEAL
40.5609876567755,2.67526586044806,3.40745833039301,5.85084277311243,0.0810554136686359,0.313566399936715,3.41306487516846e-08,1,SISTEM_SUDAH_IDEAL
25.1407788125561,3.95372225393054,9.65592175630455,0.379609923683244,0.0845295066989513,0.462884975612876,5.92859095149834e-14,1,SISTEM_SUDAH_IDEAL
20.5290204899115,29.1370434749797,6.37089936943089,3.28588170473518,0.0863367732715345,1.51296594015097,2.22044604925031e-16,1,SISTEM_SUDAH_IDEAL
23.1310005607919,7.54683225643459,1.77961789975271,8.29181641879297,0.124128323166301,0.491786540093841,2.22044604925031e-16,1,SISTEM_SUDAH_IDEAL
29.5511368083758,4.78554277883043,4.01691347061196,0.998231922918369,0.0855205977486456,0.160557585782161,6.72795152922845e-14,1,SISTEM_SUDAH_IDEAL
32.0088692902432,21.0212388748869,4.47920667353579,2.05688269192565,0.0837658384923799,0.370653914491608,1.11022302462516e-16,1,SISTEM_SUDAH_IDEAL
13.8614518164503,2.01183009918405,5.19137370375056,0.623453204984092,0.133995263531317,0.691759168700039,7.35855820721554e-13,1,SISTEM_SUDAH_IDEAL
27.896930598338,24.26163843842,6.08346237070787,2.00713052864974,0.084482847359406,0.825559453301687,1.11022302462516e-16,1,SISTEM_SUDAH_IDEAL
25.4634970325092,16.2627413891669,4.53695132869356,1.85968700607779,0.0864612016049664,0.182631938521994,2.22044604925031e-16,1,SISTEM_SUDAH_IDEAL
13.6640596612348,24.875461407429,4.72837820540941,5.40608784306311,0.126866916243789,1.69923942769052,1.11022302462516e-16,1,SISTEM_SUDAH_IDEAL
32.2781594866542,17.9012763360678,1.35949956661732,20.3482063310406,0.0965601983583739,0.387911691449901,2.22044604925031e-16,1,TURUNKAN_KP_ATAU_NAIKKAN_KD
12.5307475041419,9.86486424473084,0.548803127153229,20.7408714807703,0.175588242931505,1.53411658065267,2.22044604925031e-16,1,TURUNKAN_KP_ATAU_NAIKKAN_KD
36.1284523604373,23.7427779430993,9.78241707514052,1.12321211343329,0.0828828633588351,0.19844169503957,0,1,SISTEM_SUDAH_IDEAL
5.0593369408204,20.9732915377579,1.35815745226942,26.0715654483292,0.265050608884807,3.27659417548747,2.22044604925031e-16,1,TURUNKAN_KP_ATAU_NAIKKAN_KD
15.880408539578,12.3866730945047,0.257243263610379,31.5971896204404,0.154868551131104,1.24889165380509,2.22044604925031e-16,1,TURUNKAN_KP_ATAU_NAIKKAN_KD
31.0516913519271,15.0265877882666,3.44786979293876,3.96190734518771,0.0852108978372673,0.43762760744048,2.22044604925031e-16,1,SISTEM_SUDAH_IDEAL
0.489816793704606,20.6382057139449,3.5002667766316,999,999,999,1,0,TURUNKAN_KP_DAN_KI
49.2037124720166,24.4965026849549,4.36568477785509,5.11796698260829,0.0781183311972219,0.330761499120064,2.22044604925031e-16,1,SISTEM_SUDAH_IDEAL
28.7324822715973,29.1398500663935,9.35056921011092,1.82047426619834,0.0838092635669541,0.257546324966779,1.11022302462516e-16,1,SISTEM_SUDAH_IDEAL
27.0038179478444,27.534275639049,7.61201251559176,2.07450945747147,0.0843170700622605,1.12186944542175,2.22044604925031e-16,1,SISTEM_SUDAH_IDEAL
49.0341998080296,12.5756359744132,1.84720529906072,17.6486711382739,0.076840652782474,0.417324480352212,0,1,SISTEM_SUDAH_IDEAL
44.4651808115982,29.2085722234269,8.53902035977807,1.04858172725302,0.0815544027049044,0.0999041433135078,0,1,SISTEM_SUDAH_IDEAL
2.50646457623092,6.07328233368789,8.30521066287369,7.0217041881975,0.211620868346665,12.1669924696936,3.05056535587767e-10,1,SISTEM_SUDAH_IDEAL
16.2683258722669,26.6478354630477,1.32053041689951,15.9849636121554,0.146123540921554,0.941416038406041,2.22044604925031e-16,1,SISTEM_SUDAH_IDEAL
47.7924258457768,6.93173020642086,0.539779435096928,38.0361689535102,0.0804639449501297,0.649395166386797,7.55839835164807e-13,1,TURUNKAN_KP_ATAU_NAIKKAN_KD
29.7887614801044,27.1694866931541,8.28831639241128,1.74391123087279,0.0837365150162747,0.224939146778653,1.11022302462516e-16,1,SISTEM_SUDAH_IDEAL
46.33062922388,12.328515424453,5.62411170548772,1.8756919332904,0.0800342625197059,0.0980419715866398,1.11022302462516e-16,1,SISTEM_SUDAH_IDEAL
33.186486590498,4.74633618704109,8.62546882228455,0.274471328377635,0.083426555618546,0.265443479620417,6.98774371699074e-13,1,SISTEM_SUDAH_IDEAL
20.4581715960382,24.0582094575578,1.83191836182044,11.1242443625117,0.128097502768724,1.0089137367256,0,1,SISTEM_SUDAH_IDEAL
49.4860690650185,25.7984281599163,8.23835382277067,0.820591425332573,0.0808188233443615,0.0990030585968428,2.22044604925031e-16,1,SISTEM_SUDAH_IDEAL
20.3802944077458,2.05890598912557,6.10717217585178,0.271968622815422,0.087075551354589,0.476390648004108,5.47156098207324e-10,1,SISTEM_SUDAH_IDEAL
49.6490198132855,13.099165238515,1.58584831575976,20.5014884927182,0.0765630126952633,0.43935127637441,0,1,TURUNKAN_KP_ATAU_NAIKKAN_KD
44.4416900629217,4.91100907447169,0.0173593945748141,53.0007983935282,0.0885496714492549,1.03595673248941,1.03158592779096e-10,1,TURUNKAN_KP_ATAU_NAIKKAN_KD
43.3179687386239,29.221079926611,7.21574676063569,1.19963428509882,0.0812417672527631,0.0995211648846347,1.11022302462516e-16,1,SISTEM_SUDAH_IDEAL
36.1327501027943,16.4982408897374,6.02019486851723,0.989572470150679,0.0824918682608669,0.134134513674189,4.44089209850063e-16,1,SISTEM_SUDAH_IDEAL
5.40296453763956,20.6590800172665,8.255530083653,6.86688033755531,0.0888180486730533,6.2569729497156,1.11022302462516e-16,1,SISTEM_SUDAH_IDEAL
39.5002674251409,3.00800965344517,9.15502294950107,0.0897943484101882,0.0825886237675073,0.190926134247009,9.33026145233384e-09,1,SISTEM_SUDAH_IDEAL
18.1988136534855,9.74007122532883,9.56651179349915,1.47830719951787,0.0855503077713233,0.55735427151356,3.33066907387547e-16,1,SISTEM_SUDAH_IDEAL
4.64093880849927,22.614722853031,3.757054720149,13.7530670540448,0.273412743103668,5.73883350045146,1.11022302462516e-16,1,SISTEM_SUDAH_IDEAL
4.5355390035286,29.3844199326375,6.77175752299692,9.58289156429808,0.168730508657797,6.64714530510607,2.22044604925031e-16,1,SISTEM_SUDAH_IDEAL
41.5421530009463,28.8789693718007,6.3122074243715,1.39378831989061,0.0811897959623184,0.09945750005384,2.22044604925031e-16,1,SISTEM_SUDAH_IDEAL
1.52455970849573,14.8723234804395,1.83727402576531,32.4446295576162,0.436625513863065,22.1401949524291,1.90510318631709e-09,1,TURUNKAN_KP_ATAU_NAIKKAN_KD
30.8185126277604,11.3523291826532,6.33008955192953,0.863099973150061,0.0838813014748891,0.188184649043929,0,1,SISTEM_SUDAH_IDEAL
42.4569851626828,22.5408303694684,3.75479696827579,6.15196077644602,0.0798826469446454,0.373074437964589,0,1,SISTEM_SUDAH_IDEAL
34.5014945004194,1.58009186428309,8.05059914317708,0.0209412508636042,0.0832356087867782,0.234210906455988,2.28739473584483e-07,1,SISTEM_SUDAH_IDEAL
36.3584664674185,1.06917749058785,5.01725704356446,0.638086116284975,0.0825913165896894,0.130128087023196,3.13794982187421e-06,1,SISTEM_SUDAH_IDEAL
46.5049364699954,7.43985167658709,9.21126514780742,0.235452549078596,0.0816974713965087,0.107369590256131,4.70734562441066e-14,1,SISTEM_SUDAH_IDEAL
7.69698802048141,6.89551313330842,8.3589566015366,3.40746027746723,0.088364468335443,4.0473079188098,2.22044604925031e-16,1,SISTEM_SUDAH_IDEAL
39.2215898746231,20.9971949271036,8.4788626240185,0.943793520315128,0.0823432495492022,0.151288563748042,1.11022302462516e-16,1,SISTEM_SUDAH_IDEAL
6.58200869850229,4.84406507510541,2.01684322554394,6.06343686658373,0.336478752770737,3.02160662794193,0,1,SISTEM_SUDAH_IDEAL
26.7073159525514,26.3245391990215,5.87854154981092,2.31100087195966,0.0848540844084807,1.09388481181615,1.11022302462516e-16,1,SISTEM_SUDAH_IDEAL
16.3927300529311,20.5715545298245,0.754867757116697,23.644361438931,0.149489808156159,1.18649917824757,0,1,TURUNKAN_KP_ATAU_NAIKKAN_KD
14.4592181349108,17.7823099516251,1.73189428308643,8.91662899226657,0.157647042091777,1.34616110366617,1.11022302462516e-16,1,SISTEM_SUDAH_IDEAL
10.6492401088453,26.744845424399,8.77964125061431,4.76838335398795,0.0871189558439493,2.23986448700141,1.11022302462516e-16,1,SISTEM_SUDAH_IDEAL
9.37787627083826,9.05256916460421,3.49300133907734,4.90465989540418,0.214419429875297,2.51909525670867,1.11022302462516e-16,1,SISTEM_SUDAH_IDEAL
8.95011194849071,5.39710692986533,7.81446709946448,2.60359190600115,0.0886203132296409,3.84779427008017,2.22044604925031e-16,1,SISTEM_SUDAH_IDEAL
33.9110397239772,16.1865582343136,6.21309803257206,1.04982753585505,0.0830528456931025,0.155878021448001,4.44089209850063e-16,1,SISTEM_SUDAH_IDEAL
13.2130422500616,9.36544789974841,8.53710234187133,2.25991866247299,0.0869779742697916,2.66051949526875,2.22044604925031e-16,1,SISTEM_SUDAH_IDEAL
3.05448442245044,10.0908887254322,9.42489052603446,6.64427830602383,0.0883461197676853,10.0537479197479,1.02846620109176e-11,1,SISTEM_SUDAH_IDEAL
6.61198428343825,22.6930453678897,0.665980135914797,35.9801928129097,0.228261865848929,2.40287178398761,2.22044604925031e-16,1,TURUNKAN_KP_ATAU_NAIKKAN_KD
47.5005894454837,19.6101201729306,1.03246429429967,29.4410794529143,0.0785431479573185,0.638488228805916,2.22044604925031e-16,1,TURUNKAN_KP_ATAU_NAIKKAN_KD
20.1133778309357,17.1062701432328,6.31990991385958,2.30568938736451,0.0867080648680402,1.55292328600039,0,1,SISTEM_SUDAH_IDEAL
13.5884042660829,22.2028309890801,3.73751032367896,5.78727144608475,0.145676797735725,1.62873234259735,0,1,SISTEM_SUDAH_IDEAL
38.7487731308397,22.2820717971679,9.43976326268257,0.974078202500128,0.0825430267875343,0.172914297760295,2.22044604925031e-16,1,SISTEM_SUDAH_IDEAL
4.99014247391183,9.58057155641709,0.00610991649474202,47.2225094814887,0.26078443330957,2.36605248761267,0,1,TURUNKAN_KP_ATAU_NAIKKAN_KD
24.996507211555,29.0511367712657,0.240409084121989,40.4442085916293,0.122182752331311,0.952032227013574,2.22044604925031e-16,1,TURUNKAN_KP_ATAU_NAIKKAN_KD
25.0965090808104,12.4872905800743,8.27178758268773,1.19555697786498,0.0847384859826025,0.348047187742246,1.11022302462516e-16,1,SISTEM_SUDAH_IDEAL
36.0357536776705,1.25918535987283,7.64568328003543,0,0.0829442985175157,0.191048797224102,5.08726112458113e-07,1,SISTEM_SUDAH_IDEAL
9.25137150870067,17.8817499605829,5.99531461125938,5.62511855989392,0.145784711246965,2.35062431332133,1.11022302462516e-16,1,SISTEM_SUDAH_IDEAL
42.465895616186,25.7813342100552,1.53144977214275,22.4576377048742,0.0810074088796344,0.433384847171264,1.11022302462516e-16,1,TURUNKAN_KP_ATAU_NAIKKAN_KD
36.8743165588941,25.9085315855407,9.4939648137316,1.18611608129593,0.0827498921692321,0.18422038466829,2.22044604925031e-16,1,SISTEM_SUDAH_IDEAL
19.2618240772662,2.80414049979198,1.98964597523653,4.1075042720087,0.140619192060918,0.470505091258176,1.25233157177718e-12,1,SISTEM_SUDAH_IDEAL
18.143789017201,27.7242715679125,4.39073042302696,4.49810037110858,0.101004368457014,1.42960109431002,1.11022302462516e-16,1,SISTEM_SUDAH_IDEAL
18.955788464326,14.2440473695924,0.846390586059722,20.7688431171281,0.142003803505719,1.10681290069682,0,1,TURUNKAN_KP_ATAU_NAIKKAN_KD
23.9947765928233,23.1385891717797,1.49806218038386,14.4569074451801,0.119001246083978,0.572277493058997,2.22044604925031e-16,1,SISTEM_SUDAH_IDEAL
15.2777971111098,29.5467737505089,3.96156881502006,6.02448229105008,0.126469956226085,1.4327280495094,3.33066907387547e-16,1,SISTEM_SUDAH_IDEAL
33.2851349015191,23.1565394838109,6.13809282566359,1.51072252202746,0.0830938298957047,0.152293985551951,2.22044604925031e-16,1,SISTEM_SUDAH_IDEAL
8.99758723845304,0.58530645878188,1.97754529229101,0.278583803310695,0.269238671963695,0.663579100210637,1.60765452950073e-07,1,SISTEM_SUDAH_IDEAL
27.5679589377905,9.31445557340304,2.01810677251746,9.25797964282216,0.104137049540698,0.449254965422923,1.11022302462516e-16,1,SISTEM_SUDAH_IDEAL
25.0724226458445,18.2748446785538,8.07782120791647,1.63652498723539,0.084717689367259,0.308531470951006,1.11022302462516e-16,1,SISTEM_SUDAH_IDEAL
30.8712480695327,12.168674588402,4.71122293018866,1.06811255081456,0.0842737349346336,0.156278338527826,2.22044604925031e-16,1,SISTEM_SUDAH_IDEAL
0.465325755054574,13.0982236574772,1.60362536097981,999,999,999,1,0,TURUNKAN_KP_DAN_KI
23.5598272680898,24.4931641295074,5.47094382127154,2.65658478221218,0.0861235962289528,1.27949016994897,1.11022302462516e-16,1,SISTEM_SUDAH_IDEAL
2.16793688416591,8.3938307260185,0.527410952941557,44.4956299304822,0.443112757671629,8.00046290042893,0,1,TURUNKAN_KP_ATAU_NAIKKAN_KD
17.679201104918,4.21083319198301,3.59833953994378,0.963701368737557,0.131934615823709,0.313065080121649,2.22044604925031e-16,1,SISTEM_SUDAH_IDEAL
10.2074567299101,8.73782820417696,7.49698294099645,3.07575681866277,0.0885706130189018,3.19483530499548,0,1,SISTEM_SUDAH_IDEAL
39.5993144759891,29.8244982977686,8.76899338893375,1.24310602519542,0.0822570029492104,0.143931841111103,1.11022302462516e-16,1,SISTEM_SUDAH_IDEAL
10.4353852886509,6.30868055820623,9.42625648623011,2.21615700624691,0.0869811243268623,3.45862640110374,3.33066907387547e-16,1,SISTEM_SUDAH_IDEAL
33.4452043172078,2.69434866691726,4.89026115704975,0.294513408749686,0.0835059886473837,0.149646106346196,6.57269705328645e-09,1,SISTEM_SUDAH_IDEAL
7.82291135225498,26.2658339389009,8.84823260725493,5.77016727832709,0.087654924898293,4.00722347461711,1.11022302462516e-16,1,SISTEM_SUDAH_IDEAL
33.0634068527849,0.81002900339454,9.58045715627817,0,0.0834729858680073,0.3177634450058,1.10401511276281e-05,1,SISTEM_SUDAH_IDEAL
32.3978130942283,2.70016508754915,2.82000165584674,6.10676038657327,0.0859075988079999,0.359828623871833,4.92626295311993e-09,1,SISTEM_SUDAH_IDEAL
38.4476728708257,5.87707976637259,0.249294160790666,43.8473248165071,0.0980874053264858,0.887973761111284,3.09308134660569e-13,1,TURUNKAN_KP_ATAU_NAIKKAN_KD
6.68697172310105,10.4702025318969,6.89532781925285,5.26033844372253,0.164848172033135,3.32847140197861,1.11022302462516e-16,1,SISTEM_SUDAH_IDEAL
4.88032488425391,14.9765871861649,1.31973852190749,22.2033478943697,0.29655153716779,3.59777258052959,2.22044604925031e-16,1,TURUNKAN_KP_ATAU_NAIKKAN_KD
31.44240054734,16.3157953784204,6.03794576338271,1.19775728458775,0.0836753428283598,0.171083158471389,2.22044604925031e-16,1,SISTEM_SUDAH_IDEAL
40.3270609502203,15.6718408685324,1.01046930028314,28.9236514895089,0.0852124374272756,0.659418621425597,1.11022302462516e-16,1,TURUNKAN_KP_ATAU_NAIKKAN_KD
34.0203236965519,24.5563304837365,3.76017509315803,4.5216817213551,0.0832288402124299,0.515675398195645,3.33066907387547e-16,1,SISTEM_SUDAH_IDEAL
0.1036014412505,0.488559176021962,2.59528593756773,24.5549098143859,3.33104983798648,146.96770943583,0.00292587162208502,1,TURUNKAN_KP_ATAU_NAIKKAN_KD
47.2383135603838,12.0255785137643,1.49944599416836,21.6046705084718,0.0781937420093699,0.449000492044292,2.22044604925031e-16,1,TURUNKAN_KP_ATAU_NAIKKAN_KD
15.3481524700866,4.97072636049805,3.74145835620736,1.44541915433931,0.146196119268689,0.401321541196402,1.11022302462516e-16,1,SISTEM_SUDAH_IDEAL
33.3114820353623,21.9497894301472,1.34969291108367,21.69083417723,0.0928892162303413,0.384377194895308,2.22044604925031e-16,1,TURUNKAN_KP_ATAU_NAIKKAN_KD
12.5213963031027,29.2914194956791,7.03845551448483,5.06645477213818,0.0880668785068057,1.90384564551176,2.22044604925031e-16,1,SISTEM_SUDAH_IDEAL
21.4796125194397,4.3142787311697,4.58539677868485,0.652694862619674,0.0884635746824083,0.293089141993272,4.44089209850063e-16,1,SISTEM_SUDAH_IDEAL
30.1127384886868,22.6241342667363,1.86240477509189,14.0500174864254,0.0944991014055055,0.464479941980056,1.11022302462516e-16,1,SISTEM_SUDAH_IDEAL
41.2487187619723,6.86536325692358,9.05924772308459,0.273368724854905,0.0823123099688896,0.164213428405783,1.77635683940025e-14,1,SISTEM_SUDAH_IDEAL
47.7762984137876,15.0455324318605,3.32119019712715,7.98439168261951,0.0778689077829814,0.320625877108838,1.11022302462516e-16,1,SISTEM_SUDAH_IDEAL
9.82597978780035,2.37345721770714,1.63638365533754,1.84963303945458,0.235053308783255,0.396051404295625,1.11022302462516e-16,1,SISTEM_SUDAH_IDEAL
31.7431049197569,22.7514152658195,4.86071666319341,1.87032255159443,0.0836847549447579,0.144620960155336,1.11022302462516e-16,1,SISTEM_SUDAH_IDEAL
13.4706857703904,18.6455319248013,8.39980359234376,3.3657110834636,0.0868933318487309,2.35633627858907,1.11022302462516e-16,1,SISTEM_SUDAH_IDEAL
10.0111165259116,23.6094902767151,5.38390976143227,6.47746976687262,0.146723500468965,1.96329317185102,2.22044604925031e-16,1,SISTEM_SUDAH_IDEAL
25.5517203961335,16.708972611151,3.19029540637189,3.52419108983686,0.0890758911740266,0.725680535861176,1.11022302462516e-16,1,SISTEM_SUDAH_IDEAL
20.6648587253411,27.1335132151737,8.66336457580526,2.65336629342148,0.0852589129090746,1.69356552383595,0,1,SISTEM_SUDAH_IDEAL
46.2266981205086,16.9121245001815,1.86324617441787,17.8992102076094,0.0783195857256063,0.401790990891459,0,1,SISTEM_SUDAH_IDEAL
33.9295912767215,10.7190280458058,1.8017887830037,15.0937853718536,0.0876716476212195,0.379864766681858,1.11022302462516e-16,1,SISTEM_SUDAH_IDEAL
20.7731866282176,24.0288630860897,2.51283272597977,6.41888870549956,0.120198121959774,1.1069651357653,0,1,SISTEM_SUDAH_IDEAL
33.3494093705763,5.30894660805745,4.32085535829222,1.45888140211385,0.0836724892714302,0.140853655389564,9.32587340685131e-14,1,SISTEM_SUDAH_IDEAL
4.89101136030249,9.02860303335402,7.19703673482571,6.0562536308548,0.199898272207651,6.17771880406827,2.22044604925031e-16,1,SISTEM_SUDAH_IDEAL
19.2770313615619,13.1518730953022,0.0909194607320496,41.6502402304018,0.141037972775905,1.0858790293471,0,1,TURUNKAN_KP_ATAU_NAIKKAN_KD
8.72653871001431,2.49597832575506,6.55128159682022,1.63783600034035,0.159354505506106,1.13979515537011,0,1,SISTEM_SUDAH_IDEAL
21.8454193389128,19.2745441098999,5.17914818749166,2.48571491694358,0.0871317199318746,1.33709083803623,1.11022302462516e-16,1,SISTEM_SUDAH_IDEAL
6.68113776576459,12.8786667062299,9.93449420801112,4.55789792123966,0.08724352692828,3.51814329751116,2.22044604925031e-16,1,SISTEM_SUDAH_IDEAL
19.1328259570807,25.1681693973665,0.486896649048462,34.1657923892014,0.138095131302853,1.1169018347747,0,1,TURUNKAN_KP_ATAU_NAIKKAN_KD
9.09005377009515,21.0962835879316,2.97854916744336,9.64032503686765,0.188162463078995,1.66217154693109,1.11022302462516e-16,1,SISTEM_SUDAH_IDEAL
21.2623069076945,16.0132304849853,7.71633773760309,1.87907402266558,0.0856351798642723,0.372352672309309,2.22044604925031e-16,1,SISTEM_SUDAH_IDEAL
12.0007623753271,18.7682077775953,7.18001826597732,4.11318358446799,0.0882455722095631,2.31533982190695,0,1,SISTEM_SUDAH_IDEAL
11.0434725335699,14.6784243016381,8.85911691975724,3.48044546265753,0.0871365150058517,2.81163590133131,0,1,SISTEM_SUDAH_IDEAL
50.0785576370276,23.5968073813028,1.62831086350601,20.8837175618056,0.0759680775095894,0.431370758610199,2.22044604925031e-16,1,TURUNKAN_KP_ATAU_NAIKKAN_KD
31.4461137807346,9.79167029853902,5.99535059000824,0.733235550384514,0.0837870127330397,0.1779207734878,0,1,SISTEM_SUDAH_IDEAL
37.5302772606962,25.8759583418215,0.615274952892489,37.7912504447675,0.0926376745137134,0.755345002776893,1.11022302462516e-16,1,TURUNKAN_KP_ATAU_NAIKKAN_KD
30.4652969208946,12.4520968781277,4.14068919066475,1.66964022503175,0.0848012137722907,0.151301033852429,2.22044604925031e-16,1,SISTEM_SUDAH_IDEAL
18.7513127730203,7.27818330417173,5.07623658317547,1.36581236149742,0.0887957806610292,0.37856443301292,0,1,SISTEM_SUDAH_IDEAL
49.002927727096,13.7365634907514,9.76305089425043,0.416956090707354,0.0815167401820265,0.0998580067229825,2.22044604925031e-16,1,SISTEM_SUDAH_IDEAL
2.27880183325879,16.5645312053352,8.75377742266395,8.55342211820351,0.111684136770574,14.7466452822906,1.61949507138104e-08,1,SISTEM_SUDAH_IDEAL
15.0738922629757,1.88831865136398,5.93990699150004,0.474384855254728,0.0944209446799691,0.692469541325115,1.55857549088978e-11,1,SISTEM_SUDAH_IDEAL
9.6361937625413,8.87240447720935,2.3539519973727,5.58010815605237,0.216604684489858,2.22205362133067,1.11022302462516e-16,1,SISTEM_SUDAH_IDEAL
31.6401269920131,1.13311696896023,4.49087810677538,0.344591839964981,0.0843418099835742,0.157423553306294,3.93012569044338e-07,1,SISTEM_SUDAH_IDEAL
10.7873847186854,11.6336126721466,0.336611882052825,27.4342596880014,0.192905634396871,1.57701182719243,1.11022302462516e-16,1,TURUNKAN_KP_ATAU_NAIKKAN_KD
47.3268042753733,13.7808449289734,7.90514771018589,0.476652966590607,0.0810863533329635,0.0993307828328803,0,1,SISTEM_SUDAH_IDEAL
5.44600177759385,22.8142622377012,9.7274137784562,6.22124144174572,0.0874966499200507,6.47778369370511,0,1,SISTEM_SUDAH_IDEAL
4.70626404035188,11.270643708808,5.15796598254636,8.38690580692258,0.321877232206317,5.04769118633851,0,1,SISTEM_SUDAH_IDEAL
0.297889002064022,28.4215248805349,4.51524224514637,999,999,999,1,0,TURUNKAN_KP_DAN_KI
49.2571116060347,6.99375443304945,3.67392272871748,6.29466358249693,0.0778010798229931,0.294183059635856,9.5767838104166e-13,1,SISTEM_SUDAH_IDEAL
13.2419257304857,0.397434731671791,0.703773138253884,10.4957283592113,0.177906330195806,0.595360797969857,7.47970854531044e-06,1,SISTEM_SUDAH_IDEAL
19.013359414726,16.7963089269529,2.36049391052601,5.29818821548584,0.132432183962822,1.21743131754223,2.22044604925031e-16,1,SISTEM_SUDAH_IDEAL
29.6434571949908,26.8052959737967,6.50972263894181,1.94487931638685,0.0839070225191291,0.181139920931274,0,1,SISTEM_SUDAH_IDEAL
25.294540784099,19.331756918918,7.59260403186464,1.72945841562724,0.0847784048907909,0.286112187223362,1.11022302462516e-16,1,SISTEM_SUDAH_IDEAL
16.5462012534047,16.4454110847396,7.6165867467355,2.6275398619122,0.0867489703702002,2.06017621875237,0,1,SISTEM_SUDAH_IDEAL
7.67398743831782,27.46575354448,7.36302868468856,6.78732545044711,0.0989880692540461,3.6726292182684,2.22044604925031e-16,1,SISTEM_SUDAH_IDEAL
45.531593009904,18.2664242817293,6.25592041703643,1.19333956041321,0.0805059368154,0.098619772598865,0,1,SISTEM_SUDAH_IDEAL
17.9843929538297,26.5666032271191,2.63908791336976,6.56874607444202,0.130229927834987,1.20332910856565,1.11022302462516e-16,1,SISTEM_SUDAH_IDEAL
5.33084331486356,9.74416765560781,5.25289990999559,7.14877595152332,0.305112562630224,5.11027450813799,3.33066907387547e-16,1,SISTEM_SUDAH_IDEAL
9.14963076296534,16.2299518943763,2.93100388044246,8.17282703788223,0.200464074472894,1.86766198701567,2.22044604925031e-16,1,SISTEM_SUDAH_IDEAL
48.3493775678596,10.5320782223132,4.33298408270891,4.47408542672452,0.0785778755562029,0.290794114181274,0,1,SISTEM_SUDAH_IDEAL
42.3529975188426,10.2099648018407,6.51618845267137,0.45539257277083,0.0813681294444274,0.0996759585694236,0,1,SISTEM_SUDAH_IDEAL
26.4698361877901,2.02407460647288,3.02564019971666,2.24931966107611,0.0920899271297331,0.314941318007155,1.43123723983507e-08,1,SISTEM_SUDAH_IDEAL
24.7999740080069,20.052521904701,9.96312444589801,1.63400573138897,0.0843660791029092,0.353210819850917,2.22044604925031e-16,1,SISTEM_SUDAH_IDEAL
31.8705434636437,23.1328233302842,2.58546483555189,9.27168301932959,0.0861133762745449,0.491364017468448,0,1,SISTEM_SUDAH_IDEAL
10.0442145148893,7.15891448204625,5.19193991544229,3.24322570632387,0.173475704913002,2.97236383520658,0,1,SISTEM_SUDAH_IDEAL
31.0343901905472,2.99645739393564,4.06239896612799,1.1852688191978,0.0848534833494179,0.153870837162981,8.40783220823482e-10,1,SISTEM_SUDAH_IDEAL
48.6593184297558,19.5164049353377,7.82912146605053,0.658085591700464,0.0808048321271846,0.0989859193558012,3.33066907387547e-16,1,SISTEM_SUDAH_IDEAL
4.09912205836354,14.4168347180826,0.665199208382391,36.4224022244023,0.307616582238988,4.09688751292407,0,1,TURUNKAN_KP_ATAU_NAIKKAN_KD
21.8321593530775,16.3839961041299,8.57275610704813,1.77139019948154,0.0852038810460929,0.385468678173579,1.11022302462516e-16,1,SISTEM_SUDAH_IDEAL
19.7106655220763,24.8811914833712,2.58576308638939,6.2411465611987,0.123660009995745,1.15832413977271,1.11022302462516e-16,1,SISTEM_SUDAH_IDEAL
2.6330992669326,27.4193176360748,7.08696964169579,10.8111712282019,0.198675102848587,13.7458448416805,2.34529173859244e-10,1,SISTEM_SUDAH_IDEAL
34.2815754488889,22.8076733013785,0.308315495019781,42.9074769294454,0.103953487984723,1.11106118862406,2.22044604925031e-16,1,TURUNKAN_KP_ATAU_NAIKKAN_KD
31.1066871116336,15.502324110325,5.70985478078559,1.19113214702546,0.0838255155863375,0.168112262339974,3.33066907387547e-16,1,SISTEM_SUDAH_IDEAL
29.0967347218535,6.29901559707376,8.27015342727021,0.494668796306375,0.0840974574207501,0.314329194189975,0,1,SISTEM_SUDAH_IDEAL
16.0178739975393,13.2754561087211,1.83902320700275,6.67249089495325,0.151760233869271,1.37791880831103,2.22044604925031e-16,1,SISTEM_SUDAH_IDEAL
13.3159227714168,2.20015502842864,7.49524691239792,0.695064210059204,0.0878554800947689,0.882945134446647,9.54791801177635e-15,1,SISTEM_SUDAH_IDEAL
19.6465428474559,18.6985801744486,1.46135237186804,13.2714304927252,0.135476828032647,1.03448968517358,1.11022302462516e-16,1,SISTEM_SUDAH_IDEAL
18.7090654768011,4.42810678116908,3.5592931368529,0.920890265932339,0.125560218575708,0.277869904480521,2.22044604925031e-16,1,SISTEM_SUDAH_IDEAL
24.2042354796258,16.9907635226458,5.69844315837003,1.8625249989231,0.0858910696569008,0.238409095700906,2.22044604925031e-16,1,SISTEM_SUDAH_IDEAL
40.1644782546867,24.5170552964106,5.06060747084829,2.46475997830102,0.0810634687691876,0.308763215790843,3.33066907387547e-16,1,SISTEM_SUDAH_IDEAL
25.2550333210583,21.1834743795981,5.36434254482887,2.17783817547872,0.0856876563632942,1.0542198529805,1.11022302462516e-16,1,SISTEM_SUDAH_IDEAL
45.4300033932308,28.4721510473983,5.98677818665063,1.87686872802562,0.0802243491263295,0.0982748276797536,0,1,SISTEM_SUDAH_IDEAL
36.4219542006544,12.8184850793973,0.0869710592320649,48.7722944774643,0.103104970738993,1.14166287903886,2.22044604925031e-16,1,TURUNKAN_KP_ATAU_NAIKKAN_KD
26.648080759186,6.44299439850526,1.83301523967309,9.57182778486716,0.110907577659285,0.439667145357192,1.11022302462516e-16,1,SISTEM_SUDAH_IDEAL
47.7773149620341,22.3332358507272,2.45402566464423,13.2847868686705,0.0772407607513932,0.322184197565865,0,1,SISTEM_SUDAH_IDEAL
5.40524031864313,29.9765085902261,6.63763141826553,9.10664378281607,0.158857874409545,5.00349898522265,1.11022302462516e-16,1,SISTEM_SUDAH_IDEAL
23.5779472979196,2.02234968735184,5.093143196916,0.188040365639575,0.086938275628574,0.297628882644863,4.40125913492295e-09,1,SISTEM_SUDAH_IDEAL
27.7440775665303,9.38691829922744,3.62363452630657,1.90283021773672,0.0868524007643617,0.162136589875923,2.22044604925031e-16,1,SISTEM_SUDAH_IDEAL
37.5617912521896,24.0508171036117,6.00696779912886,1.35455857966109,0.0820312267131077,0.115687840184592,0,1,SISTEM_SUDAH_IDEAL
14.9012251288642,20.3211157514484,4.00205263798081,4.73611366419322,0.134101417523563,1.66945557920018,2.22044604925031e-16,1,SISTEM_SUDAH_IDEAL
27.426871510825,19.3755632991555,6.88930068123899,1.6143577419615,0.084477286923724,0.232337929223939,1.11022302462516e-16,1,SISTEM_SUDAH_IDEAL
32.8854468866846,6.27968676945149,9.54553527319106,0.381077787580297,0.0834472544581211,0.289170368804258,0,1,SISTEM_SUDAH_IDEAL
24.0178312776011,13.8458726405504,4.81158720816416,1.69505260638818,0.0868076559404975,0.199523265183869,1.11022302462516e-16,1,SISTEM_SUDAH_IDEAL
7.58936625543305,3.48695330655869,6.83567787730373,2.51496512372384,0.166309751161877,4.3850610933974,2.22044604925031e-16,1,SISTEM_SUDAH_IDEAL
42.8761891477461,4.33964628164843,4.43210387688253,3.22406623273013,0.0803829921582334,0.268694359697154,3.33282734743534e-10,1,SISTEM_SUDAH_IDEAL
0.97229550973581,2.74633950499835,6.80157005756335,9.7877618703369,0.899974913782396,27.5502000043421,1.24683343338816e-05,1,SISTEM_SUDAH_IDEAL
47.2301672015219,13.9155622305037,9.58737304141795,0.453120162538112,0.081658052117163,0.102826461237366,2.22044604925031e-16,1,SISTEM_SUDAH_IDEAL
25.0338886598289,23.5071764456925,6.68220733155794,2.15277404318339,0.0850522737247052,1.19884766835377,2.22044604925031e-16,1,SISTEM_SUDAH_IDEAL
18.8499048300894,2.03395703481246,6.47044120657042,0.317571521746562,0.0872288751322869,0.555473846451532,2.01279659606257e-10,1,SISTEM_SUDAH_IDEAL
22.269370226062,4.50338751532104,0.724371976784974,20.4257034242138,0.134368070350947,0.648564841156815,4.44089209850063e-16,1,TURUNKAN_KP_ATAU_NAIKKAN_KD
38.5131968278408,5.33364184275478,2.15282152704704,12.9222191530876,0.083215517759793,0.351252236177782,2.1032064978499e-12,1,SISTEM_SUDAH_IDEAL
28.7587336291015,19.0938656989658,2.19651351251688,9.97835536223506,0.0942797187413225,0.495731325398569,1.11022302462516e-16,1,SISTEM_SUDAH_IDEAL
22.428717034606,21.275501951892,0.182302774465239,41.9616823141721,0.129975124504717,1.00316486493118,2.22044604925031e-16,1,TURUNKAN_KP_ATAU_NAIKKAN_KD
27.9736202430867,16.4499724025313,0.097311143221791,38.5413261386426,0.118725322125449,1.31253827984709,3.33066907387547e-16,1,TURUNKAN_KP_ATAU_NAIKKAN_KD
22.7136052777354,10.083223043984,3.47434715771088,1.63733243640709,0.10030392809364,0.185734654082325,3.33066907387547e-16,1,SISTEM_SUDAH_IDEAL
21.9125942365184,11.5687230803177,6.27548632401516,1.50591123974271,0.0863060181038633,0.335573588107421,2.22044604925031e-16,1,SISTEM_SUDAH_IDEAL
35.4446705485291,7.19552647673134,6.93345819310913,0.409170500364509,0.0829028984999889,0.169216029436386,0,1,SISTEM_SUDAH_IDEAL
9.85356583077939,13.1345213299699,6.54311226419701,4.30908034165494,0.123360329839068,2.71327321196453,2.22044604925031e-16,1,SISTEM_SUDAH_IDEAL
9.86438657118919,23.2362615966426,0.647693358530905,29.462362642513,0.187601428692952,1.27858845365616,0,1,TURUNKAN_KP_ATAU_NAIKKAN_KD
1.62513327582027,29.945228282959,6.93787117834018,12.2910641763063,0.223587900723453,27.6252600752717,1.55497351661538e-06,1,SISTEM_SUDAH_IDEAL
47.5184908294581,26.6374178854731,9.62366811908647,0.832141529910202,0.0815313427753639,0.0998758948998208,1.11022302462516e-16,1,SISTEM_SUDAH_IDEAL
5.1330749453778,27.0180899163931,5.29958114385092,10.7202314063247,0.212566960780845,5.95321441001925,2.22044604925031e-16,1,SISTEM_SUDAH_IDEAL
41.0605170570435,22.5209583214387,8.88182495118026,0.921774193140834,0.0821550047891409,0.141294527607162,1.11022302462516e-16,1,SISTEM_SUDAH_IDEAL
40.7709086349293,6.68291102079914,1.51706593318901,20.1938678070944,0.0831025599191451,0.455198958995053,5.41788836017076e-14,1,TURUNKAN_KP_ATAU_NAIKKAN_KD
38.2569672699576,29.0283450293344,9.0520037574773,1.26118541980256,0.0824916279282847,0.161171233065155,2.22044604925031e-16,1,SISTEM_SUDAH_IDEAL
9.83350628813145,4.54776508230314,4.68427908538934,2.48742165584221,0.19234999546085,2.9913873648401,2.22044604925031e-16,1,SISTEM_SUDAH_IDEAL
45.582854025112,5.70494917880387,6.68821743706552,0.334237558807704,0.080893719867125,0.0990948068372282,9.9040775580761e-12,1,SISTEM_SUDAH_IDEAL
22.5937693597169,24.0317183671419,6.10489672869416,2.60892392562806,0.0859948792812138,1.39336484552365,2.22044604925031e-16,1,SISTEM_SUDAH_IDEAL
21.2864694244187,13.87890187258,9.37697203670004,1.56569123764974,0.0850791323207227,0.437381737505111,0,1,SISTEM_SUDAH_IDEAL
45.731861786315,18.1679748085208,8.7941027326649,0.640555715004854,0.0815754951151029,0.099929981516001,2.22044604925031e-16,1,SISTEM_SUDAH_IDEAL
16.2541296486009,23.1601957959611,3.51985610715447,5.10439542168011,0.130673241528576,1.46855608087754,0,1,SISTEM_SUDAH_IDEAL
15.6900531535634,24.2778977533399,5.24892978425605,4.35264787025031,0.098550425176798,1.70240096798731,2.22044604925031e-16,1,SISTEM_SUDAH_IDEAL
18.2807770199428,19.1729369917462,1.94016317111479,8.1772498295648,0.137897867122124,1.18279808378451,2.22044604925031e-16,1,SISTEM_SUDAH_IDEAL
36.6883208342637,7.88619871796513,2.38120673839304,10.8671833029729,0.0838837133892598,0.365913064384724,2.22044604925031e-16,1,SISTEM_SUDAH_IDEAL
26.2177628550628,24.2839794757961,4.23091694794957,2.72096888656865,0.0862980022946675,0.994655694015711,2.22044604925031e-16,1,SISTEM_SUDAH_IDEAL
31.4562967831815,5.40462727528684,6.57492794506815,0.37488753623276,0.0837936806471955,0.197731237805922,1.02140518265514e-14,1,SISTEM_SUDAH_IDEAL
14.9422373811499,29.6775345254846,4.50211829609932,5.72359346918412,0.118919630602048,1.51323575380083,0,1,SISTEM_SUDAH_IDEAL
17.6690069503787,17.5487898081903,8.83599833505336,2.37352341312429,0.0858483332863374,2.0123231525735,1.11022302462516e-16,1,SISTEM_SUDAH_IDEAL
40.7179772803678,20.4832086903951,9.94155033010961,0.824793998175366,0.0823907312890313,0.167948901224232,0,1,SISTEM_SUDAH_IDEAL
11.127055621333,27.5719859146247,8.95068150685886,4.6276286161349,0.0869011270063176,2.20821043159235,0,1,SISTEM_SUDAH_IDEAL
44.6468832573543,8.48051318047744,3.12765168675816,8.13392904268102,0.0791622995386444,0.32294198866604,1.11022302462516e-15,1,SISTEM_SUDAH_IDEAL
25.9066290160397,27.777415716891,5.34164659197457,2.64694969351806,0.0853485309477866,1.13837758864394,0,1,SISTEM_SUDAH_IDEAL
34.0790382869169,3.37379605232053,6.06591107813387,0.169257579321114,0.0832085645521541,0.166319856108229,5.17824227941333e-10,1,SISTEM_SUDAH_IDEAL
14.0841238930436,3.46004225920536,8.73229001544895,0.952884288859424,0.0867533094804572,0.83750478013732,2.22044604925031e-16,1,SISTEM_SUDAH_IDEAL
33.5594009128082,4.32441895903593,7.80206815985367,0.241399696014155,0.0833568384139823,0.227957140876634,6.36779518004005e-12,1,SISTEM_SUDAH_IDEAL
19.5566670511399,9.44721021067197,8.61111623571662,1.35541024077408,0.0856908705028271,0.49610572737603,1.11022302462516e-16,1,SISTEM_SUDAH_IDEAL
45.8595208397432,8.17008664017977,8.54449753406594,0.275062936893855,0.0815772070278047,0.0999320786090608,2.88657986402541e-15,1,SISTEM_SUDAH_IDEAL
3.41227926887208,19.0273847063728,8.78755257289307,7.76411530853276,0.0887587311982819,9.30243728899017,3.00204305858642e-12,1,SISTEM_SUDAH_IDEAL
5.93817649903938,27.6472484569439,6.04864760209059,9.09842190758725,0.174294039582747,4.88018175354425,2.22044604925031e-16,1,SISTEM_SUDAH_IDEAL
2.35325767360038,1.04141492806685,1.26885637769342,8.38933022684254,0.973230862897047,6.33329311094011,2.22044604925031e-16,1,SISTEM_SUDAH_IDEAL
43.367840489439,15.7225388393265,1.88158843588372,17.4191856706144,0.0801112920435811,0.333468905097642,1.11022302462516e-16,1,SISTEM_SUDAH_IDEAL
4.26710800331549,8.29921554640555,1.00638949847106,19.6841086888059,0.364195267240041,3.23521282849213,2.22044604925031e-16,1,SISTEM_SUDAH_IDEAL
44.6630033582473,25.9552404463762,2.88340611705874,10.6164265716418,0.0786700670634109,0.360523199303749,1.11022302462516e-16,1,SISTEM_SUDAH_IDEAL
6.19127435265847,21.9704709538205,2.41506822459112,15.5753447868975,0.245066211084951,3.52552849288669,2.22044604925031e-16,1,SISTEM_SUDAH_IDEAL
3.56101168433653,10.6341916713593,4.23064726576762,11.1210548052291,0.414779038550152,6.85956123571254,1.11022302462516e-16,1,SISTEM_SUDAH_IDEAL
24.9205961537744,21.7351872981298,9.21897634379823,1.77609121631301,0.0844673424819445,0.326236849930642,0,1,SISTEM_SUDAH_IDEAL
34.6668661501224,23.8889793288619,8.37247330869809,1.27019565024689,0.0829809267429461,0.183714492150435,2.22044604925031e-16,1,SISTEM_SUDAH_IDEAL
2.452490839894,25.6941325927522,4.03042594781419,17.601300640609,0.312864660688579,13.9429986969649,2.04403161063738e-12,1,SISTEM_SUDAH_IDEAL
28.2579939091049,0.381104245423861,7.85373031755017,0,0.0843687266357357,0.362439098944559,0.000122849266989578,1,SISTEM_SUDAH_IDEAL
24.3770617334067,9.95519517566831,5.24252111764009,1.18416700925696,0.0863234135639523,0.240029692433343,1.11022302462516e-16,1,SISTEM_SUDAH_IDEAL
39.916299705622,20.0565730445444,8.14567191024526,0.895832916952655,0.0821818676305664,0.138834702950321,0,1,SISTEM_SUDAH_IDEAL
47.0818414703934,18.127603045918,4.40326276572165,4.53423971973643,0.0788570075940344,0.313314061267169,0,1,SISTEM_SUDAH_IDEAL
37.0944120505826,7.62762957889633,4.00190968633667,3.40132335649224,0.0822634836052645,0.297163983834368,0,1,SISTEM_SUDAH_IDEAL
39.2613976435156,21.438000007461,6.66565256263919,1.06927785535993,0.0818842249051645,0.112907277084933,1.11022302462516e-16,1,SISTEM_SUDAH_IDEAL
18.4575455852921,5.37874444119493,4.42694257834733,1.091988292316,0.109046896036903,0.361226174448774,3.33066907387547e-16,1,SISTEM_SUDAH_IDEAL
40.779944427892,4.52256403861842,0.206927623282351,45.9239181847959,0.0936796456622145,1.00701157251018,1.05541575479151e-10,1,TURUNKAN_KP_ATAU_NAIKKAN_KD
40.5317642721755,10.5784728687383,2.21141870291983,13.438440553378,0.0816267007891927,0.349581798357049,5.55111512312578e-16,1,SISTEM_SUDAH_IDEAL
40.6563520508164,3.13205653073333,2.53229703445459,10.4155695160772,0.0814152108633092,0.33552272540514,8.97706975422352e-09,1,SISTEM_SUDAH_IDEAL
40.3625948247199,9.14234125220786,7.02052952161029,0.418585213249822,0.081939987929998,0.120013539777403,0,1,SISTEM_SUDAH_IDEAL
34.0475141305404,8.44038948349815,1.94928809941683,13.4501001028455,0.0870502077315561,0.377662744231921,1.11022302462516e-16,1,SISTEM_SUDAH_IDEAL
13.5761751917925,4.78059163174992,2.60762866498738,1.90062528979589,0.168927144783097,0.337270779327417,2.22044604925031e-16,1,SISTEM_SUDAH_IDEAL
5.87744938385638,16.437550088351,6.60056281588312,7.1276153383028,0.180039011690541,4.57100324327778,0,1,SISTEM_SUDAH_IDEAL
22.1681851529354,14.6745323881662,9.52299543623378,1.53727503470817,0.0848936888509184,0.417609840080107,1.11022302462516e-16,1,SISTEM_SUDAH_IDEAL
9.98847919269382,25.1142037477377,2.98992151420366,9.86596259583459,0.175862843055582,1.50903805997326,1.11022302462516e-16,1,SISTEM_SUDAH_IDEAL
32.2532847120062,14.4194829789939,0.612641951362477,32.1551469043808,0.106668533119655,0.800094730545131,3.33066907387547e-16,1,TURUNKAN_KP_ATAU_NAIKKAN_KD
24.2623557752562,19.1435099191158,3.85150116990387,2.56712055255908,0.0880166315646321,1.00110004620364,0,1,SISTEM_SUDAH_IDEAL
13.1995772170226,18.2340808981171,4.16923351872815,4.91907903743412,0.145841047258148,1.84585883786903,0,1,SISTEM_SUDAH_IDEAL
18.311877973787,1.50237996318458,5.0481449492936,0.217406580379453,0.0947104419138385,0.487240692254122,8.88316997738059e-09,1,SISTEM_SUDAH_IDEAL
31.1186865818969,28.4008908970309,7.46479636563877,1.78418299002583,0.0835078687174502,0.187136463481166,0,1,SISTEM_SUDAH_IDEAL
44.363970087391,13.5115815996549,5.77330285903523,1.4673799595917,0.0805424001342326,0.0986644401644349,0,1,SISTEM_SUDAH_IDEAL
31.2230662621122,7.1819612053268,1.30172376409185,18.6934629014509,0.102597478116671,0.501556538675863,0,1,SISTEM_SUDAH_IDEAL
12.775452587272,6.9693714069045,2.50178569509326,3.02879229977111,0.173260314490212,1.88588927495605,0,1,SISTEM_SUDAH_IDEAL
10.3536798190002,23.6725545372291,4.65000916728527,6.90196980787539,0.157871380632811,1.83775949337921,0,1,SISTEM_SUDAH_IDEAL
4.09054156171648,1.69352095616777,6.48436600720421,3.32738625392179,0.442926441659095,7.34764792825379,2.22044604925031e-16,1,SISTEM_SUDAH_IDEAL
6.04542687379285,14.9523035680712,6.18809707441821,7.04286983619296,0.199623158927652,4.57363080024691,2.22044604925031e-16,1,SISTEM_SUDAH_IDEAL
11.4488061552825,28.8676192431287,7.50001260555048,5.18114114783714,0.0879202917309255,2.00406669279544,2.22044604925031e-16,1,SISTEM_SUDAH_IDEAL
19.5186407252269,8.81934310842847,8.98229676988975,1.26892045129585,0.0855594123744102,0.518302349014365,2.22044604925031e-16,1,SISTEM_SUDAH_IDEAL
19.3998660410369,0.362259519811178,1.33625797574474,8.8242520049995,0.144454534383979,0.478414048777777,6.52900561884939e-05,1,SISTEM_SUDAH_IDEAL
31.7231249649302,16.547639136485,2.52776596820071,8.89503719821356,0.0866041760113142,0.450159345108677,2.22044604925031e-16,1,SISTEM_SUDAH_IDEAL
19.9461444552003,5.23205906444396,7.62548927957093,0.815370732045095,0.0861182135337752,0.510120351664642,0,1,SISTEM_SUDAH_IDEAL
39.7520032238533,14.3509299897613,0.856222233310511,31.4849831478247,0.0868172634149321,0.701617565392695,0,1,TURUNKAN_KP_ATAU_NAIKKAN_KD
31.0086151872112,29.1463392816905,5.01096472786665,2.33444130419036,0.0837591609997484,0.808479776311517,0,1,SISTEM_SUDAH_IDEAL
23.8906172431427,29.9773174576154,7.17081629325414,2.63939290705359,0.0850604808571382,1.38754584136821,2.22044604925031e-16,1,SISTEM_SUDAH_IDEAL
23.5892810261861,0.57032021098226,5.15276932693265,0,0.0869012957776473,0.321526903843063,1.67467097687002e-05,1,SISTEM_SUDAH_IDEAL
34.9643892009055,2.24204107887528,0.819463485214161,27.906577618181,0.0994575909565726,0.5515290212916,4.97949264044451e-08,1,TURUNKAN_KP_ATAU_NAIKKAN_KD
31.2780621668583,12.3918694044671,4.18704817652664,1.68789918164691,0.0844209379645262,0.147193669336073,0,1,SISTEM_SUDAH_IDEAL
27.1073928506357,2.24455037686498,5.704033230785,0.154224386671031,0.0852500312417604,0.25432882299526,5.74268765873853e-09,1,SISTEM_SUDAH_IDEAL
41.645313694804,8.88856238877748,6.4405941495326,0.401056830826607,0.0814979226441871,0.0998349552391292,1.11022302462516e-16,1,SISTEM_SUDAH_IDEAL
6.99212313463511,25.335868780554,8.24135454247936,6.40420156712498,0.0883815210357804,4.05619811951011,3.33066907387547e-16,1,SISTEM_SUDAH_IDEAL
37.7333836038699,27.5043630083883,4.51399846170519,3.36628861510686,0.0816002408451218,0.44819447314774,0,1,SISTEM_SUDAH_IDEAL
35.3957980502843,20.290748756327,4.07061636626312,3.60834263638157,0.0826241334770843,0.405384741715936,2.22044604925031e-16,1,SISTEM_SUDAH_IDEAL
45.5795398773324,25.8433202018166,2.34818060594351,14.2751563573387,0.0782140912693058,0.341322180274815,0,1,SISTEM_SUDAH_IDEAL
28.3303998304144,15.0112422423506,9.47568511161503,1.11269844083901,0.0839930845903188,0.314963726789148,2.22044604925031e-16,1,SISTEM_SUDAH_IDEAL
0.916129250974351,9.28853641627757,9.66422006620899,8.69705303789585,0.0885615094712288,40.6643403467424,2.20737260430148e-05,1,SISTEM_SUDAH_IDEAL
42.5192217891748,2.97916282583476,0.415200419694391,40.3744694398821,0.0874383675152803,0.824377126704147,2.07297501386705e-08,1,TURUNKAN_KP_ATAU_NAIKKAN_KD
45.5560529269418,16.6144856087877,8.42346092513392,0.599274373210856,0.08149578405058,0.0998323354619605,0,1,SISTEM_SUDAH_IDEAL
15.7747879309191,15.6008676495123,1.95353200406682,6.7604306407923,0.151207145452806,1.38451848563808,2.22044604925031e-16,1,SISTEM_SUDAH_IDEAL
0.75606640833849,28.3965494855021,5.33970681430449,12.3213808290713,0.438519413886107,149.826107165244,0.0417257417894543,1,SISTEM_SUDAH_IDEAL
5.12223751944914,13.5419433803151,7.48551502751616,6.62587996913446,0.157297824424152,5.36103158460077,3.33066907387547e-16,1,SISTEM_SUDAH_IDEAL
26.7043363070005,27.8538279339757,3.94918272152189,3.29521533541399,0.0863526632668721,0.980391548610589,2.22044604925031e-16,1,SISTEM_SUDAH_IDEAL
8.10791430391999,25.3947058589171,1.63749739269948,18.1104849810707,0.203533698888255,2.06403166122501,2.22044604925031e-16,1,SISTEM_SUDAH_IDEAL
42.8028865675461,25.2948018417316,4.84470537147854,3.33463250007757,0.0802205088890402,0.345305241307533,0,1,SISTEM_SUDAH_IDEAL
38.7976191682145,25.3630122372029,3.99737442554492,4.88991877511935,0.0812191639795346,0.421069050965408,2.22044604925031e-16,1,SISTEM_SUDAH_IDEAL
28.0964775269042,15.5181495585963,2.92225177682349,4.92503767038448,0.088027478470791,0.527683532746872,0,1,SISTEM_SUDAH_IDEAL
46.1803363334853,12.0901655658548,9.0936756611098,0.413570372579741,0.0816626909010182,0.103181034199249,1.11022302462516e-16,1,SISTEM_SUDAH_IDEAL
24.2794022400097,12.2740193790104,6.99064524151667,1.3102103178551,0.0852952183210644,0.316365106756287,0,1,SISTEM_SUDAH_IDEAL
42.1074213959427,5.72458338120956,8.66435181309211,0.21053896450316,0.0821319335215368,0.146903552515373,1.90136795197304e-12,1,SISTEM_SUDAH_IDEAL
30.9378461364512,13.2675856156528,6.53959540923485,0.984928795298967,0.0838004608780758,0.189374264786284,0,1,SISTEM_SUDAH_IDEAL
6.02181758682768,21.3607960020003,1.02940654361458,28.0599192059915,0.2436177461766,2.81936337896205,1.11022302462516e-16,1,TURUNKAN_KP_ATAU_NAIKKAN_KD
28.4603431379398,22.1198887401101,9.18967881042272,1.51609590644584,0.0839329624214173,0.278121167287243,0,1,SISTEM_SUDAH_IDEAL
44.0806277853874,11.1075392581264,7.09039232416555,0.445048973582551,0.0812771811938867,0.0995645469625112,1.11022302462516e-16,1,SISTEM_SUDAH_IDEAL
19.138875844023,13.3533284038438,2.31989555412607,4.65588966084212,0.133746744484331,1.14271202057655,1.11022302462516e-16,1,SISTEM_SUDAH_IDEAL
29.2949911095794,0.427024109450086,4.08549113865148,0.423429234130146,0.0856646782204643,0.16637538915029,9.63000825645599e-05,1,SISTEM_SUDAH_IDEAL
19.2685608532485,4.30955103048953,7.39853053627943,0.721027236225424,0.0864154655188674,0.538858606439072,4.44089209850063e-16,1,SISTEM_SUDAH_IDEAL
16.3394317132247,11.4883227156744,9.89047055190036,1.88066078206093,0.0856996197878571,0.587607134076848,2.22044604925031e-16,1,SISTEM_SUDAH_IDEAL
31.2500256088399,12.1192955538956,2.32312077602293,9.56655919191491,0.087767954109125,0.418145017146388,1.11022302462516e-16,1,SISTEM_SUDAH_IDEAL
48.38109018801,4.34438525064146,4.0101743689917,5.03227892719278,0.0784153813914747,0.287505254266647,1.42075351483584e-09,1,SISTEM_SUDAH_IDEAL
26.7025088043636,3.02835483823811,5.80776969840856,0.256869130552317,0.085307456454364,0.266247549534554,7.95257193431098e-11,1,SISTEM_SUDAH_IDEAL
5.32436731014529,17.8761713122588,4.78109753253701,9.76567657681602,0.261729134277865,5.21163979378148,1.11022302462516e-16,1,SISTEM_SUDAH_IDEAL
40.9146151638462,17.2110678387679,2.10623454998752,15.0523394391795,0.0813179243279069,0.355016925519636,2.22044604925031e-16,1,SISTEM_SUDAH_IDEAL
21.6526551783976,12.9838280618583,8.71234146466637,1.49742920353011,0.0852310682658467,0.418777833799384,2.22044604925031e-16,1,SISTEM_SUDAH_IDEAL
37.4497553529248,11.8992676242914,1.66463040953822,18.1236530119311,0.0851332132598503,0.36040610592061,1.11022302462516e-16,1,SISTEM_SUDAH_IDEAL
27.191638507561,0.607638429297255,1.20340384014739,15.1092758766538,0.117463823092835,0.530408962455666,2.18613494128439e-05,1,SISTEM_SUDAH_IDEAL
31.8057054268594,14.5435943919265,9.94832225333997,0.89694650432719,0.0834998938709851,0.280360152952495,4.44089209850063e-16,1,SISTEM_SUDAH_IDEAL
33.0483448049819,29.1697532242479,8.80703619995467,1.55917838388913,0.0831954669149182,0.197102744554328,2.22044604925031e-16,1,SISTEM_SUDAH_IDEAL
35.3287947932788,2.50073344393925,4.41776547193073,1.60152642496998,0.0829580817490336,0.130301326832668,2.16796864904722e-08,1,SISTEM_SUDAH_IDEAL
0.126099270705066,20.3586694517169,7.74835137824402,999,999,999,1,0,TURUNKAN_KP_DAN_KI
45.6938660746396,10.6274845386191,5.4383276553584,2.00425917930536,0.0800835039964843,0.200508775651736,0,1,SISTEM_SUDAH_IDEAL
32.7581820898769,5.32606546014914,9.84787190627356,0.316902737021985,0.0834652601773265,0.302900778595898,2.8199664825479e-14,1,SISTEM_SUDAH_IDEAL
0.236624149238479,5.87308728742261,4.68250047685499,20.1626124444918,0.760284887497219,149.350186697526,0.0185833145196067,1,TURUNKAN_KP_ATAU_NAIKKAN_KD
27.9443236423696,7.62311560195957,9.94964452331909,0.617763810675243,0.0840602790461509,0.376870946613747,2.22044604925031e-16,1,SISTEM_SUDAH_IDEAL
22.4321127975471,1.65864613805249,6.96427308041293,0.144495627154773,0.0859220310215689,0.466198836697624,2.07458870082888e-08,1,SISTEM_SUDAH_IDEAL
11.983128750723,8.99066299785434,2.56047748007313,4.09424193186565,0.177217057749522,2.02425573437053,1.11022302462516e-16,1,SISTEM_SUDAH_IDEAL
4.45730997107919,17.0226816481109,2.66136634017655,15.9709664067547,0.315288658214206,4.56343006401537,3.33066907387547e-16,1,SISTEM_SUDAH_IDEAL
1.70124097718444,19.2026028480708,6.00901914607285,12.9201381784489,0.33608566564669,21.0309397414412,1.25208961643253e-07,1,SISTEM_SUDAH_IDEAL
9.65331417429868,20.6373598359071,3.10483273679098,8.75445527968359,0.182564191364328,1.68997925545916,0,1,SISTEM_SUDAH_IDEAL
21.4248856580728,11.4455297505667,6.24681677014826,1.54622075450916,0.0864724259566928,0.34514797654137,1.11022302462516e-16,1,SISTEM_SUDAH_IDEAL
39.3273760625026,17.8388119266755,6.51575432386662,0.905594094770046,0.0818747015502851,0.112369848334385,2.22044604925031e-16,1,SISTEM_SUDAH_IDEAL
29.5715464521766,4.77458110449191,0.421328991945195,30.8639040974522,0.116038209757315,0.821957519010836,1.12132525487141e-13,1,TURUNKAN_KP_ATAU_NAIKKAN_KD
6.95123668304524,8.4799926613666,7.56924895207566,4.37744027445788,0.122415921125464,3.73489008755941,1.11022302462516e-16,1,SISTEM_SUDAH_IDEAL
20.8510971652451,4.36950570968641,7.34016712819782,0.63586763324881,0.0860704880803209,0.485811197970831,1.11022302462516e-16,1,SISTEM_SUDAH_IDEAL
33.5750555960499,19.0640808133551,5.42845797146589,1.34434452410905,0.0830863248409144,0.142610464769112,2.22044604925031e-16,1,SISTEM_SUDAH_IDEAL
12.7033986980755,2.21701174736971,3.87181622815469,0.872839633437428,0.170152717903835,0.612705139845349,8.43769498715119e-15,1,SISTEM_SUDAH_IDEAL
47.8336750040142,0.725192273101617,5.91344452531904,1.24529772329567,0.0800713001385688,0.0980873426697468,5.26675103617036e-05,1,SISTEM_SUDAH_IDEAL
44.3187540977701,17.4571014407613,7.16316907775406,0.707560302874199,0.0811912323669352,0.0994592596494956,1.11022302462516e-16,1,SISTEM_SUDAH_IDEAL
35.9289064347021,11.374456736382,1.54267680453971,18.9362099346971,0.0870154319583133,0.365862580109914,1.11022302462516e-16,1,SISTEM_SUDAH_IDEAL
7.97509269546921,13.8768375534375,0.350163678472293,31.5623788769683,0.223522937054575,1.02540720136988,0,1,TURUNKAN_KP_ATAU_NAIKKAN_KD
36.424707852592,22.5561795182378,4.50590004071244,2.83952425274803,0.0821404987207222,0.384668463371829,1.11022302462516e-16,1,SISTEM_SUDAH_IDEAL
14.4431484507242,4.26985164111545,4.93704444042045,1.28850322825775,0.132318333568909,0.562953339517087,0,1,SISTEM_SUDAH_IDEAL
18.3554938815704,23.426297856715,1.39423936761932,15.0324869080145,0.138888894765793,1.01693522026433,3.33066907387547e-16,1,SISTEM_SUDAH_IDEAL
37.4205149488198,18.6180953492033,9.07755222254341,0.890518410947405,0.0827054301697741,0.182432712093493,1.11022302462516e-16,1,SISTEM_SUDAH_IDEAL
35.9938565273111,3.52659556189518,8.70675757631033,0.151493159380744,0.0830206428929733,0.226434425686154,5.24158272341424e-10,1,SISTEM_SUDAH_IDEAL
3.3978876668496,0.040405062542187,3.06666208754302,0,1.04706283192253,3.34195221422804,0.00139675072758916,1,SISTEM_SUDAH_IDEAL
19.9160171319099,8.57753181302386,6.4905440967205,1.33460330981068,0.0867852059248972,0.414278615170806,0,1,SISTEM_SUDAH_IDEAL
13.1115337219323,29.581311381868,6.72909600491429,5.03624527221165,0.0882113072927361,1.84208947663594,4.44089209850063e-16,1,SISTEM_SUDAH_IDEAL
33.4624146593723,23.6806868954318,0.694047211856521,33.3007879755717,0.10154956536532,0.797395689740524,0,1,TURUNKAN_KP_ATAU_NAIKKAN_KD
12.2622794006148,15.2961398977473,8.65727440432188,3.25999586583894,0.08701812764796,2.63651554008704,0,1,SISTEM_SUDAH_IDEAL
49.9695271800981,18.2950024832581,0.231797993558337,47.4831007364519,0.0791917818930038,0.961269835193254,2.22044604925031e-16,1,TURUNKAN_KP_ATAU_NAIKKAN_KD
45.3816993835409,23.6212921148555,5.08551757776898,3.10886157144319,0.0797175415039866,0.301040231388075,2.22044604925031e-16,1,SISTEM_SUDAH_IDEAL
37.8308264041775,18.3301985947857,4.22152649182568,3.614182338656,0.0817339452352719,0.360480576935143,2.22044604925031e-16,1,SISTEM_SUDAH_IDEAL
12.4292463633219,6.1892048927401,3.23514539923424,2.57768660876883,0.173367281496007,2.05264932842496,1.11022302462516e-16,1,SISTEM_SUDAH_IDEAL
17.9414176262334,12.2399981900703,5.14403905258125,2.26172021061444,0.0893657769233044,1.58680577305046,1.11022302462516e-16,1,SISTEM_SUDAH_IDEAL
45.5397284973281,3.50823018437438,1.80036871284529,17.2693682406917,0.0792301574075457,0.430217225197222,8.13027534185551e-09,1,SISTEM_SUDAH_IDEAL
23.5557402770616,9.36425413462787,9.31957935566069,0.997151405015928,0.0847856413946892,0.431315489731684,2.22044604925031e-16,1,SISTEM_SUDAH_IDEAL
43.9878329226925,29.6821608977239,1.94376800232583,18.1531113246753,0.0791960545672286,0.344156281355064,2.22044604925031e-16,1,SISTEM_SUDAH_IDEAL
41.0703832845158,18.4262908466448,2.35228078221891,13.134377513448,0.0808861750992189,0.36034859892292,0,1,SISTEM_SUDAH_IDEAL
39.7056900073544,13.0029419383764,1.29681507740101,23.733314985805,0.0845623371310389,0.479104305114004,2.22044604925031e-16,1,TURUNKAN_KP_ATAU_NAIKKAN_KD
28.6125008661839,3.83511214199758,2.17928054480395,8.08088411227541,0.098708463946772,0.395599121343801,5.02442532024361e-12,1,SISTEM_SUDAH_IDEAL
23.4878239411202,14.6921244666438,1.93454103920961,8.76251594323703,0.118952489051699,0.602912961507697,1.11022302462516e-16,1,SISTEM_SUDAH_IDEAL
6.10660954935037,20.2675380254235,9.90159678852302,5.61203256804192,0.0872850503070435,4.92496777601904,2.22044604925031e-16,1,SISTEM_SUDAH_IDEAL
32.9593511780882,6.7923435518494,8.27993962175469,0.424971806406127,0.0834385691507076,0.248158290765243,1.11022302462516e-16,1,SISTEM_SUDAH_IDEAL
18.7337036160483,20.9239970142877,6.4495298463137,2.89193704873949,0.0869474629004625,1.71581666082644,1.11022302462516e-16,1,SISTEM_SUDAH_IDEAL
1.36653367985685,8.93202052988305,9.05624424030967,8.53869720734268,0.125285829718318,23.8350175395708,7.92682641548303e-06,1,SISTEM_SUDAH_IDEAL
33.0114921383378,9.05959289642398,5.80839309437204,0.628795647019764,0.0833983624360404,0.162839087438015,0,1,SISTEM_SUDAH_IDEAL
18.6325784735216,5.07215845397518,0.414200025221562,26.1730780219494,0.147125660996827,1.02793215709053,0,1,TURUNKAN_KP_ATAU_NAIKKAN_KD
49.2186982882817,17.5468326636887,6.18133171940879,1.65741879704411,0.0797610514158635,0.0977072879844327,1.11022302462516e-16,1,SISTEM_SUDAH_IDEAL
14.100988681218,27.067085247982,4.39975282595581,5.78851239359113,0.128456151540481,1.58280835486886,1.11022302462516e-16,1,SISTEM_SUDAH_IDEAL
12.2346453609426,1.30463084539636,1.21900246227235,3.81630920641625,0.186053776787122,0.608566297278052,5.26013232970968e-10,1,SISTEM_SUDAH_IDEAL
24.9689020210645,21.0271956690652,3.23076572016304,3.87666028983129,0.0900017079790039,0.93121555032484,2.22044604925031e-16,1,SISTEM_SUDAH_IDEAL
0.743201353263145,19.5232801260011,1.89907647979147,999,999,999,1,0,TURUNKAN_KP_DAN_KI
26.1123673964583,27.7919859112987,4.67533977604018,2.8563538521202,0.0857780438615732,1.07635629044951,2.22044604925031e-16,1,SISTEM_SUDAH_IDEAL
43.4945734204407,12.6583384093845,8.87616383745209,0.485479690851931,0.0819321486356169,0.128046051924524,1.11022302462516e-16,1,SISTEM_SUDAH_IDEAL
18.6746731064663,3.97339403579902,4.29369382731215,0.786397987356269,0.111430860612376,0.36081859882777,0,1,SISTEM_SUDAH_IDEAL
19.6000657395049,29.4760192245469,9.79575318495987,2.76278765728071,0.0850567142091936,1.80775869531899,0,1,SISTEM_SUDAH_IDEAL
15.4730762221464,27.9562753572116,7.99490888220309,3.78815632142784,0.0865918833290348,1.91625069916964,2.22044604925031e-16,1,SISTEM_SUDAH_IDEAL
46.9703941325612,18.5784170834907,3.67810923175934,6.72555903287231,0.0783308199673145,0.334294631482191,2.22044604925031e-16,1,SISTEM_SUDAH_IDEAL
20.5648683734621,21.5872286682607,6.33282868223979,2.65604768676002,0.0864853404366674,1.55992579523383,1.11022302462516e-16,1,SISTEM_SUDAH_IDEAL
28.7813065113683,24.4329122789971,1.46367805837976,17.669242330732,0.104429360194275,0.45578210265974,1.11022302462516e-16,1,SISTEM_SUDAH_IDEAL
13.4188705496295,11.234464369626,1.03060276836256,12.973304380067,0.168942869951636,1.48807974889034,2.22044604925031e-16,1,SISTEM_SUDAH_IDEAL
37.0687387598183,9.7805023624806,5.95406874787877,0.557106641467442,0.0823589440771317,0.130906009703705,1.11022302462516e-16,1,SISTEM_SUDAH_IDEAL
44.6945534120899,8.6369545989627,7.41531314749148,0.320586900845465,0.0813374912220295,0.0996384267469861,0,1,SISTEM_SUDAH_IDEAL
23.9282558488397,12.4424199871563,8.27694635426532,1.27954547975995,0.0849537206619736,0.368563257806442,0,1,SISTEM_SUDAH_IDEAL
26.3223940365106,14.2873486001926,8.60786634751146,1.22941673643076,0.0844328514880423,0.326767824218819,2.22044604925031e-16,1,SISTEM_SUDAH_IDEAL
6.63299987405868,3.73706588164826,1.32166439610563,5.71261260821809,0.322645835810822,3.02695557832604,0,1,SISTEM_SUDAH_IDEAL
32.7356613917023,29.3468080063513,5.88634150954603,1.95256262498891,0.083130563113558,0.146676192212709,2.22044604925031e-16,1,SISTEM_SUDAH_IDEAL
20.9616800037115,0.268846041200534,8.95842432134,0,0.0853984065979792,0.635955146826402,0.000187761643915874,1,SISTEM_SUDAH_IDEAL
48.8642894042589,29.7424979271696,9.22279845020801,0.898336402237931,0.0812383374410559,0.0995169633652935,2.22044604925031e-16,1,SISTEM_SUDAH_IDEAL
9.20783049933488,16.8623101804796,4.99944200649457,6.10049171844844,0.17269163823587,2.24668599845994,2.22044604925031e-16,1,SISTEM_SUDAH_IDEAL
43.3204427351814,11.0578984780233,9.03520682013445,0.42295552492464,0.0820062255314912,0.135904272377594,0,1,SISTEM_SUDAH_IDEAL
30.865184861702,23.1630512243689,7.31571067322798,1.54547045535043,0.0836296606101548,0.193059534243833,2.22044604925031e-16,1,SISTEM_SUDAH_IDEAL
48.7778081244569,23.7422875608855,4.60158813895464,4.47524495477349,0.0784637097720077,0.322736393587595,1.11022302462516e-16,1,SISTEM_SUDAH_IDEAL
38.3462016756931,29.163091912354,2.56031150051707,12.0167323382153,0.0819070065771487,0.396645421258019,0,1,SISTEM_SUDAH_IDEAL
45.8869783948612,10.0376960339878,1.8145322472281,17.7597616877328,0.0787857393596944,0.418197873729906,1.11022302462516e-16,1,SISTEM_SUDAH_IDEAL
21.816911338689,22.8172008140633,9.16358483223488,2.16861851848613,0.0849596949746349,1.59578232551467,0,1,SISTEM_SUDAH_IDEAL
25.18933416705,11.2416958182754,7.71578231671544,1.11345985915889,0.0848751040562194,0.335535565061049,3.33066907387547e-16,1,SISTEM_SUDAH_IDEAL
9.58820190678118,14.3098335043131,5.81160149251848,4.93402472940931,0.152178640678025,2.52790193399178,2.22044604925031e-16,1,SISTEM_SUDAH_IDEAL
42.967859239372,20.1436777105933,1.9344809915187,17.2657106354792,0.0801510179070435,0.341995034352027,2.22044604925031e-16,1,SISTEM_SUDAH_IDEAL
46.7757459718208,17.9679613165386,6.53895317668931,1.021025465692,0.0804390692805018,0.0985378598686146,0,1,SISTEM_SUDAH_IDEAL
18.8714359013242,9.84211120743483,0.321138990586731,31.5382954707007,0.144246679855084,1.09679646537105,2.22044604925031e-16,1,TURUNKAN_KP_ATAU_NAIKKAN_KD
22.0224189820013,24.6332520221348,6.52298415423392,2.65775979484153,0.0858977085288435,1.4659083094883,2.22044604925031e-16,1,SISTEM_SUDAH_IDEAL
49.8235509954987,17.9961809772572,5.18671497899874,3.15532554747422,0.0788295363244325,0.276800858421942,0,1,SISTEM_SUDAH_IDEAL
3.71029768997135,19.888576446275,4.10109476473467,13.7766131604554,0.312861918619662,6.60479346250044,2.22044604925031e-16,1,SISTEM_SUDAH_IDEAL
13.0918701690956,22.9088826754614,8.80711987110062,3.75645229854746,0.0866633684293995,2.26222943793482,1.11022302462516e-16,1,SISTEM_SUDAH_IDEAL
27.5180579122391,13.5438987697795,9.35262107415833,1.07171784097528,0.0841392792288458,0.33258922880262,1.11022302462516e-16,1,SISTEM_SUDAH_IDEAL
4.27067146708434,11.0412392611885,0.331318288538553,39.412717614382,0.308464010144149,3.07198100946151,2.22044604925031e-16,1,TURUNKAN_KP_ATAU_NAIKKAN_KD
2.40022816314469,19.2176987765876,5.10186471361837,13.5521835951915,0.342152299129829,12.5997762603606,7.52176099183544e-13,1,SISTEM_SUDAH_IDEAL
28.1898955191579,8.44347529636005,6.78728330355163,0.737582733721376,0.0844836736305849,0.260125786082537,0,1,SISTEM_SUDAH_IDEAL
31.4431629508298,21.2683530529552,6.15366633867548,1.51183935100294,0.0835843521751152,0.167840084087942,0,1,SISTEM_SUDAH_IDEAL
22.5785877279695,21.824603818002,9.84814249622439,1.95469650341022,0.0846829159451951,0.372784035445801,2.22044604925031e-16,1,SISTEM_SUDAH_IDEAL
26.8238029800066,23.3964490395745,9.91527969221089,1.6516248526302,0.0840686991700716,0.308576993513144,0,1,SISTEM_SUDAH_IDEAL
31.92935889802,8.19820883090564,6.03079863967773,0.59182928604542,0.0836820638096845,0.176952257030263,0,1,SISTEM_SUDAH_IDEAL
31.9020177235741,27.3325741729079,6.15642307445003,1.84819232304998,0.0833715668189298,0.158509492812639,1.11022302462516e-16,1,SISTEM_SUDAH_IDEAL
47.2832441593713,7.672021237209,1.98205896214809,15.9487736315045,0.0779254417308035,0.297565734217736,5.83977310952832e-14,1,SISTEM_SUDAH_IDEAL
22.2935044194994,26.3151511309788,3.48390147164449,4.11850006711527,0.096861766235979,1.15683789917993,2.22044604925031e-16,1,SISTEM_SUDAH_IDEAL
5.47610055344207,22.9420644490424,8.96276746271854,6.60785037457743,0.0880940668944632,6.24999796428841,1.11022302462516e-16,1,SISTEM_SUDAH_IDEAL
9.5321449360893,20.205674556781,5.15889800829968,6.38756183203355,0.161137119753606,2.0867151017741,0,1,SISTEM_SUDAH_IDEAL
43.1981699624918,8.94464804146939,3.03296903913216,8.43206613580072,0.0797677956439813,0.333168853811315,1.11022302462516e-16,1,SISTEM_SUDAH_IDEAL
11.1552196389081,4.19502148289635,9.59011735173645,1.53203210145387,0.0867766255268072,1.00413079524205,1.11022302462516e-16,1,SISTEM_SUDAH_IDEAL
34.1341434683504,24.1438292740287,5.36206205267648,1.67134980100674,0.0828350603826773,0.133826463304289,0,1,SISTEM_SUDAH_IDEAL
41.1727910556582,7.87299673531698,6.95705111337054,0.341249560581947,0.0817863766387051,0.110368676584477,6.66133814775094e-16,1,SISTEM_SUDAH_IDEAL
42.6515763110762,2.61460122279592,9.65786783454354,0.0513572473920476,0.0822805328072266,0.170702361499803,5.24260850287561e-08,1,SISTEM_SUDAH_IDEAL
35.1458776975658,2.26606552539598,9.428396857878,0.0696847525563316,0.0831856404646533,0.270129181383848,4.36747067400489e-08,1,SISTEM_SUDAH_IDEAL
48.2231358001066,11.6625843909816,5.76941985516212,1.86503663194468,0.0797398052892691,0.0976812614793546,1.11022302462516e-16,1,SISTEM_SUDAH_IDEAL
40.9580774918694,2.29630580568197,8.6531297183627,0.0417122774674539,0.0823204817660089,0.164557772604836,9.46811242741319e-08,1,SISTEM_SUDAH_IDEAL
9.16858018714579,25.0402224780404,8.41035553582974,5.32528344895393,0.087732954254948,3.66137047504004,0,1,SISTEM_SUDAH_IDEAL
25.5308750595654,15.6005705173139,3.66895296689135,2.21919298319035,0.0877955550355472,0.646548795945205,2.22044604925031e-16,1,SISTEM_SUDAH_IDEAL
46.280073220384,21.006830521091,9.90728655224571,0.691305859622915,0.0817776153665869,0.11485707837342,1.11022302462516e-16,1,SISTEM_SUDAH_IDEAL
48.5483121567701,2.78183374280435,3.70596261581344,5.90010238574945,0.0781473131911833,0.28999852235012,7.27661877419905e-08,1,SISTEM_SUDAH_IDEAL
26.6081724839713,2.41777862794228,7.04305183596714,0.179579246822836,0.0848761210938378,0.346890406414543,1.8591033157378e-09,1,SISTEM_SUDAH_IDEAL
17.4485794374291,3.36875980857647,9.41900667583704,0.634053888310238,0.0857983703205427,0.71046738134248,4.44089209850063e-16,1,SISTEM_SUDAH_IDEAL
10.4672919215282,0.294144645179805,8.68563026592308,0,0.0875610277603684,1.47796354435731,1.38078072869918e-05,1,SISTEM_SUDAH_IDEAL
34.0317294037953,5.15114936121194,1.76661085388546,14.7826578795857,0.0879828476982621,0.370854167904083,3.74367203903603e-13,1,SISTEM_SUDAH_IDEAL
44.892764139826,2.42931355016133,0.718434493568452,33.4527931839815,0.0827204004036373,0.647706911618101,1.06820417844489e-07,1,TURUNKAN_KP_ATAU_NAIKKAN_KD
1.27176656276249,17.175258159865,3.25391035709391,22.5935350837254,0.436663744141952,31.4728880335383,8.16125265035161e-07,1,TURUNKAN_KP_ATAU_NAIKKAN_KD
26.3456659183819,12.0572334477598,6.29230991021256,1.17724302737721,0.0850396813977902,0.252123108120239,2.22044604925031e-16,1,SISTEM_SUDAH_IDEAL
31.6812291600054,10.2802850886182,9.56659595412903,0.669242760427435,0.0835697760114441,0.289586455864086,2.22044604925031e-16,1,SISTEM_SUDAH_IDEAL
16.7672367792945,20.1312546565593,0.261736390277365,37.4786947062465,0.147785010666875,1.19646050043611,2.22044604925031e-16,1,TURUNKAN_KP_ATAU_NAIKKAN_KD
43.1886552540036,10.0552014057774,9.20069313396098,0.38332378035062,0.0820675302417562,0.142716076117712,0,1,SISTEM_SUDAH_IDEAL
12.4039818378586,2.32975259355893,2.83444209820503,1.02580865180375,0.17947832325034,0.481645150310513,1.33226762955019e-15,1,SISTEM_SUDAH_IDEAL
15.2470778893165,18.6647355561242,5.81783798832404,3.57685791244748,0.0888251654450781,1.94131988935437,2.22044604925031e-16,1,SISTEM_SUDAH_IDEAL
34.7158630158442,4.30683899333379,3.48004500773959,4.21617666466125,0.0836326436112341,0.323901671672394,1.65856217648752e-11,1,SISTEM_SUDAH_IDEAL
31.269652841551,25.7693101536749,4.71568083521453,2.19557644518311,0.0838382024783209,0.677176223940652,2.22044604925031e-16,1,SISTEM_SUDAH_IDEAL
34.6359813271802,2.81276476416676,0.575977533626287,32.580562378436,0.103277911996318,0.738456080606386,6.38612096537372e-09,1,TURUNKAN_KP_ATAU_NAIKKAN_KD
