Target_Overshoot,Target_SettlingTime,Kp_Data,Ki_Data,Kd_Data
9.5463806790768,6.96435040569591,1.95926313057496,0.645258071138793,0.35629934848667
11.3994593425276,6.16701789583373,1.9474194562647,0.841306193676594,0.495055829751143
6.46861247778465,39.212091634779,0.205485012078882,0.015332385514306,0
11.3805865684593,9.68252020766928,1.16929803227543,0.311833143806559,0.169822534064093
9.04136379720661,6.83503081713278,2.06737376871031,0.682489945408345,0.423465986905365
11.2748141572888,5.90393935150188,2.06429052920028,0.923897359519568,0.51896619701221
8.49890355629288,12.3814054638147,1.03934216138065,0.190530144563502,0.178619585459206
9.5295166423865,28.9270821754896,0.298363225108809,0.032257288222149,0.079551805914527
11.1477597042146,6.27327287284948,1.94056131004712,0.821273394480333,0.514995841385139
9.74889035992146,6.53865997684716,2.08527664256086,0.729990122936573,0.353682386421016
5.72191542265328,72.7496821080182,0.07317624833229,0.00485350350652507,0
10.1393147543487,6.60400446638033,2.04649029026999,0.691419399021257,0.226461697560498
10.3381571651279,7.82871651931275,1.6407732736683,0.48567410613109,0.180113544043598
10.7129424804932,13.0860989348826,0.835180179895188,0.170003140801688,0.166269636170267
9.1055490726035,25.8295389423414,0.361830714475173,0.0405336173514928,0.0838238502538259
6.32981522405494,77.9264611375303,0.0632058679189356,0.00441554881519461,0
7.96642138236205,61.2084585788212,0.0917359016907998,0.00702439119923401,0
11.8247550096899,6.55120338597821,1.76777668824786,0.730921926977418,0.439694330885865
9.78061456780213,16.1338172209186,0.676007391456784,0.111167195366247,0.166115809751448
2.35378136246245,65.2433544138816,0.0770480779725738,0.00396526908729376,0
9.7691355281833,14.0157267890787,0.814107148257451,0.148526184449453,0.169681335184133
10.0679308425521,7.62769631849524,1.72623543773436,0.513009284311043,0.185080434195419
11.4758272332315,10.4367849342793,1.04881713016162,0.27539830832942,0.260652584458374
11.6084067868983,8.19353180884162,1.39042936683894,0.453656620827911,0.315507892885809
9.74166164082238,8.09868315540423,1.63444641157645,0.456575109386985,0.196845150734083
11.5310991908201,7.88021218535968,1.45232102114651,0.506862563227691,0.416658618937958
9.02668849322166,26.8184967513613,0.343766945361295,0.0374925885109797,0.0832019961778253
11.345737567378,10.3580583985979,1.0676209428082,0.280963834621469,0.270463823508404
9.35565116482604,15.6046359329833,0.726526384629203,0.119062754348189,0.169282043453039
8.57323331524309,21.8799605681296,0.474895538223367,0.0567446883402678,0.0887622691658407
8.69572549941908,19.8611334937131,0.541117654402269,0.0695082400700416,0.0900126350492719
10.9867766262289,7.9526119836629,1.49803177622966,0.494966019832305,0.380734928479591
9.62779684115338,6.58996750437839,2.08096753527688,0.721233858695986,0.364514518878642
9.32583232207087,29.5755471419112,0.291911161014219,0.030785143139554,0.0796569463147829
11.6720769406237,17.2859627425176,0.545420690141336,0.0960458346218666,0.173224527001212
8.72044936678043,19.9483494777323,0.53129482216295,0.0659857948609878,0
9.46568342101108,19.9172923884548,0.514713578916782,0.0695652863421695,0.0877927927031707
10.3555048874942,14.5543709724988,0.745242002437314,0.137075308271066,0.165583135142679
10.0397933671395,19.0323807749232,0.529279822796276,0.0765196287013575,0.0868703298627147
11.4439199269741,10.7523859492965,1.01313457749011,0.259442439189591,0.259804217329717
10.9853933738024,6.90974943553295,1.75406313431653,0.679207191230253,0.505000701708178
10.9375652149008,9.76449465636848,1.17732677476615,0.323448322676088,0.325184769617545
8.28372892082569,18.6046539850026,0.606617678818394,0.0787009020057234,0.0813703814579384
10.6547345789995,7.72880618650208,1.63131783410023,0.497101898776435,0.178910779102023
11.249036343012,9.33380827944906,1.21795277405154,0.350972730165206,0.309973537753508
7.03423362426516,56.1688187874889,0.110749066204586,0.00801511776097747,0
9.8642222598172,7.83438727260741,1.68992342353009,0.487815718384714,0.195829055821506
7.79834358155549,32.2603187254491,0.276721453316484,0.0251711509995911,0.0824072043187147
10.5800553324269,11.4253857211581,1.0021385888935,0.224697102259371,0.170146511726284
10.627723156493,14.8919275684605,0.710858165160846,0.126885817840602,0.0888782814162737
11.0540736876003,7.1413044282036,1.68062015812784,0.633079238483369,0.489046451253996
10.9964963863417,10.0540935859699,1.13218150601002,0.303450544650176,0.310785458152229
11.0417678051481,8.99394585636824,1.2902314669609,0.382456398461096,0.339884804464895
11.0775021353863,8.3669294680071,1.40263816635457,0.443870909023252,0.357509379126708
10.0187617227576,8.04909123130345,1.61934705164949,0.460007294451695,0.180923299760901
6.83205457221661,42.9021445494415,0.175538062720516,0.0131279096966716,0
11.2978385909487,6.21471925846289,1.94275532683367,0.831782771268069,0.502768499396204
11.1521428304002,6.85574557906788,1.7507218016118,0.685280277983982,0.490431169544378
10.8613449944385,6.05774446063144,2.19406136142005,0.811976444489677,0.193881502157013
10.7803408287291,11.7696079291374,0.947379935468467,0.219369309303796,0.280629713927389
11.5675466439989,5.82104550338673,2.05975904857658,0.93921305254196,0.494827950448947
11.8007367154425,6.91731538414684,1.66203218561193,0.654781612473063,0.427367982374752
9.51031138773013,7.23740724083141,1.87626875957641,0.59661829510581,0.348114144514036
10.9278604093711,12.8751523566195,0.844094982008298,0.170944095736499,0.08998498265673
10.9907402930786,7.13247855588239,1.69012649579355,0.636408420629679,0.495762865021421
11.9727871461404,6.16030032000999,1.99044619791888,0.772016122369598,0.179076068517916
10.484754163166,17.9279347669007,0.56065049309555,0.0892455266976417,0.158977574280934
9.28125869395107,29.9687614584629,0.280850340411166,0.0285438844626686,0
8.73161968931391,10.6180914050091,1.2448039491498,0.264208031901089,0.210473720453265
9.36800453851725,28.6624910859528,0.3053176309363,0.0328275982334483,0.0803687045141308
8.95956538884106,9.90513738031163,1.33800880492041,0.304739203226387,0.210237752646562
11.5827572815779,9.98282448500912,1.09976851900098,0.300771150098358,0.26135014711992
8.34105216002214,44.5600133601554,0.155521752689105,0.0127799585885946,0
8.71916106607708,32.4458058019817,0.255313603695774,0.0240832479163768,0
10.2834051123394,19.4028596208998,0.510231570255066,0.075933621896285,0.157644349135566
6.46174292632327,59.3836660044825,0.102535226721813,0.0071101059040521,0
9.52549159112817,6.72352508250604,2.04505012479362,0.694432637607604,0.369907098020499
10.8470992461571,11.2419045915961,1.02389871064976,0.220464478801612,0
11.1376200754979,6.37296480423151,1.90681777363114,0.795713018238063,0.511719914739833
9.57434024780142,34.0079065778573,0.233252621628092,0.0234253136991346,0.0854969924444196
9.26255698414136,14.1386006951239,0.832429894486298,0.145879122979024,0.172106217650603
11.2493934233024,12.5755251768816,0.851851418594504,0.178816771227662,0.0894166600218544
10.6871505906229,29.2679288936458,0.274851768354939,0.0318044458894427,0.0861682584867417
9.26937230234108,6.86347776081653,2.01173902585305,0.693293684344616,0.499870412706563
7.22993439920927,52.6099686054557,0.123015238419381,0.00908864627034003,0
10.6597508185431,14.2413138373202,0.751374056769057,0.143003767304573,0.16445770140864
3.3351450699983,114.592898424287,0.031274883523668,0.00203345087111805,0
9.69331387313725,25.5348645654772,0.355702504762298,0.041674078276363,0.082162989542947
11.2781645379104,7.50789734068654,1.57341591230455,0.550770016368818,0.36947428869724
10.8174053883427,11.6550934441392,0.961623382846477,0.215232604623159,0.168457467000703
9.8460022067324,16.9922668065868,0.626080706029392,0.0968184915014433,0.0891887476523324
8.79829513855124,24.399136030186,0.4003277863418,0.0454248335705558,0.0860259683535082
7.86574381758105,25.6570855172337,0.390714483373298,0.0402262585932024,0.0877749985403167
11.4893739391907,8.48157891236824,1.34459588180455,0.424324646368582,0.316166975968681
6.95465381446321,43.7133436649469,0.169526719466084,0.0127320489456279,0
9.23767159626832,8.1126129365615,1.66617885406355,0.474822706350306,0.342543973996163
10.6356817706362,12.0855423855919,0.929429872228327,0.200206436722049,0.168560912839139
10.3227259145394,16.2318213060343,0.646114194622726,0.106345607520703,0.0885169866642269
10.7477910556637,10.4929426624259,1.09294210780806,0.28021367012357,0.320954804639641
9.49694837535091,7.83654120901679,1.72435634043864,0.492655441608506,0.23293236078863
11.1528608868544,13.1614598739354,0.804801787522081,0.167223235361335,0.163688106176705
10.3406756588071,10.4501224810292,1.14068125894971,0.270161183194025,0.173378729829939
11.5833671031581,6.13289965987671,2.05774868072726,0.78396150340434,0.181223980778484
8.60240839453552,11.1508027591746,1.18021671493103,0.238551040161167,0.206551533673214
10.4956829853355,9.579099475628,1.25938126303606,0.322133287029466,0.174556370631014
9.87572865902986,16.7613675418742,0.636487713032062,0.0996027682100311,0.0892942867248828
9.479362575573,20.7077480500943,0.486975943277533,0.0641750477525631,0.0870938242286809
8.36709987072604,24.2546314052801,0.413615397195347,0.0456801943244694,0.0874444646390138
9.37480756235079,25.6392847614061,0.360156502797755,0.0412493888115961,0.0831132503171665
10.8777475067927,11.8599306271285,0.932366593618506,0.214958966343307,0.269148911155322
11.3213496799732,6.14481902491972,1.96534107005583,0.850271552171299,0.503559673232573
10.8748044985573,22.96979561307,0.386078591894535,0.0517952814428142,0.0806254325003539
9.46390156243546,6.54094401062825,2.1203753956444,0.736472927885611,0.385806701998736
9.95158405026453,33.6528568480361,0.23210254662378,0.0239722451792008,0.084242611300037
10.064924963893,13.0910770370156,0.872008753603477,0.170678154635662,0.169728630526985
10.5682856615718,17.9418694566365,0.557051142026452,0.0890538083458846,0.158451047856161
10.3318820329824,8.25310870917565,1.53579296634406,0.436506199005195,0.178823324473662
9.00503343237544,33.3390640623613,0.247318418013019,0.0240821425606376,0.077208007939711
9.75302798457109,16.15882116611,0.674210118706286,0.107471647563262,0.0901500043201498
10.7271238579604,10.5551790811783,1.08661684592983,0.27697552284581,0.321065780759018
10.7587183168612,17.7754088879221,0.557146940822602,0.0906584806617845,0.157583498491687
5.77053956566618,82.1227319111569,0.0584294971772364,0.00396669572389903,0
9.20344531573232,8.55150361696725,1.5675295503728,0.425626243551103,0.328797027947957
11.1035644722995,9.26538335373697,1.24026178116384,0.358526866311554,0.325385691667954
10.9217200643899,11.3433505583931,0.982213591289813,0.235897942847357,0.279751064388456
8.60308259960609,11.205136865353,1.17293187548942,0.236038712788589,0.20450934158309
11.0333440925172,19.3801126269375,0.484934305591232,0.0734156535412623,0.0835193740139308
11.2073624280026,8.63888230718779,1.33925697433441,0.413133020513303,0.336224682128139
10.0670643514038,13.4301945466186,0.843584501136076,0.161962354088407,0.169121014866516
11.5520906779802,5.6918556614498,2.1158938437945,0.983491851283423,0.502389677590354
11.3904793110612,6.34202307423736,1.88652418250209,0.795098429682565,0.488353858650945
9.3860343972421,7.85963882540006,1.71423627063424,0.504715147618825,0.335594104335372
10.4702346185345,18.0381996315759,0.556561893122773,0.0881348731450144,0.158873109431745
11.2074314073893,8.03300134065565,1.45962858397974,0.480408533643126,0.356981341933676
11.4148737586191,7.55131828358788,1.53808200472219,0.556021219593291,0.438951152889055
11.5807840277547,8.12581620183057,1.40655837118521,0.462038230715787,0.320219044074813
10.6475141248247,7.52349812718501,1.68883321827825,0.524935461601483,0.179662371320483
9.6607031481863,6.9273980268182,1.95802636976764,0.649918505911897,0.34505386805624
8.72824564584973,16.2927299257993,0.714075587223519,0.108529858800647,0.171499393917699
7.55487396405499,24.6245131929742,0.421672341823176,0.0433855880649774,0.0894627788598478
11.588201186659,7.26590074112998,1.59087972638714,0.597376628118448,0.433345975725842
9.46209860115448,11.8974765359747,1.02674502451661,0.207979356640471,0.174893914970969
9.47595660747029,9.80567211038607,1.31091463560994,0.308666635599754,0.178931446087945
9.79287256740844,7.21782898624131,1.87273739295538,0.58017469418656,0.230008472128943
10.24470428475,9.84893656511668,1.23704811504143,0.305050950139904,0.175155657352329
10.3052656567356,19.3857004847246,0.510136565255826,0.0760636710918742,0.157540422342726
3.48588691155962,80.3439026797214,0.0618509439859325,0.00355411873036881,0
9.01406029119984,26.2510824088671,0.355110876255711,0.0391704965137498,0.0837471482386192
8.79614923348675,8.97568389802439,1.51948732409526,0.390026577138651,0.363305982452827
10.5758080678465,11.7198537441693,0.985953992545942,0.202529845393619,0
11.3806638322191,7.9272062936158,1.46649017533991,0.490283611285663,0.34487047473997
8.65312917438408,46.0574093156714,0.145120128095824,0.0120671932735814,0
7.68682374245055,38.736836893321,0.201274326324799,0.01649716099802,0
9.47387851790893,7.64147442126038,1.76299231564521,0.533594403514354,0.334683829866069
9.39641064909651,27.999714927782,0.315719702783208,0.0344431725137184,0.0808899354871827
9.68444593579814,11.0560643088569,1.11055371371699,0.241621498880227,0.175373666224812
8.75816789664343,9.71120315714085,1.38457325112656,0.330534599519908,0.33977783954041
8.23438645671524,13.2168349661593,0.971190794149118,0.165977902388476,0.17850357735093
11.0001889262514,6.94098303329643,1.74321160229662,0.672552053179062,0.502264230583966
7.9853221590326,31.590195167641,0.283307011350929,0.0263834287550667,0.0823838934511102
10.8078690002532,13.1766005176557,0.825498639632569,0.163168656141097,0.0900085063162033
9.3573151381988,7.81456468960495,1.72916124826488,0.511317536502416,0.340845665208267
11.589406197916,12.4874636488631,0.840629484632289,0.180652750395346,0.0885903081457418
11.5946305288858,11.8276106330097,0.890987070860674,0.213497742531115,0.254583627866726
11.2288420709038,8.58230073016907,1.34790013169734,0.418450900025082,0.336144874926437
11.0981939622134,11.8092752135003,0.923468625070937,0.215627108921179,0.259484140898006
11.5955027151387,5.75887731477678,2.06391869252578,0.987341050844679,0.58358287705025
8.63461661245146,35.7995488736099,0.219311823509029,0.0197330831087057,0
10.2690617289726,22.3656327189098,0.41609564872778,0.0547968370860292,0.0831833869088768
10.7190803785091,14.6404636654138,0.721934522316011,0.135054434054404,0.163401473684664
9.08155277324263,7.09607940115047,1.97296735698711,0.630747924040295,0.406132552965453
11.4445582863696,7.39056787137891,1.57413448870499,0.580397085556261,0.442007446807879
9.75917603378429,12.945916101881,0.902929909173683,0.174839556830042,0.171558371902273
10.7096511140969,6.39821851856536,2.06762428576155,0.727658761512819,0.187341052376286
11.9940137783253,5.78257946621835,2.16134238564984,0.877283979270006,0.181260483058677
11.4990617640068,7.68716109738126,1.50944024462221,0.519956159765653,0.34287744592854
10.9467904675194,9.91834580526181,1.15467077346442,0.312887360008173,0.319564998338634
10.3320924564191,8.706596217822,1.43575732974504,0.391648080291244,0.177537560479901
10.6328600620574,29.9398775270456,0.266526465129833,0.0303769691802421,0.0856112314406439
5.37912700288115,28.098577338153,0.367846143894529,0.0288129205166934,0.0815250087861905
11.5929773065891,9.25170592957385,1.20440839202531,0.352576452753617,0.282492964090755
9.85491592326559,8.90512960955805,1.44217187475663,0.375137924572493,0.179293209605782
9.69218309665179,14.4395669605446,0.787104145824012,0.139720529228662,0.169383256768467
11.4890831548529,5.75100468496846,2.09906042765841,0.96565326594905,0.50550169112338
11.1664012068969,6.64337999813893,1.81398317905449,0.730268315358136,0.497569592767686
11.1450736946742,13.2311430894949,0.799797539666825,0.165446480274001,0.163599198582098
11.3995927651504,11.6905658241135,0.915889898917713,0.219195539669704,0.256932199343142
9.12489262586607,32.5768250509993,0.248612393682622,0.0240409326912183,0
8.44634563359854,21.8182349019465,0.480211083544454,0.0569602871483985,0.0891666200856295
11.2578145587833,9.12421225162711,1.25079815211515,0.36789987503297,0.315819176497043
10.9090863177055,16.3545497210769,0.616484247176368,0.107436639359236,0.159218593190381
10.3421208283296,18.0517961190515,0.558623196715293,0.085327301941703,0.0868496214512965
10.4423041193886,6.23252326992258,2.16173413278971,0.773471100212723,0.218904692370243
9.11632868321663,15.823977082283,0.71964372144847,0.107874334967939,0
8.31254785585758,35.7242184153794,0.223337712725751,0.019684909093458,0
9.48334284739856,7.1723280785933,1.89961899596698,0.608458272553917,0.354128826033487
9.32176351221587,19.0737044867101,0.551652366109595,0.076049842866198,0.0889088800571577
5.86585852334294,95.9610948195389,0.0428443147337014,0.00307372531057245,0
10.146682130056,16.022959360456,0.665910359428671,0.112628224181909,0.164231515746936
9.0113886677702,25.1578295280286,0.378174585385853,0.0427545091656858,0.0847127529143635
8.06127956239087,39.1069525933688,0.195142852953282,0.0163604792162326,0
9.1370998155305,12.2793699379947,1.00759025492149,0.194818584270545,0.175795869433567
10.1576608095387,8.44343906846193,1.51055596126098,0.417308307813142,0.179113489669267
6.08879660966379,75.4563843960623,0.0676964426893801,0.00462688952570816,0
11.3764537244184,14.8630904527268,0.67757363722558,0.130062981021029,0.15916704732082
10.2374962384609,8.88425012117622,1.40896189237596,0.376178256431128,0.177525161264201
11.1495974275118,6.89887136273091,1.7383314488721,0.676632200124159,0.488974166908055
10.7141625092068,6.2448748278196,2.12888746719379,0.76511145475733,0.19525777619375
10.3056925376545,15.5308942348807,0.686250854319092,0.116535798689939,0.0891829400524546
10.9101329404135,8.95484573773566,1.30813089073287,0.388058819820969,0.353675988233983
10.1789891534078,12.9481589982002,0.885438296460056,0.164808527232089,0
10.669208780009,17.6468962113408,0.565894657796302,0.0920802595719896,0.158359518563903
11.199356903859,16.5467983620221,0.595521570866003,0.104609634437972,0.157103119607051
11.593046735712,9.75536888207621,1.13007577591446,0.315543274844625,0.26716090162214
11.2761729005255,6.60381288727232,1.90941296796811,0.678082081401045,0.180330536902741
11.7410049554628,6.05778137191298,2.06838028698496,0.8018023917223,0.180853393173934
10.6618440990717,6.32101658349364,2.10301640090926,0.747099811686804,0.195430580060725
11.2792710845967,8.03448925412692,1.45267675673998,0.478816609560604,0.350304284878207
11.538056587608,7.95692268628374,1.44573806118227,0.48340144821459,0.329814382689696
6.42649239975499,48.9934519667029,0.14240368446471,0.0100552900547541,0
11.3814462084387,19.5827581169648,0.467787389729445,0.071678846354922,0.0822303776653829
10.2466713993828,7.1835414427036,1.83895746326507,0.578772184462865,0.188602822119312
10.9664762834816,7.29777361119102,1.64843118686605,0.607878999206674,0.491927342211276
3.06866504680474,171.43446294893,0.0107859826106858,0.00109355452277523,0.0265961638068981
9.88248068836148,13.7914055722197,0.825113147419878,0.153475929169549,0.169466955962125
11.1105886337479,11.9651520969796,0.907737356226157,0.209955636907428,0.258850908571649
11.5661071851067,7.06436513602119,1.64615691559125,0.633382020425138,0.442911466127274
11.1039709908818,7.1876893946364,1.66254511185382,0.623414470554738,0.482312537417644
6.35856331110045,72.5957022529494,0.0719906487167539,0.00498807240719917,0
11.7060714827689,7.40033696434033,1.54556384144346,0.572506084914801,0.417800003540218
9.25048672549196,27.7758956343887,0.32216194290341,0.0349718305585384,0.081588813403571
11.0090295759369,8.94424170859399,1.30153398598324,0.387419963326234,0.344592720370963
11.6302565483441,7.29299963474888,1.57974262667176,0.591793129437698,0.428526965723739
11.2190857840982,6.2282855183404,1.94771987184264,0.830858145942487,0.509877818567812
11.7234949065477,7.0265115755603,1.6399883679441,0.636183805208349,0.430080295798887
10.3775112305603,16.9802629490769,0.605793838013507,0.0968440211638868,0.0876960861833594
11.7790020565588,9.08250906846516,1.23268515607528,0.352873150618885,0.169267931564651
10.8229026110614,9.87835309955183,1.1698397120598,0.317181778244418,0.332545508603928
11.087526981251,8.46762773700366,1.38201516435034,0.432802442558728,0.353120804843616
9.42641468811116,8.99406779091005,1.46454780692598,0.369164176600939,0.193236538516951
10.6763865645207,6.39165767460242,2.07343769619829,0.729808980922743,0.190420426812522
11.4678939901547,7.63176706503013,1.51395019034153,0.542829882293669,0.431146250366229
8.72320055815825,33.1300020493379,0.247011830815516,0.023090593420621,0
8.96456765683464,12.8323487481452,0.962805915760847,0.177822240506404,0.175692072434386
11.5281446394816,8.06334481397633,1.42410653421921,0.470483062173555,0.326973619259481
9.99865469727328,14.8025841107417,0.746467374423613,0.132646047959501,0.167119153899174
10.5137517023576,12.6150197672878,0.887164131892891,0.18358240377078,0.168210041164631
10.1890141817483,7.28789601717244,1.81258987983976,0.562477225826803,0.189081857802574
11.0278137858902,8.8596066085763,1.31475461861766,0.394872783422987,0.345606148099346
10.9369098367285,9.89951002456182,1.15807209577948,0.314267723768831,0.321071461178352
9.68602988440574,18.5324007677914,0.564496785099456,0.083556088163013,0.16272853812442
8.83785276054732,33.068150212449,0.246355305342126,0.0232237255502761,0
9.00797546688206,9.58144550334513,1.38980860710822,0.326686314667274,0.216863185620597
11.3144859234105,8.41018332901798,1.37318991528197,0.434918613426201,0.334140937565876
11.49782239986,8.23377712463194,1.39194907939735,0.451093212423397,0.323777478680619
11.5116508961816,7.50302415292689,1.53996455445126,0.561098200038525,0.43171411827063
11.1887718032975,5.97966314629051,2.18783468431562,0.829326151449156,0.184137680449574
9.51942211984045,35.1301942961095,0.216302778347074,0.0207555876850826,0
9.15080390567404,49.1406122881546,0.127067813277732,0.0107494533363933,0
10.5470844896381,11.8729665528186,0.95668160578514,0.207795097926499,0.169455598126194
11.6360639354459,7.08362134515285,1.63364769581536,0.628021748195948,0.435797491054602
9.73795792557113,7.94327720644596,1.67358003898807,0.475585077597716,0.203698229545269
9.33505782248396,6.72391930097008,2.05137757155575,0.72128411328007,0.497783013890171
10.3247353706255,28.6040888456356,0.289843550150507,0.0331010221705012,0.0770416185887352
7.09813440829312,39.8659245867279,0.19631753739138,0.0152833447249838,0
11.6302088262392,9.79902578876702,1.13243042128397,0.30319415229607,0.168234352110648
8.89543544424347,12.1466294874125,1.0379682727809,0.198942794919174,0.177157181749601
11.3866932332768,8.03100587175987,1.44360715089729,0.477150606824407,0.340672112364837
9.84190736667565,10.9402189528409,1.11353429858606,0.246758261349383,0.174832838241915
8.06261544272795,29.1630327117642,0.31902838278291,0.0310899367151356,0.0842575997759864
10.8020431955191,17.7580234894077,0.55631401302059,0.0908151967903086,0.157347377617196
11.5235120386429,7.20772185213178,1.61251285847133,0.608948044924733,0.441434903661341
10.8013116641247,11.7621234999313,0.946797180407773,0.219476956021387,0.278902347747298
9.91328472269153,14.5790580876878,0.765943326854666,0.1369078887071,0.167971261643325
10.9168961698617,12.8892150701196,0.840040071784297,0.175004303180433,0.165528600504254
10.5833441368257,8.20931704589762,1.51937270751717,0.440260621213479,0.177735335264996
5.0704182143869,103.737179615358,0.0376009972606334,0.00263396278471112,0
11.0485130546727,12.2181442425142,0.896437285811996,0.190208233825416,0.0903290575255348
10.7315259813925,22.0557694921086,0.41249594503284,0.0563343292230446,0.081961967295068
10.7531022876241,12.1450200305767,0.916347443078863,0.197981123091528,0.167825156331852
8.56154195864662,14.5838766966434,0.836291173151848,0.136176797256105,0.174896510813293
9.87296479267361,13.5265259454931,0.846669150370805,0.159726191825345,0.169967835331858
9.54908618784705,8.1684468627689,1.63509198634023,0.450853894301795,0.213446722810611
10.2734413699615,21.0194675031054,0.454112527015356,0.0622835058708953,0.0843918611358019
9.76153853545016,6.59452378264761,2.06278629632752,0.716971385103365,0.349528906194538
11.2479695313746,8.0994522771963,1.4417892564335,0.471503142403548,0.350899818714331
10.9701718254356,6.89921103935507,1.75894230389025,0.681772528485075,0.506967396253838
7.87005229972038,27.2911616030132,0.356149163671266,0.0354359147247488,0.0864371948354883
9.8948215623706,6.30677810495705,2.15812683411273,0.782666518596673,0.349763781181253
10.8224870741362,6.63920211237556,1.85701621916531,0.742034953071449,0.532780525784397
8.43075334907564,28.2574093109072,0.328379425953053,0.0334029052258161,0.0838687797174388
11.5050691784493,12.2140380966826,0.864879151063285,0.193932941652656,0.163602439432232
10.3679383401235,7.27884442538837,1.79549205459054,0.562404283808769,0.181906173562239
9.46696428994285,16.3183714072351,0.679607993707604,0.108598162938076,0.167543983858318
7.07493121698968,40.9372397116771,0.188122473917293,0.0145058355718937,0
10.1792997250229,29.1098279420238,0.284722481599471,0.0319355473756328,0.077060990246913
9.19662543497668,11.7647595213989,1.06011917900349,0.212730638326978,0.176401247983494
11.4392066577914,10.3665142561148,1.06022598504523,0.279427391087717,0.262195461240872
7.4220536775121,55.2844271415172,0.112171079319282,0.00834418315689094,0
8.88649432403088,10.8265214166396,1.20296005935481,0.252161793480338,0.184949781037672
9.16928290162451,8.91529148047601,1.50331095912614,0.379004025409869,0.22432409990857
11.1149781624682,6.95046495701444,1.72730246026384,0.667393948850985,0.490370319148713
9.73708847944805,6.37336143081815,2.15103314920069,0.76987332185962,0.363330466573544
11.9610041912864,6.21638683194763,1.8629249104115,0.808748474196316,0.441674841778975
11.0250130109201,6.0499834393853,2.17904433788335,0.811444017717935,0.184533948660289
11.5006846661657,10.6044108445514,1.02659569958341,0.266580200742522,0.259794860435872
9.91410789668867,20.5221088763417,0.480225703267368,0.0654580255084898,0.0859469241055774
11.1849207123665,6.34449008130518,1.91081768138957,0.801382479739209,0.508238354708137
11.1971087299636,6.69751664774621,1.79342889009827,0.717349637329899,0.492338355952272
9.47964747597061,10.1277873190975,1.25829849658961,0.2890109670554,0.178224664926348
11.2167147536148,8.16515118591419,1.43093412199324,0.4642711925108,0.351489346224659
11.0909271738549,8.67690148854525,1.34226506952792,0.411324318653623,0.345745262233298
11.2151720007125,7.70272244430376,1.57620822559452,0.497179723464118,0.176259292283383
9.63075965772737,6.45391329163776,2.13253422774895,0.752820033279803,0.37095279224932
10.8966830357845,9.34149705131305,1.24489636300216,0.355484574097739,0.3424061762097
8.99797767924024,10.4707400616001,1.24573292799509,0.27014358406764,0.185141010143818
10.2252964179974,31.5409194726868,0.252310001130144,0.0273334745185119,0.0855122538219556
8.84439868209559,12.190376650621,1.03679970042046,0.197408519001721,0.177332265571092
8.37938451132476,23.0692170160491,0.444696205225607,0.0506800936004267,0.0883644564583757
11.3994857709991,8.47563684193518,1.35333886606742,0.42649628548989,0.324308874596977
11.7592818519256,8.48419193405158,1.32173610033508,0.419450395181757,0.292939159127569
8.29109405957709,58.3358982670387,0.0984194090605127,0.00771181628123891,0
8.70958207247696,24.1640325917034,0.408084601399617,0.046288124406716,0.0864952306933196
10.2809376711607,21.7801673581959,0.43173250536827,0.0578790671136423,0.0836794066437768
9.51451570502662,23.7728126227818,0.398864050979933,0.0482391551516892,0.0843255493885329
11.3846593830027,8.42227228297801,1.3647890305714,0.432387252061701,0.327423296412112
11.3170006291984,9.83669639585027,1.15130342619912,0.302239043120702,0.169780724966801
8.6260923556533,12.0360326846877,1.0690762199448,0.202215046845896,0.178609485787541
11.3652700274048,11.3509781995537,0.952439962223902,0.232789009536138,0.258445627988229
11.276036668832,10.5371434662786,1.05028439116377,0.271751789378147,0.271307604653113
10.0791698341914,7.02036940207735,1.90709969785112,0.609895664193589,0.211600671266984
10.8418044237671,21.0886276585289,0.436397130718094,0.0617539533292628,0.0825177177391516
11.3117164152598,8.400409456343,1.37532462325147,0.436018895761423,0.334722386979747
8.42865599812164,23.2914060372131,0.43730103966056,0.0497311466968444,0.0880368418351402
4.01796476500289,42.7244045707636,0.176870925149652,0.0105049068128328,0
10.4682517538826,28.0313126972434,0.296206715761204,0.0344941520065943,0.0770942766984738
11.0861144529124,8.73843346834934,1.33145330990593,0.405398353357001,0.344145040832979
6.99114477445442,57.4280069815877,0.106751177929361,0.00768956069699964,0
9.18248501215862,8.57967317183807,1.56348783238467,0.423019726661765,0.330185620826931
7.69662474826494,50.4190935352291,0.129880657835919,0.00996444644742227,0
10.0109435094176,6.63982341398157,2.04670523325451,0.686052476903001,0.23673802228397
9.5433193942994,7.2926075831035,1.85567246935688,0.586631517248262,0.341896019038982
8.58199599963421,11.7960252754195,1.10016174960078,0.211130690110876,0.185943797014429
9.98979337454271,13.4010746734776,0.850336798137508,0.162738196389272,0.16957900247629
8.02597443701036,78.5590957854885,0.0576085916217857,0.00452152634748336,0
10.1825762450451,16.4530175725357,0.641442303203304,0.106636918473622,0.163305256711783
9.16611050576475,16.0091092672861,0.710877586236958,0.112876353077176,0.169647095177733
11.4330204433689,8.25467879382355,1.39342548352496,0.449912092121121,0.328795082947036
11.7744056871887,6.44554021181244,1.80711142778761,0.757117734603274,0.448510948547015
10.8577611513606,6.89239775627176,1.86069207011953,0.62513316762971,0.1810971286578
11.7150113286087,11.1219125818601,0.953899093542949,0.24134222606947,0.255873009263201
9.5604674343299,24.836252769173,0.373311424773305,0.0440890423499643,0.0832346995380646
10.6954582779696,14.9519023061449,0.70342872648434,0.129365394034863,0.162975405139566
8.77257486032834,33.4182019941357,0.249441468702904,0.0238976164078955,0.0779649885996557
8.36625094890375,11.4620674032321,1.15751728465549,0.226285890898379,0.224380562523616
10.8719030072272,6.03729854207661,2.20205849689524,0.817474879564249,0.194235472074763
11.1780193776783,12.1478069908689,0.886537172286214,0.203422680936534,0.257587490277593
11.5299393302816,7.13137449508467,1.63195009563311,0.62220542706606,0.443704401250945
9.08728881273839,36.7730677790105,0.205529334273521,0.0188464043948442,0
10.7135175148602,14.1173519954956,0.758720693724562,0.141618235606697,0.0893649897703717
11.2816411059112,10.0004658357284,1.11861504549249,0.303308945786949,0.286632250732549
10.9953040258876,23.7096833275804,0.366272974474548,0.048508427612128,0.0794958586921868
11.4111959705109,6.21045230185516,1.93025678821557,0.828993320678929,0.492046984307287
10.5315208203387,11.7940144247377,0.980504340691151,0.199933489195123,0
8.04295365832648,36.9803674362305,0.220715812482434,0.0192662849834925,0.0772071570850026
9.30401848920406,8.44830984345803,1.59200280137549,0.422945377559017,0.227964085939178
9.52336768527624,24.2019807972889,0.388472703449999,0.0464950928672542,0.0839194097284466
10.1265320967002,16.5526829260783,0.638635762344178,0.105347699897121,0.163455547280986
10.0753159355603,21.4296423180767,0.447406818259301,0.0598595674202941,0.0846500578392779
5.62572817687883,47.6821012331791,0.15138769885003,0.0101149035751499,0
7.02919764683472,56.2977493104272,0.110332634199649,0.00798065395468761,0
3.98062916145991,126.67616991442,0.0247913251825286,0.00182346144226691,0
9.5378929980765,23.1094904104758,0.414930777348607,0.0511481411976166,0.0848369484961365
10.683828687265,15.9338999032343,0.647199157950734,0.110282562976476,0.0877678192346847
9.18089717409702,36.473681129547,0.213678652177724,0.0203007329466056,0.08438378305273
8.13735598484546,16.8094215147347,0.710264287556045,0.100922056063683,0.173739540579658
8.48886954520283,50.4903049602909,0.12521864597863,0.0101108667378737,0
7.45218889848911,61.4193754069697,0.0932249742389469,0.00690205448510475,0
10.3804152648499,7.77926821420677,1.6490856430806,0.491778235826279,0.180071800334083
9.35975994235805,39.1980361566784,0.182920437513455,0.0166704659107501,0
11.006712575201,7.30094691027639,1.6431860940879,0.606289366756607,0.487744006876234
10.0989120425588,10.5698337174138,1.14312691265811,0.264409618531588,0.174327103411012
11.750568047404,6.56744452073454,1.77089720396872,0.729479697649169,0.445650662360349
10.1450614298392,16.7906892194329,0.625856387781445,0.102288945119917,0.162949961990779
4.55394402825724,147.045661891153,0.017480406659896,0.00152542819018858,0.0371780801759697
11.424518269899,8.04937885264537,1.43630220053341,0.474168400318753,0.336638174967486
11.6497286455126,9.7434070921612,1.12773333886061,0.315636595265598,0.262775887552679
9.48930592955131,8.6622691787281,1.5276723470647,0.399017117521808,0.199574078764925
9.76509040487072,17.3539120142018,0.613834377863752,0.0956635997320282,0.164203207792229
10.772691470603,9.75987025402894,1.19091246931831,0.325998069243886,0.341088331212223
7.57045722305598,51.4286152410435,0.126227663968631,0.00957165587608036,0
9.72669259686878,15.4260059675592,0.719915974714943,0.121934145993986,0.167570132086773
9.92931979454965,8.1510298951729,1.6038270476414,0.44862364158209,0.181038879055301
10.3781527613835,30.2060451179918,0.266965797209871,0.0298368825709959,0.0864053041667224
11.0952762903759,10.8318113043985,1.03540837678477,0.249138652212324,0.168697251234846
9.64087110025846,7.74673554718023,1.73441694444321,0.502639794174345,0.221899453369896
7.16349535351575,57.8402583206388,0.104756834433372,0.00763108098068309,0
8.14835974905743,40.6095890673864,0.182803458383887,0.0152296384762012,0
9.69155009842821,6.6619930133776,2.04661321238645,0.703757803142815,0.353914702121441
7.73357135428669,31.9696434442595,0.281503078230564,0.0255901667302346,0.082879136240268
6.13971586369704,36.9424770370941,0.238021018505431,0.0179728532840421,0.0835720034730826
11.4728711576915,8.31810199385345,1.37740720595266,0.442111454413182,0.323109209061028
11.2034536434952,8.30573475459699,1.40352483780216,0.448370401497885,0.347853074945905
9.12516742601987,10.3593246074093,1.25238649128306,0.275786869182438,0.179396230156697
9.08765376075893,20.7487670703444,0.497147080965605,0.0637425731166532,0.088204018063146
10.4573823836738,6.29732732578947,2.13332784191771,0.756794943934441,0.214051466004565
7.0132481189892,42.0581043907363,0.180322670616588,0.0137373463738159,0
9.47913647283278,14.5798270400936,0.788041944604507,0.13698373268514,0.170254376687336
10.9297758738312,9.106923009705,1.28049749710765,0.374360903710672,0.346813306701782
9.06012931681597,14.9290817829467,0.785316021299625,0.130305595620652,0.171884879441774
9.70833696509372,39.8159571302646,0.175202658131882,0.0162283408726522,0
7.9590948536542,23.6849578227281,0.43761697784857,0.0475585846475059,0.0890682129493574
11.1416719448071,9.61928500997885,1.182839235401,0.330957370543662,0.310778941330254
11.2891004695646,8.39339057305121,1.37866177552626,0.437178645230708,0.337011745613933
8.93521647906972,28.1701960423725,0.321048892364426,0.0338675664682391,0.0822915738402694
7.2809502924656,38.0581514668853,0.210370157343124,0.0168489281795244,0
9.66187206135942,20.1304382799211,0.501145782106669,0.0680963032450609,0.0870458547535671
7.22722420403945,40.4155528786204,0.191107641249038,0.0149562252472373,0
8.95177874494484,35.8313489152835,0.215660896867718,0.0198045512416651,0
11.6711367477242,6.90384251238266,1.67947766638974,0.660951463975083,0.439485762766018
11.3641093865696,8.80726272155866,1.29588541431605,0.394342026961787,0.316512214983415
8.63686565904596,13.4542230092351,0.925007900582854,0.160898243761021,0.176265408484976
9.88744931842211,8.01431161303722,1.64203586462479,0.46482230740678,0.186042670117362
10.8134815468335,8.49295284810747,1.40184616646864,0.435005463228754,0.378650776062167
11.5222135359703,5.9946127223084,1.99669211678908,0.886585723592463,0.491105253053144
10.347894082589,18.0024932737547,0.560516299522891,0.0858107860111573,0.0868765405026036
8.39143866117404,12.4028372294453,1.04430555507664,0.190173897244249,0.187481370387198
9.8796205157341,13.5420195108939,0.844967359228348,0.159353177812248,0.169898324851706
7.33844931583014,70.3927317750796,0.073261939383549,0.0054053911622405,0
10.1160426087602,12.5566506395843,0.916854448276297,0.185871440837429,0.170413291117837
11.4791259196812,8.67328444613341,1.31020476553633,0.405231572319549,0.310733528462223
11.5728261445629,14.8647860851442,0.668892990893807,0.129730675124194,0.15801626817075
10.5310408868418,8.30713415504653,1.50236138232922,0.430052991229113,0.177699742865445
9.69595283500579,30.500121118034,0.27287639233571,0.0289958753603918,0.0774533420650242
4.21640537285848,166.432053313573,0.0114886196249922,0.00122682102307816,0.0268964214023228
11.1294464414214,8.32410512280807,1.40649058590209,0.44767131163363,0.354102270812003
10.394122565066,10.445254178983,1.13705558715788,0.270307067961492,0.173111993831414
10.9439106581141,8.68777238876422,1.35305830192264,0.412725591100516,0.359315405236652
9.78367391498665,29.7794826244813,0.281525747504824,0.030451536730184,0.0778391276605854
10.633397289266,27.8788740456936,0.295710005051341,0.0348773976003811,0.0766486455096037
11.1615694451638,21.7605127467934,0.409486603256655,0.0577976338871013,0.0808364726332896
11.3963862634639,14.964624345469,0.67072915314381,0.128230396678096,0.158861612405729
9.48092291589933,19.4767450501395,0.530663787655889,0.0728733934762008,0.0881260741114177
9.53494653328892,8.6859922357056,1.51864103544921,0.396209904522312,0.193947029801199
9.70695733424001,24.0214181014322,0.388518438740264,0.0472592550955487,0.0834954126760158
9.0275011725526,43.473809901326,0.15691958556057,0.0135629568848363,0
9.33083870753093,8.73552297807375,1.52622724536908,0.393806635660597,0.213558616068243
8.88047803520768,16.9707710200572,0.669616949400177,0.0999069936393939,0.169692564835115
11.0917285342706,8.71723628798292,1.33482019150663,0.407359880869978,0.344325191121537
5.81322872662038,28.1087287435875,0.365797064200277,0.0299407629324055,0.0806811981476391
10.7880968726065,13.0364830652929,0.838143998554907,0.16683091968719,0.0901951847746063
11.289585716524,7.94930013688994,1.47009821031866,0.489286216514953,0.352368444104996
11.9138623172191,5.57394540200371,2.11993520256276,1.01090906039937,0.475161315937137
11.2143832655191,8.67524187297456,1.33199391487329,0.409421903495884,0.334372031739635
11.3600206989865,13.0852740909041,0.803031410600895,0.164549135731156,0.0885958236017526
11.8667637028465,7.01980255930594,1.62708293494164,0.633647094908272,0.417662879485754
9.47091243170126,15.1695857875747,0.748586887892574,0.126237696012765,0.169366272373039
10.0566350776901,16.8512629941183,0.626417188775222,0.1015669170041,0.163351542337463
10.9175728871012,6.93611163075266,1.75423559072735,0.675907864570312,0.510885041319865
10.1135844182452,15.2200347833839,0.714317419451126,0.125210997312075,0.165789285775387
11.0618674134396,11.3860111681048,0.968683655053695,0.23267869153399,0.265917204635074
10.2246140883956,14.3462208969958,0.766153384636958,0.141309677440327,0.166678259376027
11.4316294180003,7.35726657246647,1.58376519873832,0.58611774090612,0.444434798406221
10.0557864373247,12.6001548830307,0.916509311202032,0.184619680861447,0.170646214676879
7.76857035035641,90.9177118497548,0.0435012231838256,0.00350440883416523,0
9.94212627626569,16.0713173945049,0.671016018092721,0.108676895079979,0.089711264482829
10.4778948954484,6.3717146942638,2.10119247820277,0.738224515468678,0.208283088007312
9.5209050865432,12.3103325925812,0.978950426351584,0.193944259363866,0.173869902973517
11.0512139170269,7.38364885300352,1.61701609417714,0.59132262263398,0.48018954990592
10.6842822122545,7.83032209019113,1.60168191012017,0.484024640121534,0.178443266879394
8.8692713408085,35.66599518655,0.218129942181715,0.0199635003880226,0
9.28027839830419,12.3472576468562,0.990856401044233,0.192705740640305,0.174977514204154
9.42342808331507,36.88435601769,0.201102970325455,0.0188135640445274,0
8.97698075742701,25.5550748117542,0.3702652804404,0.0413802188566603,0.0844756348771078
11.2115387781657,8.17220095543902,1.42994633356711,0.463539744035181,0.351722537500433
8.35326278574298,11.8781573777678,1.10695720418174,0.209386558766656,0.21092479604109
10.0483440685297,26.9400796596565,0.321979926697917,0.0373855879960561,0.0796407812203584
8.67377974518195,11.262670627264,1.16007277493683,0.232936807183257,0.194027205102657
7.61831171997884,71.0165398149889,0.0711747970102496,0.00535468089052426,0
9.53586933056965,8.23397277097704,1.62053613412007,0.443499262234949,0.212097186376313
11.440438534099,9.86616275428882,1.12557673582451,0.310052800463676,0.276824724752556
10.9488061112573,9.80660947437633,1.17038022873654,0.320391366309751,0.322822011654709
10.7780732154721,12.4725749765549,0.884290297143234,0.187443862679333,0.167067871976223
10.4602178616591,18.3863199224349,0.542745931277703,0.0847424757381537,0.158329162211736
11.5117652291761,6.12805708271277,1.93262322246197,0.874047008300375,0.575470500146259
10.4635897422799,6.52249407458614,2.04404835811426,0.703525835770877,0.2015916518678
11.1965694872319,6.21761422152777,1.95442276476529,0.834550226393319,0.512567045441248
10.6349286585228,9.63785610414674,1.23789916907201,0.3177417069495,0.173727858784563
10.4796216227886,18.3388524032425,0.541916898636497,0.0825413156561114,0.0861845243894177
8.67833899446153,21.4710669899965,0.484989343873915,0.0591001414215192,0.0887904267438041
11.080317845683,7.33931772871992,1.62523414605094,0.597920852663368,0.4789415308375
10.9448083683938,7.94599419809514,1.54391448327136,0.468478594115555,0.176779333415896
11.1090260113143,12.1732561687642,0.89203090042901,0.196257382305513,0.165864626867022
11.2533107870649,6.87268036222472,1.73422035378797,0.678911323683171,0.479850107298632
11.1724654292773,6.92627871572866,1.72777178521429,0.670522836691738,0.485643298640875
9.81440283525343,7.26343162042189,1.85643781765879,0.572265879967847,0.225773783971432
11.0993128974993,8.56041607835744,1.36323976430172,0.422906547800595,0.348870753288271
9.05823724963368,12.9111159771106,0.949389874765511,0.175697286685088,0.175111666723034
11.2439680577934,6.53016048813126,1.84110601694265,0.753816196847048,0.494610186198077
9.57523262822844,15.1719505079277,0.741943796225239,0.118246080244743,0
5.31100788219088,23.5644166391155,0.480308302220522,0.040677611509011,0.0842941701404236
11.2230177148777,8.86076239624253,1.2981676267301,0.391637568508649,0.3274755115709
9.08474276941935,29.2975249278251,0.300095304775512,0.0313145814103899,0.0807474542986311
12.1459190413623,11.391146713752,0.89941925652012,0.228385665874999,0.250630529084213
11.6587974293432,7.38804982365888,1.55323754471347,0.575598299026365,0.422483836646603
11.5192490049488,6.73385442797546,1.83074248442308,0.649608382382278,0.178512911048911
9.7414978773525,10.1986564174019,1.22517192040151,0.28484757231746,0.176824728831123
11.6595494669927,5.80657480467632,2.05386555977893,0.940373632364473,0.486976081349444
11.6160737331851,6.00595326388708,1.98063071834839,0.879758393714836,0.481858450437851
10.9319858242754,13.4485825603076,0.794523855840447,0.160396867039301,0.164385833957641
11.1005391443588,8.50930810239627,1.37284751056407,0.428181673003314,0.350483923004422
8.12577442882681,62.0337863827873,0.0889269915909223,0.00687766681284876,0
9.40875048752385,15.5222466614443,0.726273326569478,0.112617033901376,0
10.6597173109946,13.3442879641951,0.817321721748194,0.163404320920329,0.166082298426307
4.90233568331211,97.7129121801558,0.042781674589328,0.0028804890612464,0
9.4117899461009,7.81018429562656,1.72438437612093,0.510943308586217,0.334682510101658
10.5949656853559,7.28158659118981,1.76667598981389,0.561018450317181,0.180801751068767
11.3529326392731,8.64583713652563,1.32565565941219,0.410006236528275,0.322804003906885
10.9608707626261,10.0508286899043,1.13528068837519,0.3041064335345,0.31419539458076
10.1713736596841,18.996961651915,0.529008971169679,0.0793403186675521,0.159042670102715
10.6039005654541,19.9698508821902,0.478008865848529,0.0691740254676713,0.0843238141376466
9.65015249562249,6.42409489472957,2.14173832104977,0.759509858714316,0.370304014925795
11.5233303133115,9.65902544865735,1.14869619065963,0.323083686748528,0.275954538745322
11.0111671507003,7.10579508247239,1.69519368613886,0.640747475487869,0.494729748232371
2.32969322174641,41.4837561198246,0.147250899496574,0.00744091059836497,0
1.36629889874205,58.5793759650694,0.0425105097403966,0.00216662552383562,0
10.0234928723395,7.73996847322103,1.70013246691754,0.498183769876397,0.184509205785117
11.5559169455695,6.44536983113563,1.93218572069055,0.709335649524538,0.179697212762486
9.55864526480172,9.55702713799034,1.34637124406436,0.325200240128807,0.179099822521869
9.12937643626386,21.8453106741042,0.460864803336721,0.0573081183943349,0.0871708977294103
7.66109864701594,65.3167451927798,0.0827784965480089,0.00621300059185638,0
10.9164453656261,8.88439571063232,1.31993344321012,0.394393523389148,0.355396055240708
9.98482317279108,14.6774906835512,0.755579069608927,0.134983173244659,0.167415651352369
12.2510890580954,5.69942174099871,2.16393018107326,0.899304222599991,0.180472729179041
8.99768518237005,9.21885925556678,1.45819498209351,0.354803614529441,0.231982818297053
8.73553636134616,8.49088531605213,1.6310833145498,0.439356053883765,0.390872403483353
11.163721791891,8.23401241333465,1.42159247121466,0.457249124160944,0.354014420650485
11.1028982846346,15.9938805689699,0.62679320629403,0.112252596658566,0.158704750681389
8.94378228315031,11.3280309040024,1.13139008585654,0.229560846441944,0.17837361217096
11.1005414051275,8.9542051350859,1.29215226975108,0.385081781763432,0.335694659311688
9.07618172671132,10.3803355084731,1.25317859627097,0.27458306804565,0.179693847981018
9.99432758300003,9.88743876447559,1.25245283529018,0.303123206628031,0.176296152814913
7.46236819065031,42.9228730852103,0.171612273215201,0.013423980066654,0
10.7093078061246,6.09238302918985,2.19417074915892,0.805399027188145,0.204181734259943
11.6296534693949,5.74568948339207,2.08290854851237,0.961846155842819,0.492597513601741
11.0729019545687,6.4899708172348,1.87507805432125,0.768909664385579,0.51325203705751
11.2813515803007,12.1048804662772,0.884082123692494,0.204596363432528,0.256702442303734
9.35269993181582,31.5539271727479,0.264115625087598,0.0270035933655684,0.0776651799640802
11.3949677458279,7.51844130916193,1.5479328534182,0.561497100379581,0.441999438855514
10.1648593133435,8.50108451250506,1.49687741322406,0.411563411697674,0.178914875222873
11.8720852871795,6.39692948762943,1.81199195989549,0.765780069832256,0.441841886684125
9.29256496642221,8.12527232716908,1.65723066056367,0.472356604855571,0.335496954680073
11.7480538799345,12.6868748118187,0.807667987857071,0.184814974703823,0.250108137451729
9.75897461828612,8.33183978628539,1.57753882984486,0.42986899506505,0.185596943466373
9.35795262131109,18.6165862355077,0.569274286686416,0.0800026197108116,0.0891799740417488
9.4815778296234,11.9339894207603,1.02145435994879,0.206692271394543,0.174735484207383
10.0899474862803,19.8415891997233,0.498031091566606,0.0701941326522768,0.0860164505086849
11.0190577459584,6.89971362699132,1.75310051513351,0.680244336319142,0.501984267937714
10.0845661549947,6.61721109021749,2.04733395146311,0.68957718754981,0.230906744545005
10.37323501415,23.6386552054585,0.382031387528873,0.0488899123863725,0.0816630416827517
11.5237487577169,10.4091650848282,1.04878240153368,0.2766842403679,0.260295806711707
11.4985547625246,6.2263408785847,1.91391068590423,0.821695141017707,0.483088108714173
7.93436247121031,62.9494820460867,0.0873850367121926,0.00667404852130188,0
11.5103323120196,7.23195562386945,1.67250646114643,0.562411263850314,0.176486296912425
9.43413582315222,24.7658811399963,0.377611241526796,0.0443167098384376,0.0837016352356049
11.2854325544209,20.6043170395061,0.438601513451636,0.0646082885685179,0.0815504480720119
10.0213924474264,6.8170797585143,1.98182416495049,0.649377082242335,0.226895419161129
6.68407619819256,38.1604150133344,0.213551294150462,0.0163386510896421,0
7.60324233171246,55.3850275443045,0.111003399766373,0.00835665448238497,0
10.237278728702,12.4284863596838,0.921286590979274,0.189676085289311,0.170006335020977
9.40993342365755,7.72060382332026,1.7484358788257,0.523402520278782,0.338685408884009
11.2633838947826,6.34529035504954,1.90086380054438,0.798526428261895,0.500491520637612
10.9493213230866,12.9900293683143,0.829838301869486,0.172168840056323,0.165157075071315
9.27369382984709,7.0165191888328,1.97527402092757,0.641393245191108,0.386041075638615
10.1355953759101,9.36045348833627,1.32897783460727,0.338587640316909,0.176834944328511
11.8635376966609,6.05843243608846,2.05026280758769,0.800024240011797,0.180218939670962
11.5042175935105,7.42293373791425,1.56011422502789,0.573773423146883,0.435295982775201
10.9623454369088,6.99624642412349,1.81225257831028,0.605853771972418,0.180147712176345
11.218233974875,7.37908950395382,1.61175763215117,0.572150014315971,0.379903371981356
7.73695666859258,17.4710492378035,0.690043912785201,0.0923553905861734,0.174780153741601
10.6883789116629,6.19153719937233,2.15373774828077,0.779325684083623,0.200325101308675
9.10551475308683,16.1473367121895,0.705595822115278,0.110866058842229,0.169759697568459
9.44420282770317,14.8714090160622,0.769747768946223,0.131497796731681,0.169986279368975
10.2041844415254,12.8708154424901,0.882913293185325,0.176586061218595,0.16938614302677
11.310369285535,7.83486511977643,1.49347242987046,0.503743945731949,0.354548777275866
8.95915903480344,16.356001427918,0.700095550203937,0.107876132035062,0.170206874179265
9.25916360837027,8.44092254398102,1.59799448144587,0.424310238288311,0.233235650435438
2.10946466707367,64.5426210103002,0.0719507736236889,0.00364767001833568,0
11.5327746732702,8.05129677104626,1.41606060399214,0.484889842481389,0.410667311561018
10.7124976278236,19.7142686081338,0.483358365186484,0.0710065032149162,0.0842222155369213
10.1773511230476,9.26297678997201,1.34272661500701,0.345772897474991,0.17686986763884
10.9407317238075,8.37019081682121,1.41441120406127,0.446001927288275,0.370456513584531
11.9227616072335,13.5246292988878,0.73848612181152,0.156608054060198,0.158572837857636
10.095523856701,19.5699516881765,0.507494022841537,0.0722247830637805,0.0862382313815765
9.63384562451446,7.27129107721836,1.85185449874272,0.588403673754999,0.332628211346819
11.5854194955418,7.37820817306478,1.56296571224634,0.57895104399582,0.429477460773362
11.2493188326265,6.72907162720584,1.77764616682776,0.70893502867962,0.485960402115827
11.1865476734616,9.09294924768044,1.26167573486817,0.371620239358248,0.32328313115737
11.6884869298446,6.7301387298874,1.72804006441444,0.69575568351282,0.444717454837074
9.3068702038738,11.8051848743261,1.04789563689497,0.211296109899156,0.175812226068513
9.11623554846364,15.3495701545528,0.754165985085013,0.123078082128412,0.170935048072167
10.9411393547552,6.21258408918128,2.11642866434803,0.769917820558567,0.184009028632321
11.4514860030802,5.88869955076134,2.03091941982031,0.949737895915662,0.591685852383656
11.5122623932873,8.0163333880231,1.42520346066636,0.489682787264652,0.413721835848629
10.9977846821708,8.18607663439356,1.44674787272114,0.465971116410038,0.371378894029584
11.5371040688263,8.52120432409627,1.33318708780122,0.41942409176884,0.310683664137628
4.18518003495065,103.534302516443,0.0386518682092073,0.00253142539969517,0
11.7189617568833,5.69093157316536,2.09447538149991,0.977072888212427,0.487011610383295
9.19348351275349,20.8889705324447,0.489263088665213,0.0629122858534106,0.087774835080541
8.92168516455749,32.5023396943787,0.252085514801019,0.0240803900679214,0
10.3753230775794,18.3241514699295,0.548195886786919,0.0853739625895635,0.158945925617885
8.52009798158424,28.4893077843987,0.322816933857859,0.0329023234102881,0.0833731792125337
7.99501758517858,33.2939343621546,0.253462446721174,0.0224934993373919,0
6.56904372759981,40.0071692454631,0.198352743624096,0.0148263553613876,0
10.0976683866368,13.3177217722994,0.851068665711067,0.164757158255777,0.16915763307024
11.9115675963602,13.7315447643238,0.724765324593021,0.151859578091814,0.158223705384353
9.42234877564738,7.85389071806558,1.71181134237896,0.504845113236803,0.331624744547608
11.5620767042186,7.80219314155481,1.47747087169576,0.502968180973969,0.333185454326131
5.02992017867119,55.9574369714258,0.116552235145614,0.00731447293373934,0
7.29918402239338,61.6457507288654,0.093196528942712,0.00682967799349802,0
11.574351866852,7.47919327542647,1.53946564497964,0.563286729263475,0.426829380434964
9.59423383574982,7.13419331243436,1.89868306491949,0.61290086498139,0.343167661132536
7.66851506324702,47.1433194270006,0.145644657967201,0.0112953230564666,0
9.30931801362589,7.86384484781204,1.72142026424377,0.50547474459322,0.344408761633901
11.1856240040712,9.82858797244472,1.16270672634029,0.303308421662541,0.170464549816988
8.71469684379278,8.99888611822558,1.52319270568893,0.38905495518219,0.373137528510099
10.1566606520416,12.4461049126006,0.924761728810483,0.189213610115752,0.1704054411486
11.2003056484772,9.45916452493428,1.20237780193432,0.341986652645782,0.31043982919186
11.6985337450572,7.17156305400273,1.60396996451009,0.610761049498129,0.426867167529713
11.134903324787,8.41696496314886,1.38765430460961,0.437383138175148,0.350410216572065
9.5870430711479,29.3311120933396,0.285673498333036,0.0299203650678769,0
11.08431180863,13.6665124455935,0.770280049964026,0.154946349622971,0.163116958512597
9.82110345661336,7.84009944161737,1.6924888102433,0.487684516616314,0.199821277645292
8.8353258623417,30.7187393436137,0.276545159226878,0.0269674681351077,0
11.6691809730876,9.23384220067896,1.20146652233251,0.352918336651249,0.276615715882992
11.3990480985422,6.01764818092694,2.00341057495235,0.884243192629856,0.501738739716886
8.82285351993073,18.1695961741797,0.61252817043714,0.0867267505492183,0.168176453782045
9.65756191802403,6.97983990795746,1.94101424564043,0.639931253638441,0.343015213779281
10.849401595533,6.62585205163438,1.85798931961597,0.744220193098403,0.530509955649984
8.78323064209498,11.0647405754564,1.17809160321887,0.241288081004912,0.188294183384408
9.90912683889396,10.0277898974941,1.23757703570017,0.294642095217527,0.176400673970091
11.289690136684,11.3704689706802,0.955411124744541,0.232229706630805,0.259115965937503
10.1015042398898,10.7720957640188,1.1156774890875,0.254371457417216,0.173888055589153
11.4853482764699,5.99188538341017,2.0023969759253,0.888767497192539,0.494703713663716
10.342694595773,7.12034789680247,1.84960512640595,0.588039230512343,0.182937662593354
11.3792361103017,8.92985926519817,1.27349350648488,0.382910820022587,0.311199667990348
9.78970105360943,6.68022260209862,2.02812565470887,0.697492426552681,0.342283463395634
8.5717777365272,23.1154416233437,0.438702455388946,0.050634285621978,0.0877699329423321
8.11817949622118,46.2490871570312,0.147612712857062,0.0118453262067808,0
11.2755812235112,8.1308604903935,1.43270434943912,0.467211998858465,0.347268900736494
9.22509679550374,7.82088237658327,1.74198423333716,0.512778047847877,0.35628081726582
11.126530265436,7.51014421787131,1.63745417872621,0.523942420323097,0.177368854452313
12.0947515047596,5.80586212286879,2.13436978560196,0.868631455155371,0.180579421318078
9.51168035784022,7.26944773995083,1.86629273797606,0.591139088620383,0.346531275300512
10.9576579820127,11.4932611268161,0.969571948602625,0.221114327882152,0.168041977593855
11.0451445813751,7.22263179986267,1.65965651235412,0.618810048168765,0.486845698884919
9.69471272185078,6.84648909632078,1.98123591935739,0.665074112243261,0.344956989672795
11.2834387242897,8.90623013426023,1.28531455642907,0.38653162288952,0.32052146043074
11.2584862755623,6.31543106689611,1.91185797307628,0.80638868874788,0.502250233322318
10.5012893082977,21.5826244296319,0.431489098314855,0.0589515844063515,0.0831623822934098
9.52203561188005,8.10999811995901,1.65189792980962,0.458063005997496,0.218681409238088
9.28000268916773,17.8803137037732,0.608257652951047,0.089895972375557,0.166103861358185
10.9851195083028,8.30576606909008,1.42330644215773,0.452388392929648,0.368414720885912
11.2915879379477,12.3354993135415,0.866245881493216,0.190586798432241,0.164527593937881
11.6035596963466,7.49581175529258,1.53260911320903,0.560039417790533,0.423580147496389
11.4729062634361,6.23611084602141,1.91355260887877,0.819958944310389,0.485078682237794
10.7761851058361,13.1026451576745,0.830300293770791,0.169455501532253,0.165896294910496
11.0675427122723,8.08471454860175,1.49784793752515,0.451640058601058,0.175734224381089
9.14360195485,9.97960971269393,1.31069409039343,0.298239280635081,0.186831922488697
10.7490338059701,15.0810341417896,0.693044665084636,0.127047233225797,0.162430301899834
11.5213592517536,7.5631429159319,1.52473170279321,0.551753426005277,0.428668359335346
9.6420203863443,8.46237577725085,1.55817461208544,0.417383349016794,0.191985985742112
11.5219845079082,7.9338826271177,1.44166743423866,0.500018902419328,0.415644516311742
11.6257325243893,11.3456220354119,0.9362812253541,0.232134937079002,0.255946908802771
11.6851128580361,6.6748501253996,1.74503818446445,0.707665689763186,0.447223114652856
8.84007590851379,20.2536930862206,0.521946065630475,0.0668546963621004,0.0893027824753475
10.8162609027006,13.583147638812,0.792771244261627,0.153234359038001,0.089589470106051
10.2838625861762,10.039708959014,1.20448314053813,0.293282173291712,0.174549172364538
10.8894438393933,12.8192499133453,0.847477552015085,0.177012158625573,0.165811742134673
10.8461974920354,8.45269547909938,1.40671721584352,0.43871502728515,0.376814633626656
9.0206386760153,8.7375352928762,1.5461121291898,0.409459556691545,0.344082060680263
11.2104801622271,6.78267209483569,1.76584225030145,0.698700365598458,0.487601150041407
8.26140189924156,51.4999789705174,0.122298132801462,0.00970151426083524,0
8.63206902766052,27.0218595595647,0.3474072365418,0.0367302746428622,0.0842965724819059
11.1991944596248,15.6691131327806,0.639826430998185,0.116955991631897,0.158720653593357
11.6727948155186,9.520834757287,1.15787554405759,0.330988726621975,0.267536918502532
10.8143660836051,27.1155895401,0.304753693398701,0.0368957968575632,0.0767526859411899
11.347958033785,6.67972083575996,1.87208367433728,0.661954697665596,0.179617850027942
8.56262341756935,10.848308331028,1.22500580384761,0.253525412094089,0.222406706095728
8.32962909034236,11.2624845500082,1.18650118169509,0.235386515692941,0.236369485147143
10.0309423773428,15.4439136411213,0.70457518513733,0.121549085642384,0.165871974778163
11.7550061948091,10.242109275169,1.05302008474528,0.284829092515361,0.258710201388734
11.2082527858608,6.41394988904811,1.88407961020637,0.783058296045103,0.502979601176689
10.8379821557108,11.87437437975,0.933430718957137,0.214753086019131,0.272368833019612
10.7555933508147,12.998144377737,0.840049271757498,0.172296237135745,0.166202553807979
9.92223721621617,7.48543963623828,1.77990611456242,0.535802653131228,0.205225124766974
9.66697990015088,6.74670012098362,2.01926561356182,0.686187443600373,0.3526883266935
10.2290725205593,18.4820739419624,0.544699865834449,0.0812890913634254,0.0867997354053275
9.8899519526163,9.80769853568499,1.27413038275051,0.308292818321625,0.176965163044008
11.0651983412599,8.84750602203364,1.31372103166622,0.395395444573086,0.342491915407396
10.0671148756709,10.617909793416,1.13905931486997,0.262029556925471,0.174383748282042
11.1881571581608,11.2834849902968,0.971373676974477,0.236201202492292,0.260392319076285
11.7298773348092,5.94663519953986,2.12142406076279,0.832557657646033,0.181579652827017
9.84112665268646,8.63472295487043,1.50076023578184,0.399354866721123,0.180078307199194
9.55261322692717,15.4512538920578,0.724665008277553,0.113796855736449,0
10.8244330831533,9.72867778716072,1.19140615933218,0.327488009317772,0.33706921175301
10.9863415500484,9.55798902426638,1.20408578831145,0.337583807024097,0.327047796546834
9.04284953490864,13.3319078136978,0.911653539552569,0.1644779562614,0.1744980260811
9.26501771624584,8.51361931964073,1.58091537590091,0.416632575341305,0.229643447478789
11.4520975500656,11.1138866358263,0.971863985872202,0.242636097897769,0.258426983294523
11.3418854151516,7.11201978652499,1.67004561308054,0.614192982542354,0.378756891922104
10.8424089323805,12.0821924669317,0.916916711027983,0.199906402140107,0.167474518090373
9.852639016386,6.58338184045506,2.05609306500358,0.717402227935136,0.340321117135875
10.0100701667912,8.45341607240971,1.52344441436663,0.416615561459941,0.17977609203331
12.0793321556433,12.1685446906393,0.832325371549127,0.200087358808143,0.248540044769394
10.5118783528,11.984601365067,0.961072365631781,0.193401138389023,0
9.26073534135794,21.0009894415942,0.483684945849474,0.0622522220770365,0.087489418510384
3.08946758844113,112.334733949856,0.0323885684924416,0.00204609207838743,0
6.90083205861858,44.7915903312757,0.163093914306243,0.0121303038276292,0
9.4818939477658,11.4995384935949,1.07076983268426,0.222985614141386,0.175511436950536
11.1835399344932,9.31623767494894,1.22583837843934,0.353296583977431,0.316447174834882
11.5099468224903,7.97630056493029,1.44411382588678,0.481522347175198,0.331608092186258
6.27618311042752,55.247289329445,0.116705736025656,0.0080280377560078,0
9.73828134983812,27.4040583447873,0.314284130258858,0.034440949202426,0
10.5760234782648,12.0685011981143,0.931086099194546,0.209701377093718,0.291357900614514
9.17836901055527,9.85855525796719,1.32781384675938,0.305812428225393,0.187460552350508
11.0123771914514,6.66843385112596,1.82445031264943,0.729456438413811,0.511969732809413
11.5683386818135,6.12245437729859,1.94291733552912,0.847790021894147,0.481090472733261
11.5012963264605,9.96347996943909,1.10803595779909,0.302983232342941,0.268723875088591
11.067926813529,9.55041030578154,1.19882178165067,0.337001910545857,0.319689129877428
11.7871727240943,6.98774910894395,1.64395747474335,0.641719416439618,0.425875788478728
10.1408664361091,6.71253770877192,2.00657254343902,0.66839331065609,0.220859311452326
8.27823087713222,12.1366614184002,1.08215090338956,0.200169907722302,0.211060827702973
9.46942502026005,36.4030976424087,0.210978793976062,0.0204291262869917,0.0831676847609289
10.9705406122071,9.24425329918987,1.25446824390177,0.362228273577572,0.338496935603213
7.59581063036312,42.7142554275199,0.172121600650951,0.0136066735758388,0
9.62640483444184,11.1156291512221,1.10709763979404,0.238985450843036,0.175527765969506
11.6798950303628,5.90051033377443,2.01357772545827,0.909529496855279,0.480772304500305
10.0438897334399,12.3506591182734,0.940878385714591,0.192353164441958,0.171142708116721
9.00373039452567,9.4576935357403,1.41259843014036,0.335923051942989,0.2220668928126
11.7081032703821,6.67831148469775,1.82607887142616,0.658603942581833,0.177811547031493
11.3023678550095,9.62207935781672,1.18485381629508,0.316188995210126,0.170374631087369
10.1231273989002,14.1865317047308,0.782622640431173,0.144672846186399,0.167499857020273
11.0542259865881,9.28693003628688,1.2407795760857,0.357513200769502,0.329273638543453
9.19846175516779,13.7231748920502,0.869124014894366,0.155081261214374,0.173099759237636
11.2656041932251,11.4413401946931,0.949635511685956,0.229404233601485,0.259106256415906
11.1479045428452,12.5715091103822,0.853842395642317,0.183685054945423,0.164860868339811
10.4932369456292,12.9365528499722,0.860207474051794,0.174386419195949,0.16773084528864
11.0661520055416,13.7382588768333,0.766010622514496,0.153323113214537,0.1630840617794
9.31266009362042,19.1122930964137,0.550402681512793,0.0757273957605875,0.0889023634506057
10.65025497625,12.1486941514088,0.918816779135019,0.206121513680987,0.282056093343071
10.86471910517,16.1970199314811,0.625723187467854,0.106469829057926,0.0870023814644729
8.19139584493249,33.5836362474329,0.247840052566593,0.0222150204272428,0
11.0925260561984,7.96514225037663,1.52385571973977,0.465339536975707,0.176000863824804
11.0640561523669,7.20707491283747,1.66173434879199,0.621045955895037,0.485545769722478
11.2207340536717,12.8445788746979,0.830422580069779,0.171257063546538,0.0892249827045478
11.2998426816133,19.867554904821,0.460913925506372,0.0696247911223176,0.082217748121228
10.9831955994155,22.4969670415799,0.395022703982888,0.0540299962227253,0.0807191556258475
11.8834421398059,16.6021265497794,0.56737943430202,0.104028162349557,0.173175187180283
7.95642155937903,30.7954138001044,0.295056475991304,0.0277610296071203,0.0831781972346397
10.0025538552914,6.85802720836892,1.96946866959037,0.641643451461954,0.226661786303256
8.01779936086846,22.4922550435592,0.470449061075238,0.0530092646747313,0.0898319682843605
10.8809089923371,13.4143199616935,0.799910553771857,0.161324332971776,0.164737324131018
9.72601723449382,18.4939927290876,0.564615777906496,0.0839119555447208,0.162553986204073
10.8132571798069,11.8870074510199,0.933740803796585,0.214484971555412,0.274279989952333
6.57528666498277,87.7994749835512,0.0496967235224822,0.00363349129773263,0
9.01022595197944,13.2521520482347,0.92060669046984,0.166492617497407,0.174774979224406
8.97294366288413,8.38290736811643,1.63010636865591,0.447472890915929,0.364334434532619
11.1723505864165,8.04718437738892,1.45984866251497,0.479345024866231,0.359745312151216
10.2079032426919,9.00345147621931,1.38827949780055,0.366234372071447,0.177352686667919
9.5637492837511,21.4657088300848,0.460455743638387,0.0595902547534947,0.0861933098824303
8.16763841865731,21.9015704336214,0.477361451012639,0.0536138244363537,0
11.4580681492114,6.27502622804043,1.90162294734359,0.810157755114314,0.484797559523234
9.58070748060096,13.5769989490765,0.859268729182453,0.158612409013797,0.171401625394877
11.1795946535495,8.83829889837326,1.30571789348769,0.394410872456624,0.332183108186365
9.45740049924471,6.98361146310039,1.96367751240554,0.643582515373089,0.365713430929602
10.2795406304724,15.1926212868245,0.708103015220107,0.125565214266583,0.16490172606548
9.46935003435851,12.6818483706534,0.945544411077147,0.182472189661393,0.173484307759847
3.41854066164409,73.3231041476468,0.0721236682485125,0.00406161770432939,0
11.5925654832743,7.50286545448336,1.53201179033351,0.559218289203226,0.424328516427315
10.6890435322621,14.8705179925321,0.709408055231892,0.127213064593076,0.0887294133174008
10.4480640275625,15.547007468515,0.678957353509228,0.116198113010666,0.0887716146795034
11.0127367884554,9.73852152519132,1.17529063226035,0.324247015385116,0.318955603667178
11.4485163594234,9.44397100014574,1.18579786395572,0.339707947624518,0.28894274200758
10.1311557208331,19.4408651777237,0.513895781609224,0.075664707815269,0.158527667724505
8.66792910400333,28.120918603823,0.32658787729759,0.0338669290867504,0.0832127105238098
9.04699421911341,7.01478964470757,2.00440710886226,0.64674090393955,0.414288537290547
9.42266484485228,8.47646523153963,1.57459370394593,0.418541471513369,0.213983900019706
10.7760752280089,14.0525663798645,0.760089959534936,0.142888644726814,0.0892500656903029
11.3836398068191,7.75366753492394,1.50495206120999,0.513159386904971,0.350806067820566
11.0839469400957,9.89187857624146,1.16162808618493,0.299789517216555,0.170851566821775
10.557490194723,16.851530522331,0.605112097518141,0.0982969391072401,0.0872971400442531
10.5096463357678,7.72392895491701,1.64921819712658,0.498384815624983,0.17963601469215
10.9434684860187,9.3876823760925,1.23377197410938,0.351152723667903,0.33647434896781
9.23169935441843,9.47434694983991,1.39011740403617,0.332413390899694,0.195933709582299
11.3389025935546,10.2581614891653,1.08072261211572,0.286837546662298,0.273980860409937
7.73756443653981,39.9014355863793,0.191415244262162,0.0155922090602362,0
9.58559560971444,22.9449896926055,0.418021994906665,0.0519202978747867,0.084831118330677
10.140097223,12.4965798445484,0.921014424510255,0.187672979778044,0.170399310720833
10.6263767512853,18.2669987615123,0.539710695226291,0.083153713143356,0.0858034169500032
11.6591360609126,9.64296479653094,1.14122846998025,0.322446137321359,0.264995934405425
11.5421269842941,5.91665955183471,2.02458403651046,0.9096760255761,0.492788346059171
7.89156797186328,14.9977630316505,0.839958286830056,0.127061411239885,0.17746820003947
11.594467819863,7.93537424930804,1.44534146836021,0.48503197635686,0.325645740018435
10.2851841823011,6.33767557742937,2.13484235193173,0.750134007635852,0.227074326203922
10.9654419032053,11.4914690458656,0.963848783904744,0.22907121791522,0.271576779992967
11.0472220283678,8.04387990028478,1.47228819549297,0.482217585340758,0.371669960262773
9.68298564969481,9.20394717160812,1.39972333293148,0.350989962979792,0.179346677378138
8.25540266169305,15.3094176237801,0.799392752993716,0.122667888759467,0.175307286668404
8.58813975417803,33.8406715904574,0.240393073718754,0.0220675029507749,0
11.3821780211373,5.88911858489075,2.04005846008039,0.952423353513276,0.59848763258762
10.7876807387386,9.22634751067142,1.27261020089097,0.366481869657028,0.356669352158486
7.17012075018828,25.9555756040113,0.396807927665363,0.0383885844691252,0.0895049012175571
10.299076914738,14.9627230562014,0.721500990836515,0.125893757457441,0.089703950648062
10.0405166249451,13.5759173513443,0.833204389439966,0.158420055468241,0.168995282029745
10.6681921709317,26.5697920994122,0.3167598574297,0.0384629540863161,0.0778251848599445
10.8812951982018,13.4500558445946,0.797139986554234,0.160444162482279,0.164668045714005
10.9601054563071,11.8230111580335,0.930873642564448,0.215660794120177,0.262749055191545
11.0095845395879,8.85527181425108,1.31707213600557,0.395569962709464,0.347470850680644
11.7914698376404,8.99211717150945,1.23083382285971,0.371176962076461,0.273963541477769
10.3210848022103,19.7202345056937,0.495090787863428,0.071060090592102,0.0854209646270804
11.2465572039394,9.43390372570383,1.21896141731205,0.329383033190619,0.171109259342653
11.146836446573,10.5046829151204,1.06309747418707,0.274976384858846,0.283663011838687
9.45761041125042,21.3357083066856,0.467431877701258,0.0603152869909049,0.0866255464003403
10.2864848547201,6.33977268197795,2.13385251403322,0.749595357350679,0.226843119225544
9.2785549100328,11.5152114313022,1.08356162768369,0.222318257138517,0.176457331657963
11.6279652959421,7.2252716909656,1.59724205193525,0.603273942860187,0.431232136305629
11.2885556484919,5.96901283260463,2.03656561468526,0.903082240540993,0.514634921191833
10.4859116098381,9.41095774787426,1.28853770309789,0.33400492065589,0.175000225844999
9.8964239686645,38.6608900336753,0.187357898352237,0.0181740036634857,0.0785192924232456
11.0877622465082,6.66377830134187,1.81689049895893,0.728151284410835,0.504561154070804
9.34985779153208,8.80197533697453,1.51048725549317,0.387319465444913,0.208881797374531
9.57998031673224,20.6640072061824,0.485443264678091,0.0644796111392557,0.0868324721210367
10.5568612558036,7.3148832069807,1.76102408843122,0.556050043790949,0.180857210053375
11.9060414382377,5.54883747307854,2.13205176127484,1.02050433877399,0.477081740229401
10.7941666235983,15.3445778780224,0.675796882626743,0.119129348809374,0.0879979751472671
6.68341940177439,52.4667932309599,0.125937225602647,0.00896390875063507,0
10.1359336257833,10.1959200184924,1.19293129599182,0.284483947552173,0.174913679627877
10.9234010453851,6.95024541928295,1.74943141206017,0.672935899861017,0.509732967847504
9.97270113630189,7.71183266700916,1.71229583160668,0.502688110734739,0.190544043610495
10.9164242497047,11.48250060187,0.96791445878339,0.229915365273672,0.276273040011804
8.5219367676848,35.1230765611462,0.227298011297973,0.0204547658278933,0
10.1486314166686,17.9695596633981,0.568958537597634,0.0861826641792241,0.0874797348241006
11.2670096528649,6.05979147992816,2.13770582848137,0.806634630003783,0.183256060436235
10.0026936993672,16.2444797322204,0.658772307433481,0.106272413050401,0.0893932755013372
11.3750750832105,6.57406759588639,1.81149052937531,0.739493919186021,0.480136034382511
9.26548936476481,9.53616433447323,1.37621852278444,0.327503445781514,0.189945346232269
7.8056903517181,40.8288608976644,0.183850192403502,0.0149383892894444,0
9.05552257261779,10.3733267720016,1.25583525356386,0.275151593368502,0.182231495429714
3.53961580791042,50.4430080370632,0.13267747600244,0.00743308708916137,0
10.4511241474182,16.9398096243505,0.606226843388071,0.100292245312911,0.160899334698202
8.9201419799712,24.1173179577221,0.404365406753143,0.0465995962377698,0.0858877002539429
9.64511160657644,13.7732840384957,0.839773020970119,0.153987266973014,0.170740811735762
9.3287764015354,9.06116334312879,1.45975784623788,0.364446672221358,0.201104533306356
9.89459504177477,16.0830163209825,0.672392655642061,0.108516076738671,0.0898309449125961
11.4285656905048,8.01098316022306,1.44406650528453,0.478803759992906,0.337618528613184
9.11254458647606,25.9708132196581,0.358793232747504,0.0400858165097168,0.0836763291374237
11.0420813048453,10.9338460653859,1.01939917907534,0.253760869854431,0.280586812571084
9.83718610176556,10.4264658302063,1.18372967007279,0.272219349950203,0.175887964894776
8.02995894130891,55.5534450386263,0.108447411526042,0.00839162743163507,0
8.18320380986934,13.3047170600589,0.966022362244281,0.163762488204523,0.181383212250972
11.274631147175,7.05887933302979,1.67892648495026,0.642233430611229,0.470546627435287
11.3886211562786,9.89281320603439,1.13744858028467,0.298469359075613,0.16926636252992
9.67032938273866,7.14455626528147,1.88662334611305,0.60946674327503,0.334167671327537
11.196588998561,8.3493258190584,1.39546650481914,0.443651496081851,0.346992666810188
2.95962157637142,41.9455054590149,0.165515140748122,0.00890017750009344,0
10.2459435718218,12.8443785463045,0.88280528698621,0.177283317634796,0.169218451371059
9.34055596066838,18.8987726886052,0.558217998026073,0.0775323472252004,0.0890057684651218
10.0550818201255,6.21793856649895,2.17468067522235,0.801674307677459,0.33757991661574
11.7314714152507,6.90098159903327,1.67389328626322,0.659851470243934,0.434166704622847
11.5680418263681,5.66304906984542,2.12620679304445,0.992982586423614,0.502279373973335
8.35261630479014,13.8437996393566,0.907425896362076,0.151166728759826,0.177007632431993
10.6794625991395,10.8323929923115,1.06486544229993,0.250294019071099,0.170839274560483
9.37972094024531,15.2476162318692,0.745633212490468,0.116869479462953,0
11.0614761613649,9.12355674686254,1.26677775106575,0.370905359543807,0.333836075455286
9.07124109004793,23.7509198940008,0.409922673957569,0.0481742325906921,0.0857361176309271
11.7498429123181,7.14622525163438,1.60537109935881,0.613888728363788,0.423229302001437
11.4420587895887,6.03710988497219,1.97506899095788,0.903553175370213,0.586121660997346
8.9003928783487,10.8464473203623,1.19912019712959,0.251051291128135,0.182656115354316
11.5306884064517,10.2641658611258,1.06654368751028,0.284582034675113,0.260771723034582
11.3697095584519,5.9205049041735,2.18892369138903,0.844286342409639,0.183588811835473
9.96040855559179,6.43939039234829,2.09766559023902,0.748255279938328,0.33613528050978
10.0446570762299,13.2371469697928,0.86080875207889,0.166867488645135,0.169576555119139
9.38920116603263,11.9496357440344,1.02587552220265,0.206126075333774,0.175143954627034
10.7306815334462,12.9688857209022,0.843884920995572,0.173136116866442,0.166391187241303
11.1281463398216,9.64514489270393,1.19551275284866,0.315416093378461,0.171215371625719
10.074729752549,6.20934219524407,2.17578726704287,0.803427030399096,0.335997700987748
8.57823329494978,11.4157583899495,1.14737996024864,0.226820423201629,0.199919620944505
6.60025756654998,35.6456738848879,0.248493367690145,0.019748549890772,0.0832894707216395
9.55212722512424,16.8715558676302,0.643959424039218,0.09821791661949,0.0900950137185093
10.9250679111415,10.0574231621808,1.13706008639374,0.30413857873383,0.317342409754459
10.1940307518479,10.4098529693199,1.15780373602539,0.272605415386766,0.17419031026905
10.7851543005645,9.96013167394313,1.16118221264308,0.312226208061976,0.333637724423327
4.09142230893926,112.13379174754,0.0327263797815017,0.00222098141720634,0
9.51828629268634,28.8517486147208,0.299721736101171,0.0324252959802264,0.0796629290461693
9.3297651688979,19.2774959015107,0.543358141804491,0.0743962388264391,0.0887239854724412
11.5609442225686,8.05019663184322,1.4239435594853,0.471446072339901,0.32455750531201
10.8359754553692,16.9273089199866,0.591765273791402,0.100166119090469,0.158628492995883
10.39356438315,22.5072157112586,0.409273823544431,0.0540795687415033,0.0826528483693284
11.1857054699976,6.47185076434383,1.86734625360189,0.769603261670394,0.502764965882082
11.1502773857994,12.5062976242615,0.85940179521903,0.185640984454851,0.164976304813085
11.6543025182046,5.74775094329733,2.07886830834503,0.960174797607262,0.490232430991881
11.1763257259811,6.7129034402769,1.79109946012605,0.71463092097219,0.493762519768276
9.52479554053043,14.3289070364107,0.803877259097716,0.141958211142573,0.170441598960714
9.77119872323153,7.81862936458144,1.70279306451934,0.491187168196249,0.205671343798548
11.4197505274277,6.95753404614309,1.7674599857577,0.608972640822784,0.178019783278629
8.01094448154089,13.9415442875344,0.918404426834656,0.148219563632097,0.180569126936261
11.0306792915473,9.0675076726968,1.27867348940303,0.376180095021187,0.338530925895406
9.44149219053267,8.73674531721198,1.51603989130244,0.392418679508807,0.201619399935582
11.5136203137859,7.38039933065934,1.56965113380414,0.580347340028236,0.435978498567416
8.6729921121929,11.2309763099336,1.16428059199013,0.234374871873352,0.19525384909021
10.0487967085056,16.2415011157708,0.657046548522385,0.106306601478374,0.0892715661792369
9.22632573155981,24.6662187522182,0.384500409025357,0.0446178130302956,0.0844613698847123
11.6426724116785,10.8194694273986,0.99174425202996,0.255435798244826,0.257647793813387
11.9656098654472,5.91718578381137,1.9719720950359,0.893788353759421,0.454447583791319
10.5301224958931,21.3496266615819,0.437349423200838,0.0602784049246285,0.083285324778464
9.7349088636667,30.9259178986194,0.266604717618421,0.0281990045754887,0.0768963395060178
11.6904738892437,7.36127346228061,1.55667985625296,0.579132001847061,0.420607822493844
11.7419393115413,6.90153774940523,1.67263356034541,0.659454849611771,0.43321157984769
11.6671584194603,11.3472515652692,0.933499767253611,0.231922071242391,0.255539625933526
7.17381225080518,59.0472080814615,0.101013491242103,0.00735396765033595,0
10.9553305482422,9.14270611561545,1.27238834438485,0.37091449841889,0.343215416824207
11.1507331228661,6.74753703539593,1.78343982512382,0.707937619768377,0.494891560765949
9.93808120302928,6.44071038725419,2.0998343569988,0.748473999067192,0.338403854874217
8.90184545618655,21.8558503680639,0.466723612653971,0.0571235478614291,0.0878314104082925
11.0146328765795,9.91506010898158,1.14999695997758,0.312225574326058,0.313345356831271
10.2593245264324,14.7019588195006,0.740267720130734,0.13434761796951,0.165864718714325
11.4635485250004,8.3380453841379,1.37430826481335,0.440087434086358,0.323257088923509
8.67249179730118,27.2464570890649,0.342364125366245,0.0361344749948248,0.0839680440959429
10.3453445390442,9.78290037580036,1.23913628263195,0.309034483532644,0.174819005957564
11.6188145817379,6.24388672368202,1.89325950579326,0.812926195051914,0.471140723159507
9.50715239065403,24.7038074056706,0.377416139688446,0.044567344963562,0.0835251592997645
9.89016006369074,9.41369984443219,1.34178906616895,0.335095792943982,0.177880642512338
11.0943418689491,7.05353735976923,1.70038394576815,0.648182520425217,0.488414752946953
9.40775841723036,6.55929908781887,2.12071126469469,0.733642922699442,0.391557242824641
9.51216990496788,20.5697069725829,0.490617354743792,0.0650806261937513,0.0871140860932357
11.800589507946,8.55277082594746,1.30582358772097,0.411809631112763,0.287245756089094
12.080618804631,11.7408853939856,0.870086293260885,0.215078856418186,0.250026785231704
8.52939124339514,11.2270052228606,1.17567610951582,0.23557060687626,0.212659420878622
10.4508826583373,21.4252668257118,0.437313581093816,0.0598552490100961,0.0834681237221062
11.3126509354371,6.1298210769565,2.09869589617684,0.787701887420411,0.182614409406934
11.1891080696923,10.9494413288612,1.00788301792792,0.251471009523102,0.267055656555854
5.48071370814986,64.6305665597621,0.0907273659036758,0.00587065745028641,0
9.88438783981314,6.37223839618713,2.13317121519709,0.766462771910006,0.347526401703435
10.0096057788272,29.6423529087537,0.279811899909754,0.0307663180071434,0.0771522401696959
10.0161281626821,6.79834604077389,1.98894454686039,0.653193682968335,0.228319343237461
9.88739381685895,6.90145522876369,1.96633342791078,0.635228408672732,0.235570189048101
11.6452962579805,7.15254638592939,1.61438340159677,0.615455957052882,0.432367302774708
9.93322856051853,12.9339460625633,0.893577621053596,0.175070436662706,0.170690973261455
11.1243502764158,6.91933784540289,1.73525095841321,0.67327501371978,0.4906700788614
9.72158805455707,8.25797829926111,1.59801688492777,0.438466880449674,0.192290585841418
8.4710498715193,48.0167846794328,0.136438838017447,0.0111104336216699,0
8.64408429985979,12.0540624316162,1.06572648587653,0.201628261321023,0.178494340292986
10.8310866208858,7.75231235172704,1.6054418035476,0.493123946059274,0.177978001361244
8.71105121071001,27.801759448688,0.331480944627661,0.0346906185656658,0.0833560449843482
11.4512622000331,8.58795795395944,1.32801617231038,0.414116206365407,0.315987093881902
9.25032980937406,7.61612728583946,1.79502970468801,0.541474314552978,0.362042251996611
10.0755045701326,9.85778810151842,1.25003142538446,0.304847860414784,0.175957230407018
11.148749141344,6.65645369797673,1.81195051391046,0.727893308730725,0.498784059756575
11.4071156512537,6.33269036349522,1.88774079367237,0.796930103693346,0.487171010251189
8.07381066056911,70.9269034113522,0.0698164150871194,0.0054114699345567,0
8.7234130574831,27.9912471955847,0.327890098509923,0.0342157532020021,0.0831483357631661
11.1996446463379,8.86085918547819,1.30009142226427,0.392001330970115,0.32960639580639
10.9678420549641,15.1086836100432,0.682091459901115,0.122823668938317,0.0877260521619742
10.7162362826542,12.7233013323581,0.86563220376629,0.180071329507664,0.166924964854425
11.3128170615783,8.75593541811686,1.30918213638112,0.40000297480991,0.322778092671209
11.0951130003405,22.4935146976017,0.392367643273925,0.0540128917779685,0.0803448080371966
10.6708964542891,15.3470058042686,0.680966128209956,0.119195398866071,0.0883349580938138
8.2626063933473,21.4463050730229,0.489964231145817,0.0561600592999081,0
9.37286668427977,8.86509077926785,1.49532640460261,0.381236824124903,0.203933290034347
9.43284085017897,7.57915672356978,1.78479760395118,0.543527066555999,0.34208449601613
9.84793136079323,16.4534899502249,0.653881303884554,0.103511876133765,0.0896360670917232
10.5742796728966,15.3386436013448,0.685776013963932,0.119403628281744,0.0886150331583783
9.35872129683626,7.7571168591815,1.74428123550702,0.519221488889309,0.343114887341177
9.53382168423371,18.7936637212579,0.555885776672406,0.0784970137079403,0.088546414064953
8.24059236395138,21.4852972826414,0.496492065338404,0.0585839577338673,0.0899892912687908
11.5775614680628,12.7299120835712,0.816441482920989,0.178048373874483,0.162151475366098
10.8547707112991,6.08328323318792,2.18350498081222,0.805057289172111,0.192926646354129
10.2277590910733,6.30197629148434,2.15554486736729,0.760076439226559,0.234191525323768
10.9261620699598,10.0946833753231,1.13191072527481,0.301769049500207,0.316104020081909
11.4852129580264,7.21087983815263,1.61566507960372,0.60938300435084,0.444862162190044
11.0191353223867,6.70953041247014,1.81073233482608,0.720170396111558,0.50961194298411
9.51331638973283,6.82505783135354,2.01066586727568,0.673534893817436,0.366546443976088
10.3217963683345,21.5780873156986,0.436370149994352,0.0589990403875952,0.0837349241017642
11.7683376972447,14.3742341670357,0.689701918489316,0.13858319375305,0.157801618504319
11.7153347796807,7.1758801818148,1.60114013115688,0.609581288571924,0.425203575425796
9.43788354663977,10.789685803538,1.16473991541745,0.253995724093713,0.177080633223
11.0676644795363,6.85438489901362,1.76087166873464,0.688029916194993,0.498891955766723
10.6687394829657,6.32021409832259,2.10265373969903,0.747167254476796,0.194902701652705
8.56847611241549,15.6384199919514,0.762004580749102,0.117912087572047,0.173290171660931
9.16761551277356,15.5288025227245,0.740272314502861,0.120204443351225,0.170394189841299
9.81288481784088,7.70343071974601,1.72958643631857,0.506094443353735,0.20646718052222
8.29079864272837,32.5554578230845,0.266336701345465,0.0249910540175801,0.0804768321904985
4.71420329896854,89.2958915632181,0.0512718209657474,0.00329990879268089,0
10.7423809248691,7.88666896250738,1.58073046919005,0.476730892670867,0.177971617426485
9.59494611954528,14.5555851099116,0.783760690336544,0.137445347192207,0.169689889526605
10.3626956760194,6.81045367863759,1.94980840498804,0.644807259612495,0.195928534768757
8.79175283137537,31.3568459385088,0.268402707285801,0.025843899871418,0
10.8872205800953,14.180480724606,0.744073528128734,0.143962036904776,0.163274584793737
11.4769691583434,6.05012701616917,1.98118627479866,0.871801103143187,0.492870263973034
11.2104795886175,9.02274036675433,1.27145324737744,0.377313282242127,0.323361058182339
11.1090573685566,6.7898694766276,1.77541859921231,0.700203368834597,0.497329959565701
10.7010772775448,10.6688600105726,1.07441986462897,0.271072101478978,0.320160274072823
7.86109881198933,16.1804520163471,0.760234157691564,0.10856200581625,0.175959238831326
10.1779736257332,21.2668295371679,0.449371971379558,0.0608055142624404,0.0844717845301236
10.8637082039849,14.7327101459514,0.709092222013442,0.133145834358042,0.162398457278967
11.3146346531341,6.0748718596969,1.99233393082598,0.87049955353654,0.507309831255867
9.94967352067926,6.44512597212444,2.09673813359716,0.747140310702787,0.3369688291714
11.5337061569989,6.14185933034993,2.06097011553265,0.782223419892067,0.181424924795601
11.9420974224398,8.45611295118464,1.31224878022743,0.419304001316712,0.278774531280858
9.92761852419226,20.1847349722271,0.491108368028714,0.0677465973736039,0.0862002896928753
9.20280868192509,8.24247825556253,1.63844211200127,0.459841159445056,0.34137119344949
9.4983196284621,10.295655113572,1.23076215410448,0.279497683969642,0.177778444116207
9.36046637057788,16.0039889556299,0.702255652612994,0.11302715662504,0.168613316715445
11.6371775717404,14.9463522213251,0.661365762954879,0.128187911155461,0.157477272897153
11.1160438900524,6.84567967668513,1.7578571444438,0.688394616047023,0.494404703954497
11.3930285672165,12.3894573090363,0.85570483921589,0.188656313616261,0.163868294264251
8.86745803436451,10.0498209745422,1.32172490720386,0.296213721450794,0.2154820385768
5.64299798697752,25.0688886051423,0.436531536284603,0.0371453507761398,0.0828605089556577
9.32147144401578,9.07582369591116,1.45750617772148,0.363275329807857,0.201329514438587
10.9130109601494,11.0169986239889,1.01862883449324,0.251055491204075,0.289938696950183
11.1880392724102,8.94828279875892,1.28592675861188,0.38424193369119,0.327819152822423
6.70355637650113,37.3477929137771,0.221017787299899,0.0170551717178049,0
9.46213534716858,7.464126621085,1.81427651252239,0.56055426041075,0.343686279453413
11.5792030513898,11.5402698272582,0.919611598999313,0.224441666668235,0.255721089360311
11.3504207104189,7.75763011569536,1.50718804148515,0.513314603610031,0.353676412659673
9.35505587069876,8.22100049957517,1.64057008091415,0.44730878196017,0.231680714294137
11.0118004267517,12.0007871075135,0.914413374690328,0.202307573724604,0.166734331685423
8.72501508343335,10.7228686431987,1.2301037462896,0.258714366063267,0.207433126236422
10.309491281871,17.4554198072098,0.587845340807561,0.0943698960987659,0.160854872376633
10.4927747128719,9.56336235238668,1.26228749576266,0.323236278147036,0.174609208434103
3.50424351853311,40.4623608751648,0.185817006622105,0.0105864374270902,0
10.8458014562566,10.2541359862671,1.11657572471612,0.292953308058837,0.318830623177284
11.1229893852016,6.35212592718917,1.91585662032972,0.801523900974027,0.514062784313647
8.37924807185004,13.4661917262943,0.939191785375861,0.160087902008667,0.177452661516379
7.27878650754297,29.9781470392382,0.317303110845007,0.0287286574998763,0.0859996900933674
10.251299660963,18.3587342989572,0.548977992895005,0.0824213979364115,0.0868435353296405
11.4958519377465,6.55925531944912,1.80224561164994,0.739144137894791,0.469326753076913
10.1980541430015,16.4202941863685,0.64114434109275,0.103877113284643,0.088693864925247
10.8870252867131,14.5763821974701,0.717912647077115,0.136062932372613,0.162549533279698
9.70135226854492,6.39567556462026,2.14662512256386,0.76524160917843,0.366105918003418
11.7632760833452,18.496528655794,0.493746685178782,0.0803226488497853,0.0820658985902973
10.1324386583442,14.2148570064676,0.783357098932338,0.135658546265834,0
9.64257495539724,6.50681665023099,2.11057315558277,0.739988232898394,0.366965003116167
10.8514994934676,6.8549356608799,1.87457064963227,0.632083325224891,0.181290524244563
11.2416580440617,8.53018626653895,1.35657085724575,0.423561107914527,0.336719090968711
8.44182013367514,11.0974454277279,1.19989850034037,0.24222902572049,0.228224644822835
9.15450418244632,8.67803859972333,1.5450119165953,0.413417859480192,0.329643528357907
11.2770646837845,8.43189647977245,1.37225153479937,0.433256439158138,0.336802055281695
9.88187160989458,22.648269295172,0.418465493117514,0.053386636917488,0.0841685111455124
11.3678942192127,5.74955691392362,2.11577159653119,0.971021892950421,0.517151035049762
11.2936166535879,8.20705969549443,1.41537970574423,0.457932228913052,0.342978581775181
9.49286273629673,6.43796001503522,2.15642310494118,0.760122519447268,0.387411740275125
8.39098697919543,35.6977698306954,0.229462332920142,0.0208106766716291,0.0771749685838003
11.384080427051,8.62081484415225,1.3276128099663,0.41196339215316,0.32085081791088
10.5112906511964,6.33354627654675,2.11307559970187,0.746839230633293,0.207436781176916
9.27497496098577,9.25039599501055,1.42781011090412,0.349322570453676,0.199683819102117
9.72146534208065,18.7571410046389,0.554007289067913,0.0815047447451884,0.162145799196776
8.59576589939746,11.3188478004932,1.15856553880166,0.230957516893383,0.201294887871075
11.4979061993495,7.73701110932864,1.48702035306119,0.527092394162113,0.424672386860604
6.34342970330919,53.4592745656329,0.123203197534541,0.00854388920966933,0
8.77393136233955,16.4049935652813,0.705561732359266,0.107052391048071,0.17110133854264
9.47604229148404,33.502139899043,0.233657413254668,0.0228186583373234,0
9.15057777258275,21.1071993454859,0.483407121514712,0.0615524001550769,0.0877246804985353
7.87041797679533,48.9773968960909,0.135462138990423,0.0105670691188902,0
10.3291509296776,17.2699955436894,0.593847268007816,0.0935233929252789,0.0875773091646209
8.49981215107425,13.2641760857754,0.950631629048452,0.165413072604308,0.177208788835381
9.07551971082823,10.0995597207799,1.29678148395013,0.291272383749279,0.189959205995218
7.47404199429831,35.0787509700656,0.238231677376352,0.0199334258149552,0
9.59480714415479,7.34510948310404,1.83415702912021,0.576960427933318,0.333764410985899
11.0874518173373,11.0971780339208,0.998078656843166,0.245456695646806,0.271833290400366
11.1749742260569,8.58392677380014,1.3522385994316,0.41920557236323,0.341043175653687
11.1201894005506,9.23817722271485,1.24329926614482,0.36049350565346,0.324720027163237
10.9168552701749,9.08952138684779,1.28450975437174,0.376060382512997,0.348616662744698
6.89196096061604,72.8208270222764,0.0701357650944628,0.00503997883597292,0
9.95480640487703,13.1890216659649,0.870070742498733,0.168171012738935,0.170132048279568
11.356192535785,11.0607990098493,0.984183179006902,0.245329397969702,0.259549924394661
11.2427071947282,9.69021310869912,1.17896222397454,0.311941818240156,0.170499758772454
9.56251267281194,8.6999482735388,1.51329988830069,0.39456123204148,0.190587140526684
5.56181056809157,57.7656113044137,0.109873403036671,0.00716010452786284,0
11.0559353570112,11.2460305676749,0.983920483846012,0.238928130160292,0.270407408603885
8.97571916389765,8.13629131352895,1.68903466574146,0.476310658121745,0.374141057671979
10.1344084476026,15.3581764560405,0.70443750972609,0.119340091263205,0.0898107202555282
11.4120924167383,7.38121306176272,1.5797734207043,0.582704499480561,0.445379983579075
8.25945795155132,23.9113892852017,0.424804559854002,0.0469494768388833,0.0880356430190384
10.7573572033028,24.6141580787829,0.352143085405201,0.044962602420988,0.0794319135117641
10.5236622397934,13.8745870175874,0.784282725593587,0.151035585168966,0.165863579562218
1.23147060998656,61.749475431726,0.0405188764790048,0.00205618803721562,0
9.22464805993335,9.71626768895225,1.34813185237236,0.315051506392939,0.187674519291857
10.0028002432429,9.04242931642192,1.40046972278153,0.363469414658254,0.178242861623794
9.17536929316265,38.1153734634621,0.193136029792797,0.0175750075606275,0
2.01690447303242,100.678925672137,0.0317710782082446,0.00184506565221407,0
9.90781558139973,24.2602139224468,0.378380067219101,0.0463315988388881,0.0826178440770309
4.46764059533342,48.5647503625572,0.146451158894464,0.00889751357681611,0
11.1715415440413,8.50625058080544,1.36720065541519,0.427261304850065,0.34397452217442
10.5150564869793,6.94963592154519,1.88536693057711,0.616706086982708,0.182518538120126
11.2005149630725,6.89477692867465,1.73373888154995,0.675988563953902,0.48412609393792
10.040902097187,8.55227900949467,1.49826087783857,0.406875552632502,0.17935805594813
11.4414289920621,9.5860883434865,1.16523288840389,0.329342378353115,0.285199966419234
9.7843360630216,6.54278531729759,2.07945334668928,0.728223287788001,0.349645681630155
7.07244456408511,42.280550541035,0.178413620187497,0.0136317891980811,0
11.2713817435405,8.54378448765864,1.35145207927002,0.421650476773375,0.333553593171079
9.66707186757614,8.75823303870483,1.4914823502165,0.388171838416314,0.180546368290749
11.7249941950349,6.04618009774352,2.07594199288607,0.805117148452254,0.181002972050981
11.5832363661089,6.05519624760875,2.09269034963206,0.804430656797715,0.181675822101026
11.512731967554,20.6434195351596,0.43124879906143,0.0642463503749152,0.0807609121529397
9.99025626862551,6.77535000288909,1.99974927506718,0.658259434260768,0.231918149626027
9.72580863634001,17.0527219489044,0.630043005805523,0.0991785488530848,0.164920283437929
11.1829516015483,6.68614562661662,1.79861242764535,0.720269322392634,0.494187947672944
9.65953197870788,18.2482747936619,0.57745807962466,0.0862550335087076,0.163349797096326
11.5574630100294,14.6871046977121,0.680098852357532,0.132984614398726,0.158445659526279
9.38511377078233,7.64832224892137,1.77088202384133,0.534218412043553,0.344662713811155
11.1154894372835,9.34985536466647,1.22591770724847,0.35161611794439,0.321606575180116
11.5003459279521,7.70915906808367,1.49306839449164,0.530961765785861,0.4254246561158
8.45376544878103,13.3574253946963,0.944750131048649,0.162945532570492,0.177278117641708
11.430334098903,10.903833784881,0.996639579213457,0.252249579386541,0.259389172367361
11.502350421987,7.93824889605744,1.44257671915185,0.499867503676633,0.417291376148479
9.51277778364856,6.96166211320753,1.96424833346914,0.646540215128901,0.360291987740896
8.83300006420185,19.4635411648604,0.552337918949303,0.0726194151247941,0.0899565292678748
7.55366544640026,32.1528013797599,0.28132309460706,0.0251657716159691,0.0833002594343664
10.1052262123795,23.1029349678766,0.40120857104079,0.0512563238153152,0.0830320662828338
11.1286166704492,9.16515978678303,1.25446934260383,0.366394736141223,0.326277675204661
11.1133199407625,6.90120641569879,1.74179281268688,0.67721040783269,0.492475060760035
10.6387218160667,6.51921741370026,2.02801129647201,0.701137223893458,0.186851016339032
11.2390108714799,8.27645573768686,1.40621653672933,0.45101147744376,0.345583448111685
8.45331938842571,11.4324638074392,1.15467299920269,0.226965880088105,0.214569221449973
11.5462800384618,5.75606812841646,2.08941164872966,0.961647803362873,0.499868181804007
9.97286036367477,15.7247997026716,0.689543362505339,0.113698718311921,0.0899210318218025
8.76080864393531,15.223573833754,0.780052753606231,0.124890737397825,0.172937639205483
9.01913840831936,32.6880033306956,0.254774950812855,0.0250603559592508,0.0777828822623565
8.47650232449366,30.8119601296591,0.287174422539356,0.0280293552427981,0.0814352607097335
11.169301310869,6.37288941565111,1.90291206092526,0.794662685042927,0.508568530898682
11.1034543419609,8.79718891290528,1.31941272847325,0.399497709300397,0.340579154707074
11.1048919609295,8.03488277456436,1.50551400044055,0.457086922732325,0.175699049219514
11.4994060337259,9.79119956603634,1.13174772260216,0.314308039852642,0.274017785924992
11.7112060705298,6.57570700171343,1.7726848481646,0.728800023561688,0.448855584692639
11.0721860841184,6.75210033692704,1.79125183805448,0.709330290568766,0.502533530631569
11.0143078769141,9.27457886174629,1.24599611086295,0.359103946704776,0.333400469361328
3.37498537973064,58.3554826418312,0.104359829829924,0.00575630446196034,0
7.36312711465914,100.911393885251,0.0355525532249954,0.00292104955007394,0
10.9609708462999,9.08073042056121,1.28227848208179,0.376127983589491,0.344691069344184
11.6778265590889,6.81202536332362,1.70509233030504,0.679091152064404,0.442457836498007
6.27400465806436,48.0893493228613,0.147486253962501,0.0103308006935093,0
9.03349432020151,30.18625844162,0.281344960460163,0.0280336849944266,0
6.8526579963923,40.378188316091,0.193788059474737,0.0147589851845231,0
8.89627907162938,20.3616387133626,0.516332392332887,0.0661675077593186,0.0890569673693339
11.8205690776451,6.31980996133132,1.84353894172087,0.786585982097347,0.44963583663445
9.82404917986015,8.26647625643804,1.58696324255789,0.436260297296731,0.181865067761622
9.9946640593269,10.9175325627125,1.10508195893981,0.247654266260295,0.174135162212945
11.2376280730965,8.20358493205728,1.42112488641428,0.459382663973253,0.348225982872535
9.52891606283022,28.1382455190313,0.311019901225635,0.0341285532732584,0.0803016149712461
11.5558497706726,5.88143996760904,2.0199328416794,0.947876895908132,0.581893662017041
6.49663463026791,34.1929418826713,0.266261058144705,0.0213306705126921,0.084830207710824
11.4464711947219,8.15679748418589,1.41203444560208,0.460919323061071,0.330957234357393
11.5636224244338,7.19122960579626,1.61266905849987,0.610783173431218,0.438364066796154
11.0456285048359,12.0135845427064,0.911069444483709,0.201778616963836,0.166526554286221
11.7188316735388,7.1232935987874,1.6145588747608,0.618742049191435,0.426852740070491
9.50540291879416,8.44093267982636,1.57517713871871,0.4212720106535,0.206791900391988
11.2593687747533,6.08836679289782,1.99430517306446,0.86860803663816,0.512105921095141
10.7995661123284,10.0977556207991,1.1410177965538,0.303165388341583,0.328008172695686
9.72682598634664,18.3473013422599,0.570746340009185,0.0853022062198696,0.162791801289757
11.1856917262165,6.18456855721048,1.96786479886538,0.844017330810255,0.515095106925512
11.310187366353,15.6817311127453,0.634536963850712,0.116633477422898,0.158034022980549
8.29125124299321,23.6133648371233,0.43190569505261,0.0482128686815156,0.0881809400520058
9.5730252755504,7.77711586045012,1.73276910604591,0.499471091096387,0.227557792172828
11.1596970854687,8.3603838018845,1.39656593282028,0.443101544190122,0.350034615041416
10.1061961834362,20.0167077608884,0.491460252589024,0.0689253835860173,0.0858128714639856
7.86801214529871,35.0990714288172,0.234275086963772,0.0201618853893086,0
11.0178189722353,6.84258910207802,1.77019757521635,0.691925137648386,0.504375718552664
9.78013687955257,11.3585714232736,1.06609640240335,0.228580273580613,0.174322905103998
11.5863715303856,8.13650784986397,1.4038853370181,0.460677600504361,0.319366519546443
9.82068385708148,11.1261044768746,1.09130449919369,0.23841455436354,0.174558272882566
6.34163745604053,25.3774761539169,0.421954068226485,0.0382662026263467,0.0813068435724625
10.1914690329518,16.6939927100274,0.627322651588216,0.100385401142919,0.088477260541167
10.8330913320462,12.3050714040342,0.896380277317166,0.192590843511486,0.167095049767491
11.4101713394167,7.79682310150843,1.49266512769388,0.506763657667405,0.346859160770335
10.0296830663937,13.2834749569064,0.857794866453045,0.16568637538873,0.169574141237821
9.79586851423904,16.6070631917896,0.647899185029284,0.101539762751409,0.0896510105680182
10.8631695719799,9.19755598094359,1.27101223733657,0.367721551639135,0.350268071029705
9.82602142043871,26.9468848993475,0.326039437166143,0.0373405220153784,0.0803969526903193
10.9073398718627,16.6545382311595,0.60185848432318,0.103500678198054,0.158687045856031
11.0383143214778,6.7168363204935,1.89937053171479,0.65721147911224,0.180986780366937
11.3875415016338,6.22397462781606,1.92831655222219,0.826155479530918,0.493718725790614
11.2845344498003,6.73210433450509,1.7726643378787,0.707229690721632,0.482422058301378
9.66766078207102,6.83116477535516,1.98976398236592,0.668786239861915,0.348690707294394
11.237105253726,10.3079891564483,1.08142650313063,0.285094110197271,0.281424005260416
9.11913261785555,25.5755321943429,0.366873665777834,0.0413739342652345,0.0840050907829299
11.1580432238116,8.87932200544475,1.30033248035243,0.390966312036538,0.332821627059833
11.3447273745098,9.99804882860012,1.11443700394667,0.30269066071781,0.281173850120068
8.20943948075596,12.4741480456078,1.04923744960865,0.188804180994568,0.207645362148738
10.1565762730583,13.2491276063672,0.859830773424056,0.157107458697795,0
9.95727718662374,17.0572553487136,0.61833655621688,0.0960494850878577,0.0888138156398108
9.83031704812389,15.2891524919832,0.722908260520362,0.116464166160463,0
10.7268323850733,10.5003475672105,1.09353660869534,0.28004050695515,0.322745527001783
11.5945879204333,7.30150264868432,1.58119720277183,0.591264014097473,0.431450355857104
9.95022657486617,7.59013702157947,1.74766838197816,0.520052199997192,0.197942591216607
9.28037207693708,23.9419109982067,0.400296878255838,0.0474652480555692,0.0849235468272397
11.6517882420071,6.64539401957699,1.75771209627922,0.71507065389415,0.451432892107175
5.87927507847841,116.427028244749,0.0278829280575078,0.0022408178796822,0
10.5767920770164,10.6013770600272,1.10215942381256,0.26181993029313,0.171863249248446
10.0924793546369,9.53233258945018,1.30274247941096,0.326362629302734,0.17663582539828
10.1672707038437,7.12677214041716,1.86431326666555,0.589704551073844,0.198445138547619
9.33033183849563,40.7717061444418,0.171819760285645,0.0154259904434716,0
9.05022704346643,16.2813039389989,0.694637776680726,0.101548128727012,0
10.4174404226297,13.8490830303131,0.791754236230946,0.151730826797714,0.166489682630918
8.82993233055513,25.5311764738324,0.373809326077389,0.0413873900106596,0.0849553718972492
11.348633564004,6.39495989509219,1.87349328261496,0.783143852296578,0.490116846163821
11.4961538347016,7.82687212707676,1.47797811347488,0.501009569320025,0.338109736090534
10.8302249121154,11.9390030828563,0.93184788853188,0.204871345886089,0.16783067426488
11.4633841859085,5.77225808372112,2.09351122325616,0.959490612195976,0.506924599005485
10.7205685791981,11.9403528555997,0.93860878470109,0.205044368271089,0.168407957398673
11.3034229126665,14.8139975994607,0.684976233495173,0.127498939745428,0.0870512644094079
11.2776167395572,6.33807482961983,1.9016186723541,0.799896307604734,0.499411842413225
10.307234642333,15.9824570662373,0.661206755748688,0.113126054417237,0.163396840183039
11.3314240319717,7.69869370951107,1.52258965457508,0.521862423991319,0.357545884134026
11.2574173436077,6.49385444231097,1.85139580267462,0.761986515053481,0.49480342675562
10.8425298105427,11.3343912665037,0.988355147930732,0.23706736966585,0.287283898143095
11.6051921530107,7.18189562296438,1.61081762613441,0.611342593424298,0.434910076786779
10.6166027077028,20.8434899585548,0.449931256369486,0.0633202014880713,0.0834786707964114
10.8795309685045,9.68763445068607,1.19311908433323,0.329647467154373,0.333080345054736
8.88171340990076,10.8605163083671,1.19859025397753,0.250493426363525,0.184280150727203
7.93428052701817,14.2371036314502,0.897529360275238,0.141683860595859,0.17985572019705
11.4615057503052,10.4586606340679,1.04714152959645,0.274292833880389,0.260708557576964
11.9305489160252,6.07335455392173,2.03399743345389,0.79514469921753,0.179787141586401
9.67651261262179,19.1588512637279,0.536470004662456,0.0754578502393511,0.0878277837115074
10.3778111821408,8.31688809963665,1.51623540206198,0.429603484980289,0.178417849091657
9.28694548826936,24.6260543012404,0.384053973135024,0.0447895089803227,0.0843022867111005
8.8942828630296,10.4637435467937,1.25483215756797,0.271358084371658,0.197137637937143
10.4177118075714,20.5129324866166,0.465762177756287,0.0654824958179647,0.0844026604547166
11.3185588002045,9.97508829809552,1.11940660509418,0.304478311292723,0.284147533462011
11.7311074896138,7.22031708733232,1.58807220309631,0.601524563935568,0.422145439014842
11.162396139603,6.7006471326936,1.79651991063302,0.71772188920369,0.495629215349326
7.92428797004532,31.1155165103968,0.290861590872694,0.0271651113936448,0.0830028302593792
7.88663948017738,24.2111327731782,0.425354387913556,0.0453644707644473,0.0888652833237094
10.7418261158477,9.98067375136118,1.16164722212489,0.31143844436128,0.33719225599624
3.21927078785413,184.425032620244,0.00732594467448129,0.000977684485043943,0.0137236158992409
9.99349652763626,7.9151018371176,1.65704025575359,0.475923586749066,0.181470164269405
6.54770566009468,54.6500203993374,0.11798204854399,0.00827948539397697,0
8.25574324392047,26.2544424269839,0.370039817566494,0.0387118004193171,0.0861248933903918
10.1824039263152,10.5139955656339,1.14413363647038,0.267140005881485,0.174022321245201
11.158869665387,6.25994976358056,1.94392874671072,0.824441384503788,0.514470169683721
10.2101239380242,6.88993591375074,1.93761177922736,0.631962970142605,0.205779787794407
9.30576462967161,24.4528956288566,0.387597723850133,0.0454512044778683,0.0843943998341714
9.4077055664793,8.8081343627155,1.50405596401224,0.386094357224095,0.20242612524515
8.7252172462855,11.9225917013015,1.07507410159386,0.206392148248615,0.178337154639938
11.016721300903,8.89271225782303,1.30986914192933,0.391992378205051,0.345560883416256
9.01656533155677,9.27654037677455,1.44542395086094,0.349931740712022,0.227570344297501
9.8010638799326,16.8536745319312,0.636904675368901,0.101598499370048,0.164819473959793
10.0012553037188,14.1208222136762,0.796880288114651,0.13755426842794,0
10.4464175955188,6.81700361344741,1.93944237601623,0.642121412256616,0.188282110942869
10.2029575141227,6.81253264307664,1.9648985333811,0.64710893681505,0.210193836251542
9.18472767102489,7.80618461755215,1.75044357144077,0.515540990416896,0.3618021085399
10.7059925280271,17.9077124083107,0.553535937626266,0.0893250978861731,0.157672838951005
12.1929771471887,11.2981368249601,0.905750690777835,0.23201232551762,0.250503316880746
10.8236156927814,9.9569794000346,1.15866255119543,0.311934512926255,0.330040960996849
7.66759896858338,18.5257323453796,0.639091979825472,0.0816726544644006,0.173669168163324
11.0969414638885,6.65291801201728,1.81922528099122,0.730289667824656,0.504087878056719
8.01597511628345,30.8231081639912,0.293806381820544,0.0277503487872932,0.0829618025535103
11.0863540361971,6.67730568982035,1.81279967034957,0.725190354511285,0.504148756063419
11.5023368902403,7.73714832718151,1.49764659888759,0.512970940731451,0.34078003238106
11.2039410273829,11.3449096287866,0.963796938966229,0.233570990079612,0.260031529580474
11.3819561912391,5.96823042516431,2.02478290219636,0.899797260019911,0.505626807858866
10.8999722593708,16.8300867946398,0.593829373415238,0.101307037396007,0.158415273463256
11.1952516708334,9.22070327646743,1.25918796116126,0.345321861963883,0.171928403563948
8.41158047134736,12.7710803775253,1.00416104931801,0.178586612239391,0.178392366817082
11.7079961053292,7.19052310437767,1.59808347392943,0.607227294223063,0.425313407630409
11.0022543141589,6.79490278479272,1.87607356572144,0.642335015878627,0.180813857071553
11.0051995664915,10.6541018576152,1.06362633381379,0.257969787101129,0.169541343989395
8.98556042714647,21.1733253665141,0.48599738248604,0.0610623218546592,0.0881514108152551
7.28867701445965,48.8218445779919,0.139333821602983,0.0104593673744317,0
9.88927995946485,20.2033085384662,0.491604895867514,0.0676132471920829,0.0862971718772903
10.2901637736721,8.267303025894,1.5370082069878,0.435122173917419,0.178987108613521
9.78818333047196,6.65288246377718,2.03817742532252,0.703445208694351,0.343781285016424
10.8989322017361,12.921714081468,0.838345667305831,0.17413830430721,0.16556564813681
8.69411188854798,9.80597354726172,1.37427955001607,0.324525606712025,0.344538651100638
8.25680335348711,12.5968889743043,1.03271008603974,0.184509974829151,0.197275658524845
11.914794619789,8.32050902155605,1.3399296300031,0.434091411015914,0.285473007973617
10.9479982741088,10.0997026912908,1.12960429092332,0.301180902790722,0.313909080836905
9.80903507381616,9.66550415431777,1.30521280186474,0.317690099253519,0.177684713275164
10.1364198483501,12.4545361329484,0.925171006028186,0.188990146705051,0.170487007982329
11.1134455724811,12.0756959037971,0.906230668339114,0.194715217820639,0.0903047708544451
11.9050711537394,8.48994247532656,1.30896606548695,0.416446408032702,0.280686979216382
3.81297203201552,38.4816865166402,0.205602312984074,0.0121747899347151,0
11.4039615668416,6.32909676083362,1.88935992550074,0.797955916747172,0.487623843367461
3.77129487865238,155.804351665809,0.0156135155622753,0.0013521966468619,0.0450714525840541
9.04672367762367,29.5668084896598,0.296583106408009,0.0307239308953298,0.0806272665630795
6.74563854197729,39.6421691371086,0.200339183593426,0.0152198795129821,0
10.8925300964709,9.1860766362084,1.27044976161648,0.368230576940785,0.347812461700687
11.1917569847478,8.16432751182288,1.43337911391455,0.464842047413423,0.353829665085632
10.8767949893076,11.9926183946945,0.92351664187569,0.202896356081718,0.167467428014652
11.4485291687375,7.27002853774942,1.60416325456275,0.600196524681544,0.446073952891456
11.2172035128821,8.33525989897221,1.39641965201095,0.444831980006664,0.345571891129187
7.30339129391533,42.4612934739717,0.175747031629268,0.0136334147274565,0
1.67678638220723,38.1450929929596,0.071818496611847,0.00350469563915966,0
10.2664781021039,7.2429512369681,1.81888544595188,0.568607041870169,0.184095518386506
11.4170745927444,9.55995440447813,1.17086857066996,0.33155712797249,0.288110355442365
9.99307993056631,15.8071624906975,0.68494887358002,0.115882042983301,0.165471951819791
10.0235871645004,9.63288166946513,1.29169555063792,0.319587831231323,0.176732807110975
9.77430106535568,7.69594869345567,1.73533865512128,0.507695092502057,0.210626849353909
9.55240481732174,17.791344187127,0.598899920738886,0.0879726638915728,0.0893302194511135
10.0446764394956,11.3600917912544,1.04708696394659,0.228255884478558,0.173016865748096
8.83515604640266,8.59721103789267,1.59613282142555,0.426475969199346,0.373358462252674
8.60069423952565,17.7913085928308,0.639132122916287,0.0903802646841511,0.169934706062547
11.1120854811214,6.4696765948082,1.87704729933529,0.772536372017355,0.510165833551193
10.901852206407,7.06385734054729,1.71934734382054,0.651603958686752,0.507493662764946
11.0278618316192,6.68862879324003,1.81623199687223,0.72449609770019,0.509579984415868
11.4643255365924,6.2220977157572,1.91957457108086,0.824008837745861,0.486490504348933
10.3634410722477,10.5759671586559,1.12159093134944,0.263604771419155,0.172982238203001
10.0086891039662,24.3728425946978,0.373600173170452,0.0459040138655811,0.0821813212942258
9.75843157031568,7.44220915832509,1.80847803085032,0.544810848075418,0.223347078104209
11.5863763324703,7.15320733724151,1.62029372374577,0.616861816254839,0.437704550674485
9.43194121205806,15.4601436269713,0.731718241206844,0.121389350772994,0.16908645128482
9.35405215598428,15.7048258357575,0.717046847040147,0.109846587651992,0
11.543598037074,6.95077018193986,1.67988689411097,0.655350800126113,0.449330151829211
9.63873663644255,17.9264712947019,0.589387739286285,0.0866197630566677,0.088966563441613
10.3556618901548,12.6018383706136,0.897939059373614,0.184218316096396,0.169073741697624
6.05489387105764,92.341801471312,0.0459657425173144,0.00329379348339141,0
11.1393858713161,16.715852220583,0.58983545791058,0.10251259726553,0.157153442864641
10.0861570526692,17.1269063385055,0.611836617242449,0.0982238095901451,0.16272321348723
10.86138642551,12.9270587780975,0.843189051143332,0.169633685260964,0.0901019097978357
7.61538154169585,24.1027968213808,0.434025010350024,0.0454320483695044,0.089703599674739
10.2765580114452,12.1538905913462,0.945729900738862,0.198510696557315,0.170330224373154
10.6763062927067,24.0301848360794,0.366304819474614,0.0472403765395574,0.0802705019435597
10.8980488647896,8.89492667960955,1.31966729479464,0.393723878458666,0.3568203521562
10.7930352999259,9.70426231786248,1.19749958746782,0.329649035450923,0.340865002612147
9.05755655660831,8.79307594496021,1.53028374080857,0.403464986996727,0.336858913143592
10.1042180092049,6.45952932752765,2.10543890705481,0.72452430370192,0.237188163150432
8.84495613682126,10.1569611480071,1.30630760965473,0.289749680035151,0.214129311791158
3.5008559070514,51.0816291126194,0.129760170179315,0.00724190917919147,0
11.6426338131711,5.6610931669229,2.11721790022267,0.99062534661511,0.49544887210664
9.0663150383985,12.2315508102563,1.01724679070104,0.196314359263639,0.176206875423505
9.93240584173001,12.9754336973062,0.889934074038228,0.17393463865316,0.170618908914618
10.17891931972,21.2937026984801,0.448540144812793,0.0606462103622697,0.0844442839923569
8.26863519511043,80.391515682801,0.0543643491085495,0.00435930321829807,0
8.91783765242698,16.1777626827662,0.712147467229503,0.110311955475816,0.170676731165635
8.5128158666226,11.1187187371351,1.19146908504843,0.240711110458251,0.218633981121136
10.0404728957628,13.1237626044361,0.870637325112099,0.169842596319198,0.16979542207582
11.4440533761442,6.86375335171351,1.79574303846087,0.625699824199267,0.178313497163146
8.29887454020162,11.7810448443079,1.1227262545161,0.213542643400288,0.221307158979232
9.23995854049386,8.44757012403391,1.5870382154635,0.436160594972545,0.328618126029043
10.5130583045627,6.29357447140394,2.12914039029021,0.756667784885302,0.209451989193495
10.4376253673554,6.36640851969646,2.10741548789643,0.740251261373702,0.212055431232706
11.0904762869929,13.1757405409599,0.807035790573452,0.166979081192397,0.164006342034794
11.3374245304098,6.20465095718904,1.94146929928068,0.833142292172344,0.49937749681567
10.9709598392913,25.7296193013468,0.325974966066117,0.04104438690544,0.0775768823536504
11.1417186053177,9.74932879298402,1.16389004341426,0.321770122328105,0.306765347558152
11.3260180669604,8.20009777893781,1.41390052492268,0.45813266534256,0.34027415334121
6.60168551688138,36.4145767679825,0.230898029884391,0.017828963240544,0
10.5887493707257,17.1501630576015,0.589698315922058,0.0947712480978753,0.0869362001762172
8.54435965663995,10.3106503257127,1.30698036266247,0.283107346192522,0.244686639033947
7.94557212888569,31.709312106775,0.282200925150795,0.0261588791010461,0.0824077417954887
11.5644187107116,6.80886684077221,1.79895761714741,0.6347881464279,0.17793886022848
10.246533555888,7.26700020082748,1.81347620122693,0.564985501858703,0.184803415193661
11.5120188583872,9.53336475226248,1.16776462360354,0.332221369077627,0.280733993600942
7.29516362607714,33.8800564510485,0.253578879393236,0.0212244014707036,0
10.0495008179135,6.85225514220639,1.96671480016342,0.641985806201677,0.222513958139734
8.85051773452001,43.7628083675214,0.156541758834395,0.013355227832503,0
10.9582067556847,6.98472198998658,1.81657496332587,0.607901533221514,0.180215056962897
11.177986828011,12.2534556218176,0.88046313355919,0.193486277439789,0.165324636581813
8.55581333595734,32.218961441052,0.260177459791262,0.024353620481407,0
11.3219158208634,6.46779103996029,1.85230416340272,0.76616442182861,0.489638771611151
9.91678198663801,18.3147802585863,0.565138389079153,0.0855964663525691,0.161724152419485
6.09726637672159,54.0480603373828,0.121697880739891,0.00828215169930759,0
11.5243557206921,7.48625240123615,1.54272864247884,0.563380691445664,0.431151336452771
10.8627936973998,12.8767592597136,0.847384894502573,0.17100535965196,0.0901459750676329
11.7598282416243,6.32374175536439,1.9525025188254,0.734821423958893,0.179284584144831
6.58239781711121,48.3337470546509,0.145055777989742,0.0103813711163969,0
9.57346234463026,14.2140159001415,0.809720618102805,0.144339102508165,0.170368946626741
9.19707959186364,13.3868788509,0.897492486174355,0.163183262722051,0.1736396956694
11.1020113889634,9.01625708485014,1.28143523766394,0.379551442732313,0.333538721134503
11.3085519340809,6.29842036328642,1.91164069811046,0.809110298122813,0.498099693985124
9.2209546632392,7.76690035509696,1.75686144277681,0.520304239061729,0.359080606088473
9.73237840608108,8.20951787852389,1.60853325739508,0.443811391135073,0.193202189538466
5.25907862203094,50.3678306790424,0.138710898569382,0.0089407477736328,0
9.92695762689484,11.109235781127,1.0859309441039,0.239076477494135,0.174090858197188
10.656409672744,19.996636076036,0.475574259465446,0.0689698899849643,0.0841364370886339
10.2362759670473,16.9970775587104,0.610430927925365,0.0966967237225278,0.0880823787891198
8.07619597726883,41.7278457096713,0.175372329342981,0.0144205474168549,0
11.3604146044838,12.3692563514173,0.864156129524448,0.184777615002581,0.0893397355135009
11.0604783142766,11.5880212932449,0.947981530291895,0.224171699930967,0.260579636478366
8.3711514440143,15.8756427875683,0.756066609279227,0.114016931311581,0.173914666346389
11.5898166814945,9.14387112359748,1.22167364092116,0.361362215778562,0.286120190177911
9.34868670995721,15.3314315631917,0.74405978786978,0.123486639866458,0.169749450138616
9.93310171513264,28.5352263908651,0.292367822040385,0.0317380542289518,0
11.8280772383977,7.18156301702972,1.58831655515425,0.605745674250901,0.415006219634714
11.5580532470381,7.98428648667907,1.43810514029415,0.479594486487193,0.327105115530903
11.2464330264598,9.40786196105622,1.22336249739205,0.33124645691266,0.171184629270609
11.2972130270473,6.5815714651431,1.91493884760329,0.682524502104827,0.180331441795815
10.329783068869,6.93526772601307,1.9106592008361,0.621425868035418,0.192798740276706
9.2096455730563,29.300886400717,0.297982534329804,0.03134360842241,0.0803184074764231
11.310024822662,7.67005038580506,1.52068782703751,0.540880082524351,0.444580001542526
11.3930354608728,8.030750018578,1.44308612690293,0.4770587349518,0.340110735284978
9.84788667932963,10.7550464375056,1.13752283677417,0.255500008240135,0.175179320619933
11.1008738980121,10.4872431265138,1.07801687113958,0.266079103053178,0.169413838186377
10.8619172098027,10.6453586963354,1.06581471824274,0.270527578878505,0.305581133109614
9.93912854462313,13.6819890090046,0.830405042640122,0.155977797463399,0.169342225839206
10.7186840096595,19.1029215599261,0.504669445117162,0.075776427942056,0.0847661099170149
10.0629335623063,7.27851172864045,1.82724304370245,0.565887790232826,0.201004167364763
6.46162495490354,23.9051549508192,0.459716163609912,0.0435763098290356,0.081966284810843
8.99335295795196,10.414056066453,1.25457091188766,0.273360382745798,0.187707138765593
10.8932529405767,10.4164984671925,1.09207614418936,0.282857029520323,0.309468084230489
11.2085353031456,8.32969665557634,1.39829523186391,0.445606239794529,0.346561651793082
8.83446908321777,17.5833367894869,0.63166798113734,0.0861583626346023,0
11.0311200268286,6.91938136224465,1.74593704940918,0.675952613671345,0.499989549843501
11.3175482758993,7.12478607854402,1.66906008801978,0.612532041154736,0.380498446459058
9.97059694565832,33.9934790061138,0.228267896873035,0.023493026547363,0.0837560398157504
9.49217498174044,7.19143946372469,1.89260875079659,0.604929079183582,0.352252609412852
9.40538204031633,7.31964147092488,1.8634324127965,0.584922148577027,0.35663295647863
11.505764690897,9.53259962011806,1.16833784044498,0.332361015890799,0.28129285717004
8.206932437575,12.0741105341175,1.09457452604544,0.202884341950167,0.222425608384113
6.31034941675881,48.0747297772674,0.147431934733876,0.0103551650069528,0
9.5201978630294,6.86530769986248,1.99589603962174,0.665237484444733,0.363876036822039
10.8539268302641,12.0487645506118,0.919448622547806,0.201017630121266,0.167478659378861
11.7725223122189,7.37763471671848,1.54459162375394,0.574531328843247,0.412725415485964
10.5849890742087,13.777452265741,0.790009292459802,0.149079360413437,0.0900255941328214
9.32187257338279,10.8036435697276,1.17179285947294,0.253307678476488,0.177590899125517
10.7953973558982,10.7979244194665,1.0606709153366,0.251610361320945,0.17031038177195
11.3564598706135,5.97351973504795,2.02598754076925,0.899138368201463,0.507834025083007
8.34662215584285,11.9367720354686,1.10047692117075,0.207179828937347,0.209646233232169
8.05255404101759,13.2933860332209,0.975741115998611,0.164710565217469,0.198386861384854
8.21714556319055,22.9123789290548,0.453123998376933,0.0512403458060327,0.0889513932931014
10.9347690939857,6.92414509931795,1.75573640816646,0.677796005790918,0.50959566547476
10.2791192981374,10.5336694529891,1.13405177021486,0.265956600105696,0.173507774746309
9.8585090466057,11.0698425783436,1.09568789781633,0.240879373222245,0.17449013654847
9.55040120931101,21.8185196700975,0.450238315539196,0.0576054066477081,0.0859282727894411
8.25503848634255,29.9620643262387,0.303207870181654,0.0295451277435414,0.0829433256796378
11.4333810488609,7.88929902822322,1.46993311548267,0.494101985231266,0.341477006144685
10.8746285865264,20.2769083314094,0.460075627529243,0.0669452725483781,0.0831805157636416
11.2036022343534,8.57273237266818,1.35186027892246,0.419854119019799,0.338780313270292
8.86783982350714,31.6902851932896,0.26939857549246,0.0266324727953376,0.079265208564447
10.6990844603196,10.91413792941,1.04518267499428,0.258370038799739,0.313048078697462
11.2385185106084,8.14998174473877,1.43209605976391,0.465648379640994,0.350005955390165
10.1637169856713,31.8123873730021,0.249934022608576,0.0268615152545845,0.0854653380539235
9.20305840199478,6.78606952464006,2.04774154983733,0.71151042541714,0.512079812054899
11.3520771985117,10.4329949840749,1.05788257799431,0.276656283088504,0.267734329927743
7.79157651509024,21.2091151954269,0.509597520094359,0.0567160821779036,0
9.34180341434336,7.73902406595179,1.75100813677677,0.522062114573284,0.345872698547804
11.4106328134969,6.21518458415876,1.92862696533907,0.827731373736155,0.491893672302578
10.0822085377557,13.8761809213959,0.807676116097037,0.1514302294714,0.168256626849708
9.84086184698039,19.6347119240949,0.51320840927996,0.0717333618129895,0.0869394308581219
11.0735444903104,5.94003273930423,2.07659402943714,0.920326243898708,0.537350014143335
10.3090151978853,17.1267893881024,0.6030058774729,0.0981245671600107,0.161422658537029
10.0757240796899,14.4979416808937,0.763271761623189,0.138397126492748,0.167231220659693
2.61286631119546,37.4531851378742,0.183041139772543,0.00958363010975733,0
11.0603819388104,7.00967015060019,1.71657693952032,0.657457370941116,0.493508386698688
10.7956637728621,10.1300567527396,1.13691841652585,0.30118417419618,0.327391385639889
9.65515971895032,8.28083271770652,1.59863371023861,0.43675809946586,0.198011142272264
10.8994649642123,11.7979718725919,0.937084744416259,0.21717837975844,0.268914677735624
11.636967486231,10.5431157656732,1.02425580352705,0.269157334355198,0.258701430301208
8.31657525420837,29.4952571011842,0.309562864923818,0.0305399789356911,0.0831533693351822
9.32867779445727,9.49566717068295,1.37817485605957,0.329858048333101,0.1846567362017
10.9552840999059,9.52122227157542,1.21213110842068,0.340758605159158,0.331125716819546
9.22464212077605,8.05516076554907,1.68179781188488,0.482154266837898,0.346487536366671
9.13330993336809,12.3792135071207,0.997410750361834,0.19159903832504,0.175645252365916
10.8808627681984,9.51702193494539,1.2187256923949,0.342131186306813,0.338327738893084
11.125142950828,15.1738464246685,0.671214102589242,0.121562071535488,0.0872103134153568
9.44676101114628,7.15058330095535,1.91073932323559,0.613043250714862,0.359346040848438
9.71904919239956,6.75822816952476,2.00894671572009,0.682611210909189,0.346343766478311
11.6144042508602,9.89693128401283,1.10908898208879,0.30590503393346,0.261382757709609
11.0765508982763,6.44601672916699,1.99782845138861,0.713768793843016,0.182095552583373
10.5431496655641,13.277440196577,0.829027883719383,0.165262638076212,0.166832000780541
10.7915159655566,7.17161437410505,1.77681796492045,0.577414779747971,0.180272282223394
7.44263441108917,42.17670254889,0.176792572828047,0.013876024799767,0
4.08635497187251,55.8518267465156,0.115696819583126,0.00675209882109459,0
7.10279697443315,34.7055999000057,0.254469492985583,0.0212703592071866,0.0825221095384217
11.3185649996251,6.86346824210446,1.72957183676031,0.678895598383031,0.473910605390813
11.1800724259603,6.44881938568911,1.87574262609621,0.77539280989848,0.504288775592804
9.63211884825992,14.4409896244643,0.790796469175549,0.131138672495064,0
11.3114425576397,17.8094448792555,0.536494473924501,0.0907052114694216,0.174725723127046
6.08544830165685,59.3472304648539,0.103749310291412,0.00700883111280224,0
10.9718086175693,8.80772112558456,1.32878234632886,0.400650438395413,0.352634422171353
10.3234769022548,6.29428026860784,2.14854169099245,0.760132596710621,0.22598556961581
9.62101968539784,18.8697200209057,0.549794857817354,0.077862360930486,0.0882326720934088
9.78105573673691,7.63619392420869,1.75106128716275,0.515937286014016,0.2125398814518
9.33504248546395,38.9220726286986,0.185256427497255,0.0168993765555382,0
9.47876798679357,23.9526444368643,0.395361273502948,0.0474867169048046,0.0842790697567703
9.56297321522919,14.9621542381582,0.75755194238508,0.129874174542251,0.169197958011714
11.4423582343459,7.47751011272591,1.56486676723382,0.551748434773513,0.355647192021603
10.0145998431743,7.68407254061645,1.71592395299716,0.505934170373603,0.187733213167167
11.5457118568105,7.8898936034816,1.45957174926891,0.491791604875251,0.33150459250066
11.1968431515547,7.01222032132297,1.70052122448383,0.653157937137785,0.479902656373021
10.1045039350147,6.54004482025285,2.07427556273433,0.706160463495579,0.232984052518908
11.1195577224026,6.33103253659458,1.92366376593432,0.807081056874666,0.515316261865615
11.0222557230715,8.84508935021507,1.31779641799311,0.396314470964778,0.346610103574686
8.48743197737374,43.8866340256382,0.158453479228719,0.0131980790675355,0
7.95058223985863,29.9770624632989,0.307604430636482,0.0293155599441837,0.0839137774976536
11.4660598837924,8.53030516935666,1.3374386636887,0.419701964337548,0.316594179513649
8.22649885220439,11.9456539625434,1.10825149916711,0.207581234822912,0.224572000084244
5.57374670272419,23.3816193956279,0.485009719622201,0.0424937815110339,0.0839552805114259
11.3963531286745,7.77695217901519,1.49845409669146,0.509728106080648,0.34881828697074
11.3914635285922,7.33479490880594,1.59356032601052,0.590806812013697,0.449029387462811
11.0594762841991,7.01037366961151,1.7164786578898,0.657347335601058,0.493571081753689
9.78695749675613,16.1233968981321,0.674739452415817,0.107952231628212,0.0900896678038485
8.70788242086597,8.97786585385578,1.52820550480797,0.39107695969888,0.374877220977405
8.50976172785698,37.6404976034275,0.203497587100696,0.0178172878874742,0
9.33196866422823,9.53023649860053,1.37174814988071,0.327278584393218,0.183018089800437
8.50159734107241,33.1088712439936,0.249877514944075,0.023023359993031,0
8.29711791337124,12.2829264071194,1.06420481425124,0.194849375628288,0.203430651143613
8.27523654541671,55.3819579822861,0.107848389971795,0.00848019290656,0
11.2978813648019,6.33463877159191,1.90033206752968,0.80009615867139,0.497591324848179
11.2397330858345,9.43615327132125,1.20285153653109,0.343185259694371,0.307605291506085
7.62219366572148,48.4222897012593,0.139501275156262,0.0107266784979887,0
9.40283616574933,17.6567216426978,0.610695047566715,0.0893247283975108,0.0898436236476234
10.8916592386516,9.17656730027017,1.27209406031313,0.369041161368167,0.34820445375033
11.0704157336273,13.5049575952248,0.782882322188191,0.158792540643159,0.163495721178773
10.4456464836585,6.4928362650548,2.05714238231668,0.710535370503252,0.20469100400425
9.47264567547477,17.8222187331274,0.603420111196764,0.0905453188935047,0.165105876517376
11.1270337194012,11.628556384796,0.939572538395617,0.222401467030424,0.259809662807659
11.4392928983987,6.37558279145946,1.86921412964162,0.785001664589461,0.482293775655032
10.7409410325636,21.5371161294624,0.426360866955459,0.0591606454178717,0.0824241678648975
8.65153064448092,55.0755817979914,0.107000125725764,0.00862361161470136,0
9.14450871323949,12.8780842886771,0.947078886741769,0.176691069742545,0.174742537382426
10.2064024857512,10.007796688759,1.21543638154784,0.295365496572484,0.1749794574106
10.1035688384886,14.0775997661246,0.79165318993319,0.147005410407866,0.167802048195713
10.8496234173371,11.4388704568684,0.976793317599805,0.232422718964823,0.283635389130745
11.4739040222279,7.37216703106619,1.57571912450989,0.582649482431938,0.439947933968461
11.4555222777252,5.98669565497658,1.99237077802145,0.918460838996393,0.586994017483911
10.4125839928879,6.50624960213513,2.05535122140615,0.708099602340642,0.206878728731445
10.424402763308,19.229369277489,0.511927462948708,0.0773028809078769,0.157081664121394
11.77676595333,7.05391546006964,1.62709592279257,0.629739922078601,0.424299172563249
8.07386901653184,15.9871626703415,0.76286552071059,0.11180499451924,0.175214005322354
8.50290625806078,35.0996590579477,0.227737123271829,0.0204739189911365,0
10.4843639226505,12.6125127281759,0.899533473449004,0.173932889909149,0
9.40306438496323,18.9891788317456,0.552410322892866,0.0767925975954736,0.0887550468751725
10.711194756983,11.6384572554278,0.965065370081343,0.225310481725168,0.290819879532433
9.00357138114036,30.8544255455003,0.278616850521958,0.0281592289398867,0.0795766933236685
11.5590145897548,8.15248438486283,1.40301784064786,0.459319528998754,0.321198742023227
8.95694088108052,17.2505735853198,0.644262239389925,0.0898417299796,0
11.2458671093725,6.41734768096321,1.87833548997643,0.780969798091324,0.499136562243171
10.4107930648892,19.2616983812683,0.508656263894986,0.0745887732524447,0.0855592588356077
10.4052890428658,16.7197682343143,0.618764710210278,0.10304900184811,0.161556026534536
3.83382957857259,182.651599750449,0.00740014447024658,0.00102974277313603,0.0132951013615143
11.152806239192,11.6590724547911,0.934810656311752,0.22113416359013,0.259458340211001
9.52490669439385,17.4662324828003,0.615286835945862,0.0913959946989028,0.0896767117577146
11.2381636755813,6.1076483816499,1.98974772654063,0.863821146016804,0.513324213546237
9.4745144720872,13.7846424094935,0.848225108839176,0.153737899784314,0.17158129459447
11.1411999429591,9.43063762958597,1.2113359302621,0.34498262757075,0.316704674328465
9.00301042868821,18.8517352572446,0.571737245884317,0.0777436239482511,0.0899786697696322
5.74419455716073,26.797734509492,0.393969114404124,0.0327609605635393,0.0816353255809241
4.48832587404073,76.2113347842216,0.0687532884918695,0.00420554468445054,0
11.8587474800135,7.09937878427844,1.60666490802246,0.619402709338282,0.415373643103078
9.4213656335457,25.7516486264108,0.356915260964814,0.0408952248017004,0.0828627484620076
8.6912580506306,11.2129649235126,1.1652760686774,0.235063796716412,0.193741678578666
10.9690089849343,9.33912777569575,1.23937300103292,0.354603824100326,0.335604600538451
9.41006134713087,7.09651925827205,1.93234791551304,0.623527077612191,0.366084650091365
10.739497698033,11.8742839558779,0.94408889286826,0.207351037493369,0.168438769511692
7.53959210859068,54.9930901569915,0.112660444911433,0.00845134154162154,0
8.80277149560607,30.9822225710683,0.273338297040359,0.0264890009709333,0
9.72125734339116,13.6548374889452,0.844939867509369,0.156728059480132,0.170543490892962
2.74247008562483,92.1526386957057,0.0463832409900551,0.00262622636918379,0
10.4777842509504,16.7875024143059,0.612492314438814,0.102154225395787,0.161005691109138
11.9279106914683,10.2057288686053,1.04539420367841,0.286081168198185,0.257209806966675
9.37413565335263,22.7722818553618,0.428006826566101,0.0526787106396985,0.0856471462467198
11.4285364356332,5.8046930744295,2.08459007016664,0.950044372243193,0.50871577009971
10.2391899674195,16.2833010467277,0.647940023006036,0.108906004007945,0.163270620491214
8.95318909680749,7.33131261190616,1.91428404742124,0.592219649794168,0.411870805674463
9.66721734650973,7.1725413379852,1.8782286671628,0.604596796651066,0.333264155735714
7.318107603143,68.3965890288808,0.0772904234623869,0.00568260390837874,0
10.9662307737262,9.0060641653647,1.29451118689641,0.382576582170113,0.346626626360189
3.18345337066763,164.655441825612,0.0128703826532779,0.00118323701154138,0.0349986410216349
9.89372677302192,6.56241186748468,2.05896455935168,0.721161328779174,0.337002816352216
7.26230840668225,35.3404234730421,0.237292865368318,0.0194875246468872,0
10.2186813324508,19.3404404966528,0.514618106276059,0.0764566964612289,0.158152960812479
11.2961726570147,8.72881123162629,1.31541269492467,0.402867190576825,0.325167845026194
11.2544804816373,7.00480849689506,1.69620050885938,0.652968701220074,0.474572092377162
9.69941768107949,7.87747472143745,1.6941519910142,0.484498537722446,0.210349679102241
8.63220221197858,54.7869937525737,0.108073635076991,0.00870463796592376,0
10.8458673127192,6.07858732960759,2.18643531173805,0.806516259053468,0.193900773720216
9.01036687453436,33.9772142292985,0.233990131827862,0.0220485291714461,0
10.1943861844799,11.4205859704476,1.02947323091154,0.225581312886092,0.172144132343268
10.0615936207384,7.50880125515523,1.75992951850781,0.530266319962719,0.190815276838796
10.2721664638312,18.991101601004,0.525721226201402,0.0793553165779762,0.158422986431273
11.2376742124795,8.80433407287145,1.30685631133019,0.396648134723709,0.327987372948739
8.65439996397466,11.7962614059769,1.09501680976624,0.210784812635387,0.178887648729013
11.5392692531486,5.75439588223993,2.07334028188968,0.99125880442699,0.589191384517952
10.4201718024914,15.1114003012707,0.706570974440699,0.126848412728975,0.164261463451254
11.0483148000317,8.70318920289973,1.34112479911228,0.409454607400646,0.348868254013523
11.0276844887148,7.59824173062708,1.62455447044973,0.512396600133509,0.17754391564112
11.4011481454507,13.755280032891,0.750310087088433,0.148395567273086,0.0878098443884414
11.2312055349067,6.6434157786038,1.80633357828493,0.728256949375633,0.491197629913239
10.7862384259106,17.1326224500215,0.584230250721127,0.0977554239828617,0.158562366145363
11.8355565405006,6.69938692294903,1.72129217492197,0.698015583200106,0.432794355382977
10.9209729523624,9.95305488471454,1.1517748510627,0.310932814443368,0.320922749241359
9.80105038553438,8.38029469586229,1.56241476094185,0.42429908513659,0.180967501304595
8.41946122692665,25.6552717323588,0.379629159006902,0.0407207210206069,0.0861261633198221
10.6938687467411,6.30048556674678,2.1081403433868,0.751559497525946,0.19389315638848
10.077762774163,7.51440067530107,1.7568301280072,0.529208172398402,0.189043040498408
9.54610100264,7.09959100920113,1.91530616477412,0.620132883299473,0.350195749788148
6.35007022260861,74.036539004416,0.069466831105782,0.00482177477323364,0
5.84843920793869,126.915122083927,0.0224389836402775,0.00194631254736978,0
11.3821045850827,5.95992669910706,2.02800697772913,0.902330057861514,0.505981961155119
11.0707397204542,13.1297636741276,0.814926831868698,0.163943083207295,0.0893406414633248
11.0119360882627,6.8947687185151,1.75538289219219,0.681448173813622,0.502899717677807
10.5322333807867,11.7831336548771,0.966715070346088,0.211070457267799,0.16968784309938
11.4219732958049,6.08412319409071,1.97528223401339,0.863927601687595,0.496576962941207
9.3462707830942,8.41689641235559,1.59526094952132,0.425772444699538,0.224609841448703
8.68955491809342,11.7930147530213,1.09290295205131,0.21098016309911,0.178732344135086
8.53874600959481,13.0601917455491,0.96752711308362,0.170841295891836,0.177346584305166
10.0281211666172,13.592009229861,0.832720301603351,0.158055381935901,0.169040234734553
10.4193900627437,6.27372212104869,2.14698502314524,0.76343736613249,0.2186508245858
11.666844114764,11.4893524882227,0.919171552439731,0.226142447287618,0.255043430767488
9.9057585672889,15.8754481676256,0.68365869380387,0.111475127210946,0.0899722683206054
12.0195435393925,12.5917143899185,0.800770061238719,0.186912422436619,0.247684262354158
10.41861661201,14.7677061516477,0.728223109684341,0.132985295846789,0.164867509234794
10.1500755821431,10.5741761842018,1.13849003492266,0.26411114070752,0.174060447236263
9.94463861744412,7.84893895077327,1.67879146199776,0.484856306979326,0.187436683012066
11.4152093748892,8.51919562116334,1.34379985239788,0.421709438548463,0.321456306596954
10.7633087914946,14.8852514754766,0.705088577677874,0.126885348122603,0.0885109467379168
11.2120273740264,6.5645002718448,1.8337670203188,0.746814579153609,0.496316787206833
11.5779394436245,7.93245300718635,1.44744363320356,0.485721488499669,0.327186885160542
9.38209127429568,23.0405709125605,0.420635723908994,0.0514185334908353,0.0853895479112448
11.2581191057483,10.4380569938028,1.06364703877163,0.277422617971821,0.275759164727626
8.37844076733791,12.1425018939402,1.07424794434864,0.199344749352113,0.198311166979313
11.460928224529,9.83030752778934,1.14077979560166,0.302010642257795,0.169031100839132
10.6222028172254,12.6275446012648,0.879705867612164,0.183035971508851,0.167620150699009
11.6050335786757,7.62182131153102,1.50291695182365,0.541156117096165,0.418965752338984
10.2135982139772,13.7184181865831,0.812674149448106,0.154924848930231,0.167835634614802
11.4871728004901,13.6475294123889,0.753841242737434,0.150657722146332,0.0876797548194112
8.73482383050992,23.2373697596742,0.431391323562482,0.0502051507147732,0.0871895540052468
8.1341331723038,14.8130039093071,0.841434954993782,0.131018246467724,0.176602924381443
10.9063747351208,13.4237584327653,0.797785292447551,0.161041961165359,0.164576272982748
7.65581857874733,27.6729149601614,0.352407617601138,0.0342357897318294,0.0867663320574602
8.06729075941386,17.3560567951131,0.682845081470504,0.0943343039809419,0.173306374282373
8.47131316350089,23.3938139358534,0.433515672616011,0.0493171881134759,0.0878323401755486
6.96615119292492,47.888322322223,0.145581176807646,0.0107253130333944,0
7.51105794457005,28.5932610276373,0.337604625200309,0.0318827860184584,0.0864408398708082
11.4753450259291,7.8368195123397,1.46703356008544,0.513864454290607,0.423267714452371
11.2379078775561,10.1840223173156,1.09734688600016,0.29244144628102,0.285020347425931
10.659409078596,6.49544632566512,2.03499285312295,0.706110219500901,0.186360522097261
9.4383925586369,8.2616178364489,1.62298621562117,0.441623065120071,0.221128530989056
8.87978331738486,20.6268719878881,0.507541383063955,0.0643995357735994,0.0888980234822763
10.9813768373419,20.2283077876065,0.458517883233342,0.067231347874935,0.0828849932656765
9.12262249048332,9.31653834861241,1.4284879402773,0.345630509795726,0.213982289928928
9.50948407517203,7.83975433857511,1.72228287986571,0.492057145562437,0.231479013822589
9.62860896469861,16.6074833668108,0.654798740889576,0.101514430171968,0.0901088619659006
9.92138648266536,6.31365826057025,2.15204190031376,0.780232617653696,0.346599573218361
10.0456320136745,7.3581704262756,1.80502907943201,0.553449724296695,0.198968384269448
10.5591334866391,9.43776063241679,1.27755250089863,0.331828451151989,0.174580128487969
9.5945754058004,11.4979029375982,1.06305961392278,0.22304106041264,0.174979356628125
6.50999380364234,48.9459659306765,0.142314352328421,0.0101106883453566,0
6.13338526119946,39.5811914257153,0.21318332766399,0.0157237132308179,0.0813084417639881
11.4282964343609,12.3573624777346,0.856503302223511,0.189562679964102,0.163737763577927
11.6034034009038,7.42938216734777,1.54863457431334,0.570370157544253,0.425990798781774
9.88217397920872,7.79521861138655,1.69856073767257,0.49273958234217,0.195745209519555
10.8983434370271,7.17651525714799,1.76220191353919,0.57595528533188,0.179732845446479
10.3956066710191,6.47057349152963,2.0707517926864,0.716528157579981,0.210213389762953
8.55349239024876,11.9192853706518,1.08761323859462,0.206551502400772,0.184984810919459
8.50852126779102,12.6272906911918,1.01261136603,0.183025728821901,0.17817197090958
7.94628873487806,17.3175092534826,0.689930394647646,0.0945337360323569,0.173966920718191
9.00310738551167,18.4216060490107,0.59433779065201,0.0844109537666848,0.166796646621933
11.8714414243758,7.07337774483847,1.61226535580843,0.623744028889494,0.415238903128728
10.3485248166215,6.61796588618587,2.01992221651366,0.684646080437394,0.206788650776663
11.1012037073746,7.04153056926889,1.70297218529835,0.650253763573619,0.488191498395196
11.2843631137651,11.0383827755421,0.991624290088261,0.24660764125108,0.260321279251406
9.42653707554943,6.7243942437214,2.05709887238854,0.696530339911331,0.381413184453016
11.3253064672357,7.69538277965225,1.52394654709001,0.522456484793881,0.358225666816293
10.6503147993054,12.9535040751821,0.849672704811138,0.173682660496232,0.166848572776803
10.9842962352814,6.89836545698822,1.75753415114474,0.681527826749039,0.505555480967938
8.52591267665535,9.79000346923163,1.39531038955184,0.31660372543587,0.266951345080761
9.76128200093818,6.69931413827999,2.02467731693251,0.694066304107103,0.344419626088354
10.8418432415817,9.55248566610479,1.21643343504289,0.340028931934662,0.340947155246244
11.4110531373809,8.41650059344346,1.36362923505077,0.432538695191479,0.325264034554271
11.3936577638118,12.170874776482,0.871466195442147,0.202054999735044,0.255389091569868
11.2579424442922,10.9557608957815,1.00267605178847,0.250455756965755,0.260865262563892
11.1564304085913,6.3000046682698,1.92996935912792,0.813908049294469,0.512973573975726
9.29747013850477,15.7097972207578,0.722801616132641,0.117416792881022,0.169420770551493
11.031673582994,11.1891549595236,1.01811272592522,0.222313144152173,0
10.8978043329732,9.36577837458079,1.24094513043114,0.353543807266144,0.341521660369369
5.79184890660986,52.5432283093647,0.128448639189766,0.00857538190285442,0
7.13161427373721,42.5996475553707,0.175859322394233,0.0134659181620335,0
11.0899540098531,9.83379884578644,1.1557528036565,0.316676987220471,0.308897681249194
8.33377483187718,21.4641040073393,0.487620763214164,0.0561534224550983,0
10.6764484586014,11.9045766299303,0.959535249340537,0.195954711265588,0
8.95650600330886,9.42282182637533,1.42320070086295,0.339072484662718,0.22886169467315
10.5311244121251,14.6265490385963,0.732662088224613,0.131787904014512,0.0893881460231672
11.7165421736708,5.80917513848122,2.04556030520865,0.93731893839948,0.481640351931445
9.48996941312819,26.8812252231682,0.333686131478201,0.0374637624339107,0.081607272980499
11.6368769252792,7.26272475720288,1.5867511252462,0.596695358124528,0.429043491252582
9.77875181547601,8.60671115942161,1.51313212184968,0.4020384407144,0.180438204986601
10.7848673125767,13.641321748326,0.789991682755036,0.151918362135273,0.0896214366752396
8.4341832717233,17.116381652706,0.680649087846029,0.0976865703037423,0.171804458283332
10.1287524515466,16.6404701768929,0.634055443961941,0.104203468056189,0.16329524322954
11.2411482017682,12.8438641013864,0.825535313731278,0.17560383522389,0.163811327733134
9.4555570461468,6.5363976257366,2.12319990843935,0.737738814417096,0.387009222514758
7.12484443323782,42.7407199769251,0.174939394175538,0.0133771847963381,0
11.4996749839959,18.744578322594,0.493059353454642,0.0783522385541736,0.0826669587564536
11.3248453971153,5.80838860351402,2.09679071160468,0.952931120841447,0.518533832637535
11.5152548830242,7.25871205142588,1.60017897834747,0.600425518055948,0.440298487432903
8.3117956656348,26.9683312206927,0.354468593495708,0.0366779615752778,0.0853524384199726
6.02928606679043,37.5573011167437,0.222421386570376,0.0162351178226251,0
9.29964115022792,8.51816273201623,1.57660667144088,0.415722190693524,0.225629782068971
9.29136185695114,30.3743649194425,0.280903439729501,0.029155313932525,0.079022043148303
11.48169800708,10.1086105866653,1.09017417393255,0.294143886834318,0.266108002731674
11.5253056610749,6.44143699437057,1.83703161922928,0.765994078274419,0.471443105652408
10.1061919862642,7.5273463615033,1.75051772209734,0.526893987561409,0.185803614983729
11.1369909625909,6.18870948966991,2.0981908644402,0.774308992997582,0.183164551732765
10.9461035312505,9.88234775990526,1.15979374572534,0.315294476945096,0.320737088124528
11.3267481414069,10.6810180212765,1.02971618429196,0.263542152624659,0.262759662332334
8.04821274992458,23.4177160258793,0.442933259493862,0.0487965070296995,0.0890310368261698
9.82128067254557,15.7626563892412,0.695338686473875,0.116614451739445,0.166500777841753
6.69880738536062,32.5123699323255,0.286243639975117,0.0238154124961099,0.0856341303368918
11.5906871403187,5.8260933085743,2.05471938951553,0.936667447559404,0.492434127633505
8.78645511500888,28.2172327770256,0.322868078421701,0.0336886950813499,0.0827428956877982
8.25790107804942,40.2256844778215,0.184783978916684,0.0155533896394416,0
11.5768048808421,7.96922011833015,1.43965379595205,0.481114702540861,0.325996291773323
9.34769814849101,7.92924199754137,1.70037225092292,0.496155310325995,0.337148628011325
11.2406150564307,10.8848888528959,1.01180581621279,0.254099359120314,0.264390390508623
10.8464473140121,6.27299709223359,2.10357405679565,0.755747255167003,0.184144717058279
10.2787608000521,16.2267262251038,0.649242075187684,0.109661932012116,0.163140710011969
10.3191895881597,19.6602580238286,0.497264352829555,0.0715118861944959,0.0854811413378256
10.9707687681869,11.1965211498945,0.994833755110692,0.242022097001364,0.279486179359397
10.4212048486906,9.25461153131251,1.3219318146119,0.345762397437825,0.175707309503228
9.56840036077558,31.6640808997298,0.259595220671188,0.0268579514745332,0.0767785272420119
11.5730484127803,7.34403141509578,1.57269499518935,0.584792718849882,0.431852772687647
11.1359197745456,6.84179992743892,1.75672252055789,0.688610359565266,0.492588253641129
9.91523937757508,13.4365631623847,0.851486793436128,0.161909260155961,0.169889663932996
11.139318480856,9.34581969329484,1.22467007544193,0.351593025570285,0.319547747119943
10.7460150120215,15.2922229798121,0.680636959104237,0.123475085855199,0.16206581631023
8.78635253448152,21.8550298860956,0.469833610053509,0.0570507627583735,0.0881627143917149
9.20805230451327,12.0062336673359,1.032180233114,0.204052024319057,0.175927192092338
10.4223239789844,20.5522920295838,0.464395136726412,0.0652248291604573,0.0843531475748618
9.18773020792274,50.8711202221051,0.119573061662602,0.010075437227236,0
9.45925102179645,8.05481693273737,1.67161359754955,0.465543604898541,0.227578036681982
11.4825439967065,6.23827681945629,1.91161180696947,0.81904977487288,0.484074231909104
10.8989706140382,8.54769174785535,1.41330892253778,0.404308182456566,0.175216216358643
1.37914055623072,37.3025607587683,0.077342394966813,0.00364783566957969,0
11.8873829861132,10.2004236984057,1.04892473230992,0.286568914464719,0.257617115885004
7.89997283277586,42.3962789077654,0.172125450222026,0.0139214495584172,0
6.94004007160132,57.3026031816106,0.10735430693429,0.00770743740115836,0
11.4970758198405,7.58619643916068,1.53332284906992,0.534391135949305,0.3467369308366
11.2013493789357,8.71846733976802,1.32525074668904,0.405424196544764,0.334133964770912
11.4070797730609,8.29484705404947,1.3877021825438,0.445876571657687,0.329735940360985
9.65692989183147,35.4678875397151,0.211545499717515,0.0203908115200887,0
9.81346886129917,18.58275549668,0.554940855109044,0.0804100188752337,0.0879251123626116
11.1567047041675,8.67828943959974,1.33635706266465,0.410085586185862,0.33957945776195
10.0635869808264,13.2581650713081,0.864049947746972,0.156891841439116,0
11.3085178475086,6.5519759480217,1.82636522185792,0.746671410490897,0.487428997498634
9.95501454498353,17.3832847132385,0.60482760639533,0.0952986590246595,0.163045016528931
9.86215288966257,7.8323216461665,1.6906566791249,0.488115036808442,0.196118902148482
9.05653972884886,7.11427041221566,1.97018456676927,0.627966750173997,0.408469949449788
9.51145286719335,26.3809161604034,0.34265508532156,0.0389380484552691,0.0819943364114779
6.9788913359945,35.3935776841058,0.239015884005938,0.0192028116427759,0
11.2556150690229,13.8783728068389,0.748774777144745,0.145934620957339,0.0880987522129563
8.96599583113453,10.4474576148322,1.2516901111602,0.271701596690375,0.189578270800018
10.9488674585066,6.31487646737844,1.95104649462261,0.81719532638974,0.533351216663403
4.62408739729534,150.130238094164,0.0167045863637099,0.00149095511739985,0.046789336970331
9.85680061011838,9.62280567639695,1.30823797375685,0.320509831002484,0.177554967273737
9.30117901125564,18.6935957295978,0.56811349162637,0.0792939270222383,0.0892843054972025
11.7724861134589,10.4213729934756,1.02957056343874,0.274947643037043,0.257873316996819
6.870037187175,59.9851658760176,0.0993903238680735,0.007083619530214,0
10.7342006747715,18.0030426268559,0.54859261694263,0.0883402930717866,0.157329214819924
10.8396780309127,9.06000756376205,1.29606372600543,0.379842045112199,0.357032228014685
9.42407870232922,7.7215008428954,1.74662847166679,0.52301110427758,0.337005173549431
9.6030961344064,8.60765716399305,1.52956226399209,0.403087475967816,0.19011686685988
9.9607204457514,7.78419537199769,1.69419790491536,0.493122074677567,0.188622207525628
11.5187557290291,5.67870192709919,2.12598251287291,0.989470508551948,0.506155518557226
11.0863685743609,8.40005648700445,1.39529746350874,0.440085101428371,0.355537076915502
9.51132762145337,19.861882127992,0.515343944821412,0.0699804273708654,0.0877121503219508
11.1536218471583,21.6382606715474,0.41293830478879,0.0584708870331699,0.0809816086773123
12.1204144678561,5.90172659001167,2.08450793662859,0.839878093833214,0.179835124886938
11.1843445955946,9.1431725622085,1.25357888784899,0.36740370894513,0.321874366080983
10.1768050216006,8.2897611166471,1.5436620523183,0.433049544546213,0.179458187439236
11.2280491173997,6.59102432365635,1.82333330257017,0.740202348162361,0.493651735610901
9.30628884770854,8.30767975819156,1.6245276086724,0.438166015433123,0.233447466637537
11.6536896387047,6.81895200354373,1.70568120087434,0.678364804583422,0.444372755720794
11.1968160335766,10.3335157947127,1.08100064926166,0.284080329956755,0.284240618438107
10.1096845980569,8.42604197549225,1.51936994678731,0.419167430016915,0.179385963022577
11.4633660292899,7.46033153356634,1.55509247953786,0.568865230046437,0.437717465029505
5.27751226462314,55.3905671413913,0.118377003726186,0.00757285179699487,0
11.2789354507441,6.53687108660881,1.83475311131436,0.75112765835079,0.490919059401904
10.8753346057827,12.6238141757661,0.869050975232352,0.178139155142637,0.0903719857267807
8.98181859512428,8.49033610325982,1.60447648163737,0.435534113847706,0.358846440820027
5.93843899009583,22.8332737053938,0.499356660124962,0.0461080346600403,0.0836188957548742
10.620305945795,13.4642987883096,0.812464190369642,0.156292590947735,0.0902328540697989
10.9903060677272,9.44082095196052,1.22170429569293,0.346355798303123,0.330367657607548
8.32662579170487,12.3404556207151,1.05570233243497,0.192679433186843,0.197688556342757
11.059208374455,5.98793674276361,2.04526699292098,0.93388747685989,0.626909203852353
11.6045317376774,7.98639207240927,1.42295487587622,0.491559736954338,0.406383373359324
8.8567427499981,9.38618526775423,1.43351909667395,0.354049493069062,0.33949668794611
11.3765379951539,9.80431493923015,1.13875975243396,0.314983537453193,0.284213529452569
11.9785405008408,6.09584259913167,1.90365605420138,0.840977995085566,0.445366050038187
11.277259638585,15.6327709966716,0.638489888187854,0.117423421749891,0.158317675058468
8.9460628276115,12.6144202178328,0.985530723110286,0.184170169905469,0.176139726499052
9.65832547546785,40.4796261414537,0.170975937540457,0.0157023906667463,0
8.57473798017168,28.3372732545692,0.324472739066499,0.0332937810822867,0.0833267419735284
11.0314901038228,9.27744918917836,1.24413885699576,0.358615613883989,0.33169872846085
9.37863656391755,14.8770188913427,0.772593573045703,0.131385739923083,0.170310930689549
9.55832602868454,7.29027089523818,1.8546817157058,0.586729969072024,0.340295717490252
11.5367417115719,6.02918200864691,2.11151857412617,0.812009189280418,0.182066108323538
7.4969246415403,23.9997325248976,0.439250113802831,0.0456613195268352,0.0901000862400371
8.99696806913863,9.97254704402726,1.32372740132698,0.299999226383562,0.203461712156545
9.13230741870654,10.0823453469739,1.29503526674367,0.291857100835598,0.184318784588663
9.79821018075162,8.18076374870384,1.60948892935796,0.446267920874526,0.187880224476089
9.56132985908889,19.3862957859609,0.531437935165985,0.0736061796747019,0.0879647000769382
11.2132536743397,10.909535132826,1.0108060879022,0.253170518183533,0.26607744609364
9.4180979549654,18.0878136630421,0.590230164156314,0.0849564407309201,0.0894507249641458
10.3329723973873,19.0286462412928,0.522306596480897,0.0790203922726454,0.157988241269464
11.4292710523854,8.23173163878357,1.39835246216573,0.452584724989615,0.329913141627017
9.60619984593039,7.24798157984496,1.86207078474104,0.592897125706646,0.336757621474989
11.2623127723196,12.5558594379177,0.848599463381795,0.183890939978464,0.164254910790399
9.87874534038626,18.8643424569392,0.541297654225343,0.0779421821639102,0.0874939070214154
8.72247753572837,10.0688286464674,1.33074822715668,0.296304514645204,0.231950735045727
11.0799324199328,6.89134187855729,1.74852764574048,0.680162233662424,0.496198826413625
9.64572618168034,10.622612299683,1.17142623279654,0.262189726076812,0.176419522188696
8.29511975583539,66.5286408018808,0.0777507399670349,0.00608379895653741,0
10.6978471203511,13.9707795088359,0.768351712446572,0.148690594048575,0.164733792572105
10.7286010481534,6.14312655123175,2.17026931498132,0.791318565140234,0.199730470307815
11.5602217347603,7.1720964642778,1.61803185836803,0.614213136307395,0.439391295334122
8.30106672846824,12.7742121805615,1.01105059806176,0.178648846874487,0.185473968019952
11.0955496123801,6.99373590753389,1.71711946927798,0.659530743944715,0.490614771709717
8.87077664452609,33.6768964583721,0.245210658745769,0.0235599162338303,0.0773667686827225
8.81910905140448,9.84007641103089,1.35679429525402,0.320682966042177,0.327087741058026
11.0888505397667,6.34654631137735,1.92208809976669,0.804124252768224,0.51773430501013
6.82325124940453,67.8851834721988,0.0799347706072252,0.00568372931479116,0
8.69154427163308,9.3277642630967,1.46078318818946,0.360916718382184,0.36327281920363
11.1408801990358,10.4727416599557,1.07685954370811,0.266687026823803,0.16923051448215
6.12728706978451,60.0638005751822,0.101502443647838,0.0068742717413634,0
9.51567199788914,8.71366483016353,1.51440183715363,0.393757649409677,0.194825144243501
11.353427754402,9.08424771909689,1.24974630202982,0.369849041245791,0.30854470455956
10.8396767473989,24.3441069606748,0.356016651239859,0.0459802813354405,0.0794120922559378
11.2952379702386,6.17808190228459,1.95640110718254,0.841926070601328,0.504630944397413
10.8729676831031,13.853322125412,0.767699728816788,0.151035518273833,0.163963304375022
7.99774537516242,42.2229054052791,0.172576609275385,0.0140683511033586,0
11.0333168368228,6.86915532123801,1.76047519210619,0.686019355126213,0.501758605447574
9.43757924965847,8.51675239074617,1.56418956561531,0.414191297228809,0.21078669326942
9.68984396175543,17.0330138742561,0.630099967296945,0.0963319292398732,0.0895762049181546
9.93219416066225,7.0207513492974,1.92165089418867,0.61224357943797,0.22546740067511
4.84622625644202,43.8516685204068,0.173755332893782,0.0110566208834781,0
9.26387215029645,31.1749429592079,0.264434479901968,0.0263321608936569,0
11.1280492208808,6.47796880473637,1.87231912776496,0.770003098094665,0.508223432320247
10.0090677052463,31.6637041001014,0.253946508879051,0.0271027717316589,0.0863105405744035
9.92469703955516,16.1925969087987,0.664872028604762,0.106990881421318,0.08964848814356
11.2808933979457,7.04114416433862,1.68314874571199,0.645374556264761,0.47062235462443
9.17652101604201,9.09261199658254,1.46693631495742,0.36341398334222,0.216591965673366
11.1504256242968,8.45253232138531,1.37936814667404,0.433294918866511,0.347753329099635
11.336708853373,8.65398909996072,1.32553247445931,0.409473211049476,0.323988166632959
11.0190018700667,9.0183440712679,1.2879656196424,0.380653994776525,0.341228153143481
10.7306191515665,13.9627301396532,0.768864905761334,0.144848074188075,0.0894608103320788
11.0041119389195,7.16083609671882,1.68086470173732,0.630899557171846,0.493320051847799
10.6331146746329,14.2139583344152,0.754576857908467,0.143596347848066,0.164655304609996
7.84514958890821,21.5480817566651,0.496660922927284,0.054957698809877,0
10.1447852524651,7.42908494996066,1.77496908562613,0.54100096820543,0.186624053603407
10.2137471342453,14.035830831893,0.788879597953498,0.147812838064493,0.16727949517289
11.3493221672287,6.51386377890119,1.83391726170941,0.75430058842296,0.485082690603546
11.2816650905,9.27917794693321,1.22399099482364,0.354837018693892,0.308766193406876
9.84643540865258,6.49171778139501,2.09129938290681,0.738588195556782,0.345535761598867
11.4638852179559,8.36865532590131,1.36832497265119,0.436748398786894,0.322193775135888
10.4451429632221,6.56162077078879,2.03115180494148,0.695171883665595,0.201167151913318
7.59083148213375,27.2315549419018,0.362187834258197,0.0353115221472242,0.0873169109188789
10.4256704056808,19.0760369199366,0.517471681023489,0.0785799301984717,0.157340171889963
8.61432701539049,23.6873133883153,0.422371679036792,0.0481675226751811,0.0871763861346122
8.72175760719061,9.05645773735937,1.51077880734433,0.383751518335055,0.369913370209615
11.0632174320009,6.67852006598139,1.81517919492202,0.725637186470121,0.506424920494509
9.42593907505165,6.66541204686076,2.07867149399367,0.709332367990387,0.384295206660719
11.0933302317157,9.48650814099097,1.20651537537797,0.341411440042811,0.319343984062253
11.6613176833062,9.93174562992429,1.10065021354624,0.303493682353726,0.260796090153902
9.70967770108131,25.913428193484,0.347757238750493,0.0404366344939188,0.0817580315436253
10.9401806195093,9.98384728294726,1.1460402027489,0.308675232647514,0.318174844497911
11.4631314109983,8.52262555634613,1.33911583205748,0.420538046567016,0.31710691590441
10.2279777140529,15.8178782735553,0.672912572516409,0.112231822419076,0.0891389354928077
10.2492645973706,15.5127055122447,0.689892953091811,0.116852354336495,0.0893567052590133
9.94132028092403,14.4752293215969,0.771690981890681,0.13892043009952,0.167995046971478
11.3536205578695,6.18570234871411,1.94632129041966,0.837762649065764,0.498644612160458
9.45113328458151,9.21628824717914,1.41933126126383,0.350254111252967,0.182174220779929
10.5699135346465,7.84397054596788,1.61066837443304,0.482848271618302,0.178944982591578
9.35285855084489,11.281653533335,1.10668608486809,0.231861556439701,0.176532272258081
11.4333557598,13.0597124207746,0.801317019870594,0.165072835513341,0.088426138743501
9.16851497433078,25.7558820462657,0.362057762951807,0.0407981100056708,0.0836848800102758
12.1452260329453,5.81623403219469,2.12165879919234,0.864704963764284,0.180247567382535
9.73626256070577,21.0415918379014,0.468676770618897,0.0621394994827655,0.0860318871130538
1.93157408455142,20.959085379088,0.14101290736079,0.00686081834870922,0
10.0821435315639,13.1883410848242,0.862536499254527,0.168095674544133,0.169447896124331
9.31618995676455,34.0393519886003,0.229771764234542,0.0220594415526916,0
11.0309044968073,8.85690966444759,1.31496847554445,0.395073567628787,0.34540385988178
5.70853572661449,23.8234520969019,0.470782907497923,0.041440505908354,0.0834648507953478
10.4958238492158,17.8863245344712,0.560217296399698,0.08691702094499,0.0865447838074236
10.0824243285865,23.3396020942725,0.395928254802572,0.0501902699456202,0.0828892041658064
11.3459732988315,11.2765272562176,0.961568882547213,0.235978343498004,0.258894165290415
11.1663766571011,6.55627505288567,1.84189032458442,0.750174630136669,0.501154821631124
11.5537585173052,6.27895951812195,1.999389373882,0.747872437941673,0.180568675280367
8.59644093279779,10.6105208621367,1.25678389133521,0.265704717757877,0.227035693241241
11.4601038190861,6.06313556511473,1.97839054429349,0.868620863247835,0.493889007882681
11.0950585451354,6.49707952054778,1.86999361642966,0.766476161894831,0.5107278800568
11.0149747236042,8.94264974448761,1.30130921684267,0.387469797072582,0.34408381131816
11.2498770543265,6.1704670802455,1.96489769262634,0.845645106693943,0.509387282799205
9.43814932126719,35.4855157890519,0.213749381112106,0.0203244464217483,0
10.0493221319156,13.7080069969722,0.826924301017458,0.146345659638407,0
11.3152359385917,20.2739538766134,0.447705137238724,0.0667715908826763,0.0817731070346973
11.5571174439247,19.2761620759975,0.472745948774488,0.0739306455067016,0.0819589534236343
9.80233387774925,8.08105397065156,1.6332044665942,0.457859742422374,0.191569937117316
10.3051909446547,10.1517983691847,1.18594724975689,0.28668778205626,0.174191694506592
10.7626793646459,6.13870666245255,2.16873050550539,0.791839456147514,0.197192641381245
10.0164584627596,9.64888646690926,1.28962360115154,0.318520913131533,0.176730191921342
9.64241593457522,10.2565307958144,1.22486175973429,0.281645392869094,0.177186710718817
12.0100645396628,5.90391477017831,2.09981860488207,0.840897211291224,0.180395816937271
10.8874442233346,9.08504126718526,1.28775118815274,0.376909507681414,0.351589180824526
9.53347097275943,8.95154544011,1.46388214416993,0.371731015043264,0.183729608983558
9.25879845134252,41.8036486123344,0.165529768813855,0.0146804382699225,0
11.5018200822217,6.40180813489624,1.85296379890484,0.776438123735535,0.475296010924185
10.8819453662387,11.3404920660471,0.991167271901046,0.227441427606616,0.168745118591045
11.7975497993555,6.92595625172893,1.65996143321394,0.653201839813159,0.42732532187219
11.3054583445415,8.21329206523028,1.41305058310899,0.456991611002717,0.341685458050263
10.7329153539216,12.0268493711068,0.925245995628801,0.20989171086416,0.277765819699149
10.2697950689449,13.8477438052717,0.799815013743021,0.151914140450062,0.167304600189044
10.9651077888721,14.3700379858769,0.727596203029822,0.139989903856225,0.162485859309869
9.6684284925598,14.0183361175163,0.819394117514839,0.14850088786582,0.170204987482475
11.2813697776796,10.7054879877966,1.02984124891027,0.262751029074708,0.265982611360226
10.5683817743364,6.46482496444513,2.05563210431634,0.71470691435707,0.19560775117555
12.0611241025731,6.17354106520229,1.97252042866387,0.767452821182463,0.178545387225738
11.3223125794528,6.44998489385307,1.8581724184078,0.770464053002123,0.490344028285022
10.8631825957462,11.2486524519336,0.996252891775127,0.240714492361376,0.287839933261621
11.7462090515771,6.69306853713367,1.73285367835914,0.701957194218041,0.440996291363184
10.4489863621021,25.2332290559543,0.346002625770894,0.0427566634085179,0.079882743212387
11.6115018625927,7.72509275702657,1.47883438111832,0.526246200096546,0.414753231411212
9.70485488537349,17.0182739255283,0.630248259384344,0.096505420586155,0.0895477703813442
9.03268175061935,11.7514385482858,1.07323175737697,0.213061725258419,0.177200980319267
4.66469384964232,53.9148143518293,0.123862394123432,0.00757602854374651,0
10.8357098912783,9.50187388243914,1.22470101381849,0.34392026453646,0.343144513889287
10.8629103946612,7.0998156093344,1.79091891140355,0.58880032094876,0.180212770453708
9.80016925780909,16.8659263792255,0.634292582537245,0.0983246655180205,0.0894231460367889
11.2235275704974,6.12951321673635,1.96941407282103,0.884513167674265,0.603893112207319
10.3181948984901,7.89232727983159,1.62621636932655,0.477836803313851,0.179999038021041
11.7438755844438,13.624788770781,0.740196021305689,0.154652441114395,0.15941651078523
11.1037477013854,10.5217953112278,1.06398339242425,0.27452087118241,0.287024984065141
9.68781229477713,9.4073337745273,1.36161854000606,0.335760785665243,0.178852574721715
10.8747453646524,8.74889052627822,1.37491568165927,0.385770747166081,0.174779448524505
10.857548710525,6.85438087944689,1.87397798660286,0.632146590942613,0.181263359755975
10.05583011396,24.0673486867987,0.379422994787072,0.0471148107270159,0.0823092491901446
8.97268937905369,26.7612179825568,0.345925626023169,0.0376374823191202,0.0834302897869259
5.40855042617341,45.4049911255572,0.164406118695945,0.0108909767856803,0
10.9579285851538,9.31783525620591,1.24366393528287,0.356464056035564,0.33733280523078
11.1240531608694,7.1332888335744,1.7481320359223,0.581455559248819,0.178789910840677
10.7294237804909,19.8943485704267,0.476780218021612,0.0696778693310457,0.084002243391882
9.77329072045587,27.8068116818806,0.312133166863508,0.0350087724985054,0.0797656153981901
11.2287411408325,8.51323285075926,1.36089507967356,0.42553971547062,0.338471134008045
9.44736099442798,24.4485505553222,0.384479740295591,0.0455144390539481,0.0839408028441593
8.40316929892142,28.9236190782516,0.317477466290792,0.0318360220471022,0.0833743597783335
11.4946743765156,5.88960241024822,2.04141042786969,0.919976967228503,0.498488840518305
11.5688229759097,5.91108670370109,2.00662410821003,0.937785900268736,0.579337726385198
11.5324265044074,5.85722180411703,2.03261302007159,0.956755687554485,0.585225814935929
11.3683403381887,9.90345350273047,1.12561014000019,0.308502518097141,0.281946083698803
9.98107116615277,6.89602399755419,1.95862252267898,0.634694121015497,0.226847908030679
11.6240949976756,8.03269112545869,1.42206116050542,0.472383574781554,0.319683476869205
9.27736630613163,6.74110486013765,2.05326844373894,0.719157400878715,0.504432079190216
10.323962190319,23.9907386211958,0.375093176782693,0.0474255279354232,0.0814960396136062
6.66695775048995,59.4336298687713,0.101704413248943,0.00715311663384847,0
11.0481035682138,10.6892856320946,1.04753230323766,0.266128624095284,0.287142771722949
10.0097001669698,6.22437265706292,2.1776486223292,0.80115622820554,0.34194746612796
11.7366904006337,9.44972816030191,1.16371305244359,0.335361313022755,0.264389135863457
9.99563518402797,6.80669510990403,1.98810630586762,0.651878146488176,0.229850982761064
10.168931985936,6.95845724994058,1.91867267174923,0.61975780468556,0.206259951163249
8.11616868808298,34.1408216298391,0.24949225583199,0.0226313632629422,0.0796225997214636
7.92156077377399,27.0809333532684,0.359403774590974,0.0360500535896991,0.0864563748824834
10.3507774441904,6.58157610608144,2.03318036734746,0.692486894487946,0.208442081525886
11.1248077383681,6.48104577636527,1.87168976943725,0.769365635254148,0.508418908503621
11.1128826314626,13.0797876117016,0.813420649675706,0.169452110191592,0.164064276598462
11.0048853223333,6.64596145101161,1.83249565708479,0.734729113671407,0.513656961594904
10.5320640781818,11.8925014502714,0.955629398611149,0.207122444568089,0.169494945470588
10.9265878440561,6.32086545743311,2.07112075859154,0.743716862584122,0.183489182764427
10.5347254586336,18.9234197010197,0.519533919255526,0.079847834046646,0.156935543097975
11.3635059488654,7.0171525518656,1.75526415146986,0.59904701046589,0.178057718906751
9.85307417985601,13.5061912262255,0.849557316689227,0.160238405318507,0.170114854195456
9.5296377254785,42.0043357462325,0.162011769675419,0.0145915256820851,0
10.9313849674624,6.95345594426526,1.74756516624068,0.672070352916563,0.508786813375552
11.5624003650803,6.90506838044755,1.69077823545714,0.66372187185426,0.449365014822087
7.11420000732104,87.5424239293518,0.0487068751849274,0.00369531409770833,0
9.79280748780198,6.74793198074663,2.00368822693834,0.683068312200561,0.338687771021302
11.1679310849373,6.78968832178711,1.76863958875964,0.698489963330434,0.491504080460443
11.5131149645293,7.17333915126341,1.62259829967755,0.615210836060501,0.443682275394903
9.30221743993229,7.60788254674678,1.79146034478427,0.541726723850585,0.356190026339474
11.1718690794792,20.4931075826571,0.445070744245979,0.0653829115250922,0.0820285264362669
9.74063980522066,13.6016865970618,0.848103992439328,0.1579792552942,0.170531237297594
11.3677587823364,5.74085532241731,2.11950072474098,0.974012388606354,0.517585101759889
9.87770074887726,6.57542392968787,2.05605288477888,0.718604963955706,0.338055372662211
10.5290003022349,12.1077445453443,0.934171060356635,0.19965988989341,0.169095823004387
10.1311326179608,8.03760963931665,1.61002347963993,0.461102210513557,0.180436967154128
8.34480673654794,55.8699952625481,0.105883922268916,0.00835499737145053,0
11.0011990553166,7.14245870183044,1.6862165992939,0.634306415465518,0.494324303582896
7.88483827505169,76.4565493006118,0.061154410149376,0.00472945855633135,0
11.411063226576,7.56603560377686,1.53496583742756,0.553890057355312,0.438774821796777
10.7050512508478,20.6212856067196,0.454203355274096,0.0647098133524922,0.0834026089820799
9.14594917215656,29.7374465444113,0.292427179761322,0.0303968941404272,0.0801308692653003
9.70437131094664,6.77881189855963,2.0034899558641,0.67865984352035,0.347016429518935
10.6058347935773,13.675617930804,0.796581359295698,0.151356288181597,0.0900616301086657
10.8394589125056,9.96475958069452,1.1563567572267,0.311217947773982,0.328286358868229
7.74182767432152,67.863251024342,0.0769471895596337,0.00581468469338089,0
9.33234467787394,6.73234750573192,2.04876178687091,0.719510211937409,0.497745030097584
11.5908531729887,8.2246069336212,1.38572421774985,0.450432801952386,0.315968868114355
11.6617094140421,20.4608821860233,0.432629747069633,0.0653500784787917,0.0804571202734747
11.1801261147934,10.9816770722617,1.00485053070392,0.250003167954876,0.26692529020619
11.3479477652127,5.84742718245987,2.06136867006362,0.96759039567509,0.603739031306756
11.8339424867774,5.96779081852713,2.09596414909571,0.825222620426227,0.180913473526719
10.0227022482118,9.90809119134264,1.24652184395911,0.30176615386043,0.176103212412605
11.5169479614496,7.64181459164758,1.50684198851485,0.540247185294557,0.426277150251694
11.810905603838,6.85446731250503,1.67870523560556,0.666830442302502,0.428899740629945
0.467847483217154,105.538508925768,0.02134483902546,0.00117564262885137,0
9.40707854729381,8.11312048275484,1.66203551273129,0.459223745872125,0.230643124590515
5.28569300405999,23.3251090061437,0.487713684268299,0.0414055778581751,0.084468096967985
9.19346387375706,9.53574059371909,1.38228074136613,0.328228502277221,0.197809295978278
10.2581820754314,17.9715393822555,0.564987723379472,0.0861368972174753,0.0871635765488886
10.0934677535795,7.5341921223769,1.74979060113643,0.526078087892337,0.186704745552667
11.4286797396041,10.8273588524459,1.00550456758505,0.255877243867114,0.259680542416339
11.3662302712001,6.12782368619322,1.96597891433977,0.853455221621844,0.499970175346379
11.2029088769131,6.6113183430922,1.81983280872842,0.736364384255721,0.495285105250176
11.0819491000365,6.53926987017566,1.85765340553059,0.756863443418507,0.510281318173939
11.6867938728345,7.09411063313007,1.62558268425026,0.624795622405615,0.430813805920884
11.4773939739809,8.29799021568459,1.38097064426923,0.444254982257038,0.323392095818241
10.9190045466308,13.3773885870864,0.800672696433749,0.162167027898855,0.16459262052086
11.5772616614864,6.88958923874001,1.69358648050536,0.666357645729136,0.448599232747992
11.1145615569863,10.6503172669309,1.0476356127896,0.267455875610323,0.282294674953793
10.6738661492377,22.9823309232024,0.390481731350835,0.0517728927183193,0.0812760533450505
11.2190802951687,6.73402675689403,1.77962555249368,0.708778517068358,0.48870890745872
11.406987674342,7.45859490484122,1.56120236976468,0.570492860482756,0.443033349370921
7.06103852121274,73.9355486405071,0.0676958143870046,0.00493013700921276,0
11.0378954341568,6.01268196809423,2.05246525564292,0.899288486757905,0.537638365659208
11.6032279208194,7.26576600792112,1.58938593691855,0.597023669495098,0.431981476249665
9.91206425653823,9.78562063310752,1.27591513943835,0.309692010172125,0.176912625429484
10.9968329034469,9.47052474643271,1.2165949102963,0.343993365577092,0.328816638820132
7.16691314544624,45.3032524427515,0.158629795269863,0.0119910033556519,0
11.540831647275,9.27541855925497,1.20465426627417,0.351433749954585,0.286203143431756
10.695768062664,6.47452005801153,2.03945259721814,0.710214340521783,0.184456875582173
3.03425527414114,36.7859213526513,0.202816012150452,0.0111411731859972,0
11.1377614637174,8.93280630654098,1.29274427671192,0.386421484380595,0.332945029635735
11.1360866988957,13.8182995265886,0.756830031684424,0.151403200311849,0.162544351890816
11.4057631742212,8.02620589102089,1.4428967065726,0.477370106260354,0.339127044899647
3.68491431717783,39.9489844415852,0.192300084603541,0.0111731121968337,0
10.4241304427794,9.56587154140866,1.26771423809312,0.323262848427347,0.174934194029064
5.63246323553848,38.506794573983,0.214668351099744,0.0150443630602567,0
7.65576387683944,57.3435410471624,0.104280372465877,0.00785289080285174,0
10.3778189427939,7.72226857638742,1.66486099050597,0.499141602765284,0.180278587737594
10.6397905032734,20.0926245872005,0.472905728240718,0.0682959463913118,0.0840998052355605
10.8193656387294,11.5216031139372,0.970109396565365,0.229174725782538,0.284067579441192
10.0351658757405,11.0018367802458,1.09110567150608,0.243734877436738,0.173751380422345
11.3930125298523,6.21684729102861,1.93018932897831,0.827889471433661,0.493497763448405
8.78448937741232,9.95059763237397,1.34152946090191,0.313530908055447,0.327371239530912
11.3143305349067,8.65287049928285,1.32761795337521,0.40995612730036,0.326036575300638
11.4490874300794,5.71921488827997,2.11784658630463,0.978165338737315,0.510810556877262
11.5075584439612,7.63972122098465,1.50824000751606,0.540765667756197,0.427213859815787
10.3842608509372,22.6695823642804,0.405346552277871,0.0532875589983853,0.0825327662755114
5.96210742767131,58.9440527896367,0.105291810919198,0.0070539802161829,0
8.10877594236006,61.5282194905334,0.0902999289647689,0.00697758108186587,0
9.71772858339033,7.39149353152904,1.82748412125714,0.553262654688163,0.229725082711593
11.4019313485362,12.1944985166318,0.872627040062825,0.194843395778012,0.164208949771894
11.5986924543976,9.09904703375327,1.22819299309475,0.364957178710893,0.286769167117884
7.12910735316306,20.8806520550089,0.546142255115645,0.0597124094601123,0.0824230604867491
8.24102713667063,16.1009063585534,0.747995508259055,0.11051864821894,0.174239322135955
11.4901611545515,8.04040740192947,1.4322975340089,0.473995931394659,0.331116562119171
8.71277257730911,10.0711014956108,1.32838810448188,0.306373311764761,0.332115654053247
11.5222820368037,13.1981420464116,0.785660980924922,0.161338885863499,0.0880341220015198
11.5396919359495,19.0038507612733,0.482624256027462,0.0761395318029141,0.0822841315917247
11.3282804090048,6.26962132312995,1.91937122439665,0.816008956811581,0.497441469661336
9.97548451744079,14.3809861217564,0.778691499590435,0.13240477823129,0
9.32530481578626,8.2713701708593,1.63133703195811,0.441984137047314,0.232841990339149
8.75274643541339,14.3678263209788,0.84235699791188,0.140706255565535,0.174277667662176
7.2585964760647,41.1418077503705,0.185404287953063,0.0144653223273982,0
10.8423497797026,9.83582095978852,1.17441891418314,0.319809291880877,0.332004996400298
11.4814575056124,8.26178880762486,1.38778502393675,0.448226591729978,0.32426414458821
11.0096716072402,7.01478371960388,1.72088766280274,0.65790287302655,0.498404378564091
11.5613123679481,10.8621391444312,0.992308454216673,0.253713900915092,0.25826225007113
8.24438456197034,25.019294873699,0.39773564379694,0.0427432698762869,0.0871813514691265
8.33391187299794,56.5878407470633,0.103597432931359,0.00815901696990944,0
11.1874062550304,6.72188767688186,1.78703576578893,0.712348298519539,0.492309594862341
10.2616847089002,12.251110817861,0.937022427076716,0.19530736807966,0.170222947133482
7.61099139493238,83.2190353625833,0.0525556415893329,0.00406629480321011,0
10.3087300595671,7.52600407987159,1.72805843175935,0.525999745178023,0.181281393853232
9.50193667281012,33.2909397630733,0.242049718778477,0.024438019789269,0.0866465906834352
11.4382930711729,6.84860039477804,1.8017057716386,0.628603914494409,0.1784118805695
9.13156372670796,9.28518805859835,1.43360948713152,0.348019286318229,0.214178184855451
9.01938963248923,6.98204805637182,2.01907717636487,0.653658514858587,0.419353238354859
11.5252352402769,8.21036370024401,1.39425777349928,0.453258274804668,0.322170140747843
7.93423242720983,48.7638409628759,0.136103618715827,0.0106703306296554,0
8.26214318986411,12.2972511415878,1.06508575059339,0.194551639903223,0.207319837610151
6.49162076760428,52.6794051380419,0.125796279715936,0.00882959562508264,0
11.0744915813306,8.4012720193038,1.39612290816106,0.440166593674517,0.356614651480492
11.354255044593,8.39934653105697,1.37183534046415,0.435378868719147,0.330921473307562
11.5053933192491,7.12951291338651,1.63501904404238,0.623180395818634,0.446043977686183
10.8950227807461,13.2538007293614,0.811652693954271,0.165329672950361,0.164960058249614
11.8623040162231,13.8352137783829,0.720131570804259,0.149650802392762,0.158308424768481
10.1457862985108,11.9537789336899,0.974516179477913,0.205540705721173,0.171372775231684
11.5230497853835,11.0708945521975,0.971740123719647,0.244277299541855,0.257886301963739
7.43718677819141,23.0445226163577,0.466482278598252,0.0492598121603641,0.0803888315167443
2.64936265397742,95.0553287491246,0.0434074556483592,0.00247034739048425,0
11.8118031958268,6.98171251691066,1.64307287559044,0.642199513183325,0.423933020611827
11.0245983825354,8.79682872585806,1.32620078494003,0.400819438352955,0.34798755500588
3.65625730790424,145.806126422533,0.0190260171563826,0.00148983231573672,0.0449986120797906
10.9531583274053,9.04782377162368,1.28849811453641,0.379110380806209,0.34650710832853
11.0685487946405,14.2890920348415,0.727972010497646,0.141466084466866,0.162050017180772
11.1779025117937,7.9714406645169,1.51328263293937,0.464078263792542,0.175550346825913
5.22333657661,55.8603106852601,0.116762032011972,0.0074358841855342,0
11.0540328447879,8.42601080500089,1.39310131813852,0.437853428210647,0.357700288482834
10.0054069173293,6.27628569733483,2.15684638046475,0.787685199299849,0.339719452610643
12.0767889469081,12.9637400779121,0.771681583601276,0.17033359477912,0.158810596519078
10.2136783260498,13.8724248540552,0.800836576561908,0.151412006300857,0.167550150821273
9.87217876602835,17.0909994887889,0.622160173652249,0.0987006084949765,0.164018449911652
11.4335081876756,7.99652897631811,1.4466996236348,0.480499043229832,0.337683497997767
11.41188990782,6.43736857799501,1.85171349117306,0.770633119935682,0.482294406441104
10.3517509396472,12.6436353059781,0.894441773507804,0.182980489425486,0.169023640155863
8.35684337609324,28.9825130037661,0.317272788155721,0.0316774622981168,0.0834740928645447
11.5110883630728,6.36623915459044,1.86385643728476,0.784986898047914,0.47592865498234
10.0178727437086,15.7991992887824,0.68429028138378,0.115995388607818,0.165345773904145
11.2538566902033,11.6299818181802,0.931249057052351,0.221972241838231,0.258577348143802
9.5146172121332,6.85243914875376,2.00100726457664,0.667947960083062,0.365118414131393
11.0854922633653,8.66079719781866,1.34570033858124,0.413008981722273,0.346792590295333
5.00043133862538,92.2492878662098,0.0478342036605386,0.00317495749249081,0
6.48166230150329,61.7805697139443,0.0956443159024879,0.00663352692128112,0
11.9522735201929,10.5614247818269,1.00057204393439,0.266881553548762,0.25561997570443
9.3607402032398,48.2335805598442,0.12977756760475,0.0111652986447763,0
9.3782973950935,10.972439943071,1.14479233922855,0.245431960780917,0.177009732454955
9.47879031694661,14.7434028313129,0.776787631320055,0.133866969404832,0.170011566399717
8.7638551296757,28.6047952516235,0.316676559142405,0.0327505212605318,0.0824697479893364
10.6347847719512,14.9249349564762,0.708358162405795,0.12630578630403,0.0888218897481228
8.58410428741165,12.3018400999262,1.04225398685727,0.1932740406723,0.178356519102863
9.0681407713598,30.9183144295505,0.276784653398916,0.0280625501225007,0.0792932898525498
9.62102483312619,8.95882548258572,1.45435262268304,0.370776041941783,0.180251928163266
9.2195382524515,9.34742345216594,1.41439645969937,0.342229875773272,0.202059157833009
9.54669117882496,6.50387368099749,2.1238059472073,0.743030065893653,0.377941941601488
11.0987154787938,8.68911542930711,1.33935313433185,0.409991701214632,0.344609348006958
10.7019123459521,10.8232126207016,1.06442273221948,0.250665999676837,0.170747270228951
8.16257754150847,24.7498365518912,0.40586326895198,0.0436309644912045,0.0876391403697775
10.917378239146,10.0120233837927,1.14386742740746,0.307142944152836,0.319452345802601
10.8133361878973,13.3231800669771,0.813195249896617,0.159473095474417,0.0898444873135637
9.38758937726829,9.4906758908363,1.37413127478882,0.329807845346025,0.180050268528723
10.195280744017,19.3056972662957,0.513978133881031,0.0742781685148003,0.0861737241928851
9.65567086245469,7.53737395681568,1.79116986226726,0.532072620164757,0.229548425336783
9.34082356063595,12.2270880345407,0.999429450019939,0.196630738995654,0.174897805628377
8.91144930007954,7.75658155264277,1.79552846818874,0.527501665020665,0.398540714945953
11.6671766751455,18.5279135518081,0.495604520481866,0.0801190248067454,0.0823407877690863
11.0046359962188,12.5536119675547,0.863780634505834,0.184530264515841,0.165690978916685
11.4333868586546,5.93514071004311,2.03117390188768,0.908040134009642,0.502208004320863
8.90841835662877,8.39576269101816,1.63411130904198,0.44706916638789,0.372061234361936
10.3979170936544,6.64528584520475,2.0049730481803,0.677946450610783,0.2010413097635
8.83329199251284,26.614961321024,0.351452239892136,0.0379996541586408,0.084006761481361
11.1420292057654,15.9260260204467,0.628670520492867,0.113189909637584,0.158591647594301
8.20807114358053,48.1174440004561,0.137565710544545,0.0110099008209173,0
9.04514304910584,26.3462689005913,0.352606118158267,0.0388952612460279,0.0835627247552565
9.07473682453266,7.9025438870246,1.73743762664509,0.504445969174054,0.371443734887961
10.8141122419761,6.21223114483084,2.13252865372427,0.771578879419628,0.188917477506781
9.4157831169748,6.5180835771011,2.13543679041721,0.743019585721067,0.392604242620225
11.3078085555344,5.9539813967335,2.03998730710903,0.906977150657851,0.513445524571927
6.52072608523748,46.4426819967591,0.15531523420179,0.0111518128037701,0
11.2921973408406,6.32694285767859,1.90369875340787,0.802266851084844,0.498473070627534
0.304988848654775,174.534545086542,0.00518561986208506,0.000633549174313192,0.0106111153026134
11.4351177986753,7.03067588355537,1.74270117438384,0.596156445357676,0.177660536748675
7.26429923545733,50.3593528794452,0.132345072937395,0.00986501372170706,0
8.15403790164964,36.9585382841218,0.212985406210125,0.0183306967296988,0
10.7688415429732,12.3882903585923,0.892488055870008,0.190069084452362,0.167275580992978
11.3853098473321,6.33452950015811,1.88973181375788,0.797186396701478,0.489168161254284
10.2126038104464,17.1853418002986,0.604085437633601,0.0974894066544723,0.16189160707455
10.2024598670504,20.8625920021655,0.461001831808928,0.0632655896162135,0.0847603614469437
7.22528090259513,81.6981063734439,0.055552987147572,0.0041668882853449,0
2.93457358814917,161.622105816385,0.0138604495666206,0.00119553157773389,0.0401729376636328
10.0528752623048,13.3914807454588,0.853102680823762,0.153653389895965,0
11.1713205414408,8.33655679404437,1.40025219226488,0.445522163980074,0.349771244492408
8.9467364073903,36.097153955033,0.213183200680445,0.0195135119401891,0
10.074111476386,25.6291609322114,0.345932845397741,0.0414062133690349,0.0807960253729469
9.81540230508888,8.95365480668173,1.4361458195226,0.371071246030666,0.179351186471994
10.388203908107,7.7655556548689,1.65187921372344,0.493506216329697,0.180080060566799
9.74942828764911,9.37547738808096,1.36175068503591,0.338049410526648,0.178638531363666
9.7095534469892,8.76564172908453,1.48580126908519,0.387489688607685,0.180338319610149
10.9360851599364,10.0402414691172,1.13858292913334,0.30509437191811,0.316834194865282
5.65582054402749,56.2394271425097,0.114806145574567,0.00754364251551243,0
10.2606117494355,12.3905785772443,0.923495872828264,0.190826854697949,0.169961505092636
9.32316442038625,9.62440229654176,1.35593298922143,0.320564107479296,0.180465039931619
8.51748811986537,10.6604205338454,1.25586873688902,0.263668444730891,0.234936582334619
9.73627210445722,11.9490179965041,1.00231847031597,0.206092216343165,0.173439802028968
9.95928753449071,24.2912127457288,0.376516144695127,0.0462185933626066,0.0824171786160169
10.7031577903988,6.28028882147484,2.11542516283302,0.756401063110186,0.194217663045213
11.3543666216132,10.689027615069,1.02689307011976,0.262892279448516,0.260891026401493
6.69341683048881,40.3703811326094,0.194775399798763,0.0146599400660885,0
0.392212018130933,149.217280168432,0.0102285664989436,0.000779144842923802,0.033570000999655
10.9116429309525,8.19698781347942,1.45253677045765,0.466330633836772,0.379327010955045
10.6348036028345,11.2197549629314,1.02170612244915,0.233079126151603,0.170276024487617
11.1435884244086,8.94467194232618,1.29021791281094,0.385261954371819,0.332020497042533
9.31006066235332,9.00617581420254,1.47230439325394,0.369389050149645,0.205250588781527
4.28239641917072,38.2897392830446,0.21260384459806,0.0131991053308081,0
7.9499492358253,35.5099352089605,0.229149466373216,0.0197443048809933,0
11.5629584795695,7.77678219390877,1.48308918557589,0.506354623035309,0.3340162928632
11.1121375505358,7.23966250288656,1.64779965576165,0.614070720909257,0.479534844615282
11.2791651226041,6.31405484532609,1.90978943398723,0.806042458524157,0.500290019349797
8.15078300311482,51.276773088249,0.12380589185025,0.00975813091162654,0
9.14296206985532,41.5110992929051,0.168382668574249,0.0148590286834418,0
1.02339348519884,65.3151389648007,0.039222033988302,0.00195873788073749,0
5.4589952041675,135.369853331526,0.0211167825704895,0.00180294052311381,0.0457444892809922
4.49346634868137,139.989349844444,0.020590741412064,0.00165882453702705,0.0472724602438633
10.2510835674298,10.7588075316041,1.10625923046382,0.254774633193889,0.173181369463364
11.3364462533284,21.8143153857925,0.403613485908413,0.0574420522287725,0.0801911614095734
10.7823195109344,13.8116774720772,0.777351224448741,0.148085687403708,0.0894649851396437
11.9053876387639,8.56388236915405,1.29549708644513,0.408998966337847,0.278254012206966
8.74616991573023,17.2880335283449,0.658459809886178,0.0960437404855064,0.169907723423097
10.4183399272492,7.16010418238205,1.82710165473008,0.581153234191979,0.182125118635789
11.6510241004438,9.92860080437479,1.10187421837191,0.303739880713187,0.260907352599155
10.2776802859924,14.9924595022869,0.720644363969944,0.125378921200611,0.0897401229474317
10.2626894022394,6.28086915338963,2.16053656813932,0.76468435698541,0.232172721753046
10.0769982026407,23.9852994450596,0.380820406788321,0.0474481498404928,0.082316028566293
11.6017610810994,8.99230895221089,1.24539520546382,0.374005824707482,0.289871810454257
10.9757798252256,17.3187936183899,0.568749358067227,0.0954724021206452,0.157060547986327
9.82991925169072,24.274145036295,0.379868439662087,0.0462706104362444,0.0828647637277676
6.44832763786523,55.3633442850709,0.115736064924261,0.00805601624425384,0
9.95969749150336,17.3341577760971,0.60488972099544,0.092892274211747,0.0885737948883194
11.1879017398113,6.34472295006488,1.91036653007587,0.801221506899044,0.507932887258998
10.0890997231814,13.4086476789046,0.843934813158579,0.162462366159845,0.169031336945276
10.6653177825397,12.1147349753966,0.92108718667424,0.207229518069594,0.281599304002882
10.7013493383227,7.92840667597611,1.57482562385766,0.471890907646078,0.178041171797956
11.2707585116524,6.00762297470527,2.02377376303758,0.892019551427223,0.514615703643723
9.40401928583077,6.73801422299737,2.05510924114228,0.694195457261509,0.383438339440228
10.773598393232,16.5703645479477,0.610443339549348,0.101641307901061,0.0869239218236922
9.93978519154701,21.7302646293263,0.442311592969796,0.0581542049593785,0.0848055507757186
11.3447219868073,9.98865909296072,1.11570345859993,0.303289023178528,0.281454578771519
7.8625371039688,14.7384602896349,0.86107580003212,0.131627735642935,0.177963043252071
9.01023865018815,42.9974440763403,0.159938951939423,0.0138526764839209,0
8.9991090588089,10.1438435132669,1.29587207187195,0.289214690302382,0.196902678598099
11.4999995219018,8.04515974827745,1.43041919265552,0.4732274047793,0.3300823073646
9.36299209672999,15.8422941053026,0.711770553139147,0.1154193624539,0.168865296790814
7.77874202876463,23.9702868977099,0.43401659464324,0.0461752255132893,0.0893538077129088
8.94852186248227,8.8880035394659,1.52190562483807,0.396009854740825,0.347188521828665
10.7466897695001,11.7891630027127,0.947568777186616,0.218898275666861,0.28320135958741
10.6991844546473,6.47866653666607,2.03753874772582,0.709210568065365,0.183956630914621
10.4621945307009,9.09940899708546,1.34654485383118,0.357737818408309,0.175894856320949
10.0694532940093,6.69307857041906,2.02105613821182,0.673744244692881,0.228515840311763
11.3684893749879,12.4606031140268,0.85531224010132,0.181978485045217,0.0892138416874768
11.4027701194641,7.79971201998823,1.49270623207333,0.506529119500482,0.347421906221532
8.33453545464737,12.3781884762802,1.05097774215242,0.191339446055079,0.195361916627409
8.95165075166902,16.4105939913394,0.697293834309812,0.10713337558664,0.170160298387868
11.3752754005242,12.7483519328974,0.826096218758577,0.178014380111938,0.163256949820724
9.46286562080285,9.01111255298696,1.45804712458428,0.367301115095701,0.188742241575844
8.07745990286126,35.6318145317936,0.233702537256106,0.020758942998352,0.0783625056420785
11.6569806842318,7.04081692882163,1.64302329250834,0.635303121652151,0.435523385450838
6.20775198807273,74.8181074318225,0.0684824029905554,0.00471376781830297,0
11.6102511486994,6.13565599097969,2.05267209806881,0.782937158425857,0.181072284893319
10.870199809069,9.51656166707311,1.21965399284522,0.342317774185322,0.339362955998774
5.93369629066398,86.4317779782388,0.052664844776383,0.0036630458281383,0
11.1075929779709,6.87071762990592,1.75140959674944,0.683529012143222,0.49424858501362
8.38687021452877,61.1233837275952,0.0902042290967103,0.00709568590858018,0
11.2065577804677,8.23005463982386,1.41852268538801,0.45690475041706,0.350175649913313
11.210866041238,8.24104605910723,1.41589765624447,0.455562121783832,0.349397317200664
11.6463558277077,7.46216116210556,1.53647102426987,0.564224108996187,0.420927433971109
5.95613882346095,75.6060181270597,0.0677422138423487,0.00458958645975291,0
11.366741554062,7.60560580228236,1.54111728596586,0.534358968142852,0.357734264300647
9.4170459390992,6.61021887193708,2.08110009629259,0.744551273213913,0.492644550724934
9.55709471597141,7.02331314713085,1.93858936682724,0.633890417667812,0.352387806890968
9.90417937190373,7.63534392402349,1.73953889226003,0.514289670875897,0.200452103179628
11.1610569948071,12.1453499789483,0.891517427143418,0.197066543975243,0.165635008461117
11.4377440036656,8.18305284346012,1.40744901036619,0.458023651349722,0.330829316711621
9.86852445931061,17.8920504869317,0.585071867715816,0.0898211935028205,0.162705480595736
7.45065220220977,47.2651594019957,0.146257946474453,0.0111712459074424,0
9.78619635702778,18.3331698311236,0.566302098304425,0.0826962821313422,0.0882117548896046
11.2026909670524,8.5606119988076,1.35421085030333,0.421106456673668,0.339270550782501
11.3162410655947,5.94668133138257,2.04177778408012,0.908914035308908,0.512959812656407
10.766528225361,7.81329405927371,1.59695678346104,0.485746876730517,0.178097677283844
11.8757485609114,8.54461019759934,1.30132136534368,0.411401059037788,0.281305900754175
10.5678714731283,7.33533728654852,1.7535753643182,0.552882951242831,0.180731914557639
10.4123649429324,6.89233291149369,1.91707631770456,0.628153279390617,0.187576680229209
9.10663807628027,27.9649863093894,0.321465228775752,0.0344415140049958,0.0818965529262129
11.7058943968552,6.83831894258919,1.69446141436047,0.672979046626768,0.438889307790775
11.5904313430268,12.7227513087869,0.820383907676437,0.173837684171179,0.0883373095456874
11.466942341143,7.41074125594778,1.56687092397414,0.57661666524484,0.439186949069853
11.7348657445101,6.81316112893678,1.69863685968565,0.677249169303038,0.437277363724936
8.66602725426584,11.4108490104317,1.14156030895231,0.226452719987997,0.189659656096389
7.53363813164076,47.127292935114,0.146513037276331,0.0112603840118197,0
5.30979278832084,90.7178736059833,0.0489776167446839,0.00330601671252391,0
9.07591074395828,31.1194732368473,0.267742929628347,0.0263625611738415,0
11.4949056857858,7.97265000597865,1.43597679437196,0.495590068709589,0.416793506472224
8.9794971214459,11.8338744835418,1.06739684653015,0.209984137077561,0.177303013206653
11.7962471343106,14.7809709757931,0.66396545154748,0.130857933710722,0.156837215320606
11.5048989298602,7.12670005636393,1.7041692782428,0.579369115170438,0.176907026542037
11.2474014188154,10.524716386399,1.06253974342229,0.263641105592437,0.168565682509683
9.62433898401454,9.92336137024451,1.27829192036942,0.301230165348758,0.17797117215654
10.1294598008731,15.4510000469817,0.698991603173198,0.117871482169576,0.0897399325150927
11.0940177090789,7.12154508852031,1.68159095046703,0.635592911599174,0.485825292503727
11.8053345978496,10.7420921104724,0.989652980689119,0.258506379795383,0.256373130030502
11.4882484501592,7.90400063708923,1.45122725414965,0.504637968852524,0.419758528016479
11.3090802577019,8.2755135466262,1.40017089749281,0.449830696737416,0.339216697749629
10.6096066648432,12.9911670991466,0.848820435829427,0.172719270421921,0.16699698618526
8.03350957400755,48.656032988611,0.136033317946923,0.0107388852573121,0
12.3353338735328,5.7462209658069,2.1274717785932,0.88308100865532,0.17971113569349
9.9425129799741,8.25749196517105,1.5762171290159,0.436967323428154,0.180653249880256
10.299131019689,7.85533508112932,1.63818543866319,0.482469884393558,0.180215452139999
9.23611544033474,8.16260991742427,1.65414167449061,0.468781359845985,0.340666748747744
6.0407293960496,36.7753747018717,0.240338005154365,0.0180261459616437,0.0840018188885314
11.1312119289691,10.5884296520476,1.05395051024274,0.270581445842742,0.282609722627669
7.65892091811469,70.5105434111526,0.0719920908862883,0.00542666123557208,0
8.84278220530421,8.80659513675432,1.54982707132954,0.405303745448128,0.363950125613085
9.45267399679803,28.2147134761153,0.305334302395753,0.0323594092158993,0
9.96734657735727,14.1584882366566,0.79568720908528,0.13678784556477,0
11.1324576637969,12.4792638958993,0.867156578979749,0.181912257557012,0.0898323399807592
11.1685643356609,7.04410737794336,1.69473063822119,0.647905663816827,0.481441100028111
0.226723158172115,145.037681241302,0.0140347537983682,0.000852814278479263,0.0429421741110356
9.40488201532321,9.00869072262991,1.46347570718636,0.368114910582035,0.194955107599081
11.0799413437357,6.77223733817914,1.78418223578777,0.704802191637333,0.50094753082565
7.87065433533867,85.7471049222033,0.0488197813153592,0.00387883277350527,0
11.8128599955598,6.73881453991085,1.71202265465794,0.690353789077575,0.43324122134129
9.66539123248551,7.87008639624833,1.6993081242207,0.485927257522414,0.214105751033516
9.70642181932999,7.5074985343509,1.79471351569915,0.535747900206568,0.225701352167686
11.3396625655015,12.3509779065626,0.862144237125294,0.189990246456381,0.164236603721561
11.9465799227886,10.3257434243845,1.0291258864808,0.279312322920759,0.256568742852073
9.33632536181641,18.0333459774793,0.599063535436294,0.0883462104931301,0.165539149198962
6.37672114110215,87.6025092772974,0.0503665079385835,0.00362892278333873,0
11.1466590221999,6.8014814587773,1.76754746995982,0.696650371384295,0.493133876812406
10.922170560722,6.95232266502505,1.74896937714727,0.672560897406233,0.509776834584734
11.1711166175843,8.13895819717325,1.44055111782527,0.468243799221222,0.35663529921226
11.4399249774917,7.42344950482943,1.56647594198249,0.575247438820228,0.441235301196528
10.1525033140785,6.54263446470379,2.06823125567139,0.704690499636028,0.228384877713582
11.7926079586586,12.7010113532664,0.804094650924559,0.184284468357207,0.249597295625557
11.527392472177,5.8224386246383,2.06437571144521,0.940321583802312,0.498521620747401
7.38959125393701,42.3463346364814,0.175978162320436,0.0137450484172752,0
11.0391884793964,10.4883868897768,1.08246975347703,0.266231265783644,0.169736015305025
11.8941214165162,7.04442929642898,1.61768005468343,0.628408622071962,0.41434178679944
8.67473109053662,19.9542387504577,0.538232312392669,0.0688162605585342,0.0899978896655543
11.4064234871314,11.5358602775318,0.930786255331669,0.225168708348048,0.257396034006963
11.0910122655949,8.98637363802899,1.28743025783277,0.382360683892364,0.335532001757916
7.32106368468886,36.7561383617196,0.230276947743295,0.0191269031399244,0.0799618234877543
10.1623770700633,10.2746924846419,1.17955167003276,0.280020333570372,0.174630909555615
8.20844408884138,28.7400239452729,0.32380312577075,0.0321316372934052,0.0841614245844008
10.7915648338382,11.6622889386832,0.957456906532814,0.223588063682895,0.282635053377133
9.53541369103281,14.9955375417445,0.756781249635086,0.129269556564896,0.169301237100754
9.99502699964616,6.99246728772064,1.92473260959898,0.616392025606758,0.220850120546965
10.9452642258609,12.576252910892,0.865226895573988,0.183964107556801,0.16597134691486
10.7654006664005,8.78285356717238,1.37851811547065,0.383230925988612,0.17522422256013
11.2744070605755,10.4348242367121,1.06293443114189,0.277421466324991,0.27442747146851
11.1561498845734,9.23647508016475,1.2406991096029,0.360105344770457,0.321473583254336
9.44089977820539,13.055323542099,0.91222628248738,0.17189834723282,0.172970283776325
11.4551785966747,6.12489521977154,1.94098772419632,0.877080108485553,0.581090308047353
10.4676243767337,14.2147886172421,0.762849937521815,0.143772176604319,0.165565973195488
10.9721674936411,7.24461599314416,1.6618518532195,0.616898620715348,0.49335722507889
10.8819423222525,9.6112214103358,1.20432701455083,0.335130671903857,0.335249875642754
7.67927295012245,39.8735840952853,0.19206839290134,0.0155864232031033,0
9.79124849575133,6.6213481730566,2.04933585683561,0.710309652827028,0.345001616606721
11.0200804014308,6.78567953335089,1.78713295428008,0.703753365354911,0.506434949019651
1.06602534238485,81.5898122652356,0.0269305009430381,0.00149091415676492,0
10.4972392676277,8.80575761267686,1.39948677925948,0.382243416851624,0.176470026825696
11.4082924298099,8.2544462831556,1.3956388915591,0.450391115653253,0.331006179750234
10.9387318510997,9.39541183832381,1.23294059746326,0.350617910684123,0.336677511439821
9.8572558723359,17.7933010634486,0.587470955721295,0.087986180181806,0.0884741522090139
10.1615119541688,12.590157437712,0.910882983528407,0.184795146196016,0.170115885571005
11.5286509809277,6.78391129452379,1.81206496968426,0.639871440509048,0.17823380729613
9.76878137513708,13.4920913663014,0.855465917066716,0.160617506746064,0.170573722563672
11.018153980172,11.5955686060961,0.94986791016535,0.224233073380773,0.263917989416912
11.7455607322308,7.18779624296513,1.59499245203213,0.606748838102802,0.42206497286961
11.1538576137083,11.8160919239968,0.919318221510186,0.215236108265213,0.25892502878348
11.4790019283241,5.85974469184913,2.03873414990478,0.95810607256882,0.590293575649671
11.8238636052326,6.21472850508405,1.98835947587678,0.760329573022534,0.179540154336702
11.3703623285246,6.35596515617416,1.88416299184773,0.792223950925254,0.489684078883182
11.1401062152598,6.31706016606127,1.92599881875288,0.810008271835662,0.513864867543007
8.2769033612605,14.5713432633856,0.85224228790347,0.135882035287533,0.176269144836589
10.5280152134646,9.8290292186097,1.21654831944348,0.305619599619063,0.173811622168971
9.66518009109243,21.6588268124189,0.451814063337899,0.0585180246737868,0.0857122213406963
11.9591051556958,6.12313080907689,1.89607316428373,0.834042681307047,0.445861231950826
8.97904436791976,20.2265687534808,0.518736020846567,0.0671422354111122,0.0889399209846769
8.90518259359003,17.3168804158205,0.650585188097299,0.0958448039041002,0.169035532708921
10.404196957251,6.85709447396206,1.92979619665768,0.635029890281691,0.190012043996868
9.60184457072617,13.8739301569031,0.834216229231194,0.151708592598375,0.17079281849677
9.68240534899389,26.8549432941604,0.330440309934658,0.0375800083998495,0.0809737489834557
9.65920096561437,8.68110572344028,1.50895423520984,0.395261063144043,0.181580690764628
10.7862095349815,10.1369626711914,1.13669696992317,0.300870830886462,0.32808659108495
9.83603645184559,18.5232518730585,0.55659191307009,0.0809469852081296,0.087909078421781
11.1856845969377,6.7412607899526,1.78128878340186,0.708230598207646,0.491694694875529
8.63598007274648,28.3697594244521,0.322838865545218,0.0332471584885063,0.0830961527075905
11.3118874101926,8.20776861360371,1.41360015815806,0.45750926907758,0.341291684688852
9.33503830859834,17.562864874186,0.617818749518824,0.0902823791753714,0.0901107011360989
9.7122670082129,8.48531341233488,1.54692810581482,0.41418084651029,0.184056535480054
11.3175421184722,12.1079858011737,0.881560886658729,0.204386378692774,0.256328620594583
11.6853988541742,6.92039882798967,1.67330021871698,0.65733306744103,0.437562245725789
11.3380891386588,6.26304110858999,1.92047999440546,0.817411521247661,0.496768305088725
11.2288740334575,10.5057697699615,1.06626411896553,0.264683511755861,0.16870127468006
10.2772794171046,8.62168863017051,1.45933988396884,0.399686534643152,0.178045945292803
11.369599916023,7.78890537600487,1.4982600487535,0.508669699559557,0.350807374631789
11.4194061919713,5.97212320577996,2.01844954505082,0.897203059769929,0.501857055096377
8.45182973247289,11.8448872902554,1.10373388593929,0.210055190634214,0.199917070332206
9.98779987443545,6.34570762655155,2.13099985087914,0.77045306028959,0.337999322359085
11.537206343116,7.22305665499792,1.6071137318258,0.605954370735105,0.439600010952813
9.37431132304254,7.99104122814613,1.68185285909151,0.487723890051799,0.331469125282636
11.4005652341417,11.681383736034,0.916725931118572,0.219541916644121,0.256953863530186
10.5482328605902,15.3577741620616,0.685829215701965,0.119116405687246,0.0886722759402259
11.014454182599,11.4575717512303,0.964239938826532,0.230049845676426,0.268129129015516
10.8357036882898,7.34638923965601,1.71815991322747,0.549774088887428,0.179394260291147
10.8436306912084,10.0810535057462,1.13996273781012,0.303666233857492,0.324312753740696
9.28316129602913,7.13497893765128,1.93541666660428,0.619342036229123,0.379461680178359
11.0343574743173,6.53168601893513,1.96969468241314,0.695356395477369,0.181879368534614
11.2113686648325,6.94940081354869,1.7167318635855,0.664871890109859,0.480924742049044
8.48267346309575,21.6229699110044,0.485434513585283,0.0580712120439379,0.0892158540518225
8.06082212226542,16.2841693405836,0.744778883621736,0.107607215765369,0.174854836276277
6.73867714906644,83.8734110787325,0.0539872853939389,0.0039412665044567,0
8.93795614518795,9.2316656086696,1.4547093308597,0.365649981475255,0.335148492895827
9.90283861589088,6.6011338955743,2.04357513800766,0.712254719967803,0.334135635102442
10.0725707962203,6.72917982612764,2.00768016985009,0.666198241678573,0.226417684321834
11.1078321312092,6.47784604308871,1.87484105111481,0.770695763146617,0.510254399371008
7.87096146972526,18.305013916998,0.642251833894661,0.084146360834748,0.172965198294355
11.0309281694137,7.36649873127282,1.62358128222493,0.594664429552648,0.482855596300136
11.7525504300648,7.31693949869845,1.56152122811649,0.584833255578027,0.416690677773068
11.5986473680919,8.14455581132704,1.40117573520993,0.459506694917809,0.318025899291715
10.7978696616693,10.1256498499904,1.13734957308899,0.301432392438778,0.327315060235664
5.59850037001961,125.259021301327,0.0236190078407661,0.00197596848213046,0
11.3608814473809,6.34877527169639,1.88777637017092,0.794365212716472,0.490899878184607
11.2384156875846,11.485703524387,0.946841514819305,0.22769541237725,0.259217986585995
10.7942823395837,16.2575865541418,0.626040922093024,0.108861174645763,0.160074100385032
8.99086124319175,9.04438568422035,1.4857154822998,0.381107340680382,0.335329244380917
11.5217653747886,9.37794692144423,1.19030890283506,0.343713051621096,0.284664625087088
8.59467330966197,11.0315801708999,1.19693853634791,0.244240729006018,0.211804113362871
10.2793829744687,6.8164121569384,1.95593623727879,0.645040098292082,0.203069049540687
8.05374951526734,31.8937538210453,0.278222546927155,0.0259180579461778,0.0818876121866671
10.7243896163264,26.3137383501805,0.3202034010924,0.0392267496363412,0.0778783639243402
3.95423071163052,155.113594802036,0.0156789513904401,0.00137443726906322,0.0447145756006991
10.9903601446532,8.93391310837858,1.30490852855975,0.388653214853846,0.346699149374882
9.307066644033,8.47333067854732,1.5860128595587,0.420275562770265,0.226616388725242
11.231974947,10.4691316748258,1.06159631907857,0.275980649734771,0.277148327993038
11.7482332298124,7.28382764199191,1.57023746650628,0.590404161322643,0.418286912164281
11.5810457522727,7.2529430626138,1.59492088071354,0.59974592183476,0.434476529962716
9.52669418005394,8.26970019370589,1.61290723790888,0.439598526809467,0.211576644006273
10.9779652477856,9.25710375385152,1.25177913357979,0.361067073801501,0.337382355284836
8.94754271052278,40.3177505301707,0.17829874177884,0.0156848192065434,0
9.27892628206828,8.98205122709935,1.47987288209708,0.371832570680132,0.209573504858429
11.6391922765387,5.75102720600106,2.07944203343242,0.959661616680505,0.491465468197711
10.5356282718541,16.3368028059004,0.631826488049184,0.104822676209464,0.0878221701483219
8.75373679730183,20.9088828802682,0.501435829056526,0.0625137676297916,0.0890197720358787
11.5502165687568,7.62534257748869,1.50740366947073,0.541887813204045,0.423813045672931
11.6163355505978,9.81946953319154,1.11954674607276,0.310946307548984,0.263298929042152
11.1329592594101,11.1378405721857,0.990654704992425,0.243106079788312,0.266638525336938
8.54929511099396,22.4526270387702,0.458108673293105,0.053764245430604,0.0883658381020838
12.0093012437321,5.94852701598747,1.95473335439047,0.882688635336694,0.449235003499012
9.0318936005634,11.5021607434263,1.10324495207067,0.222632186781416,0.17765497690863
9.722137450574,35.6442417855047,0.215017027176076,0.021341250126105,0.0829158964744989
7.92866140407802,16.0130038084208,0.767799609054644,0.111089280455242,0.175866669061632
8.6557115445991,14.4568660486362,0.840891772003426,0.13879178305309,0.174629237703791
11.7218565211976,9.41738974923973,1.16959283226692,0.337976189775585,0.266597494117011
10.5625657631577,18.7762677621537,0.524122838791039,0.0811252121173321,0.157022015695342
11.2930284940212,6.67264769445158,1.78997904029764,0.71988040606232,0.483994834090859
11.8166014903292,14.6763042595747,0.669228763117786,0.132738405687962,0.156919173334907
9.82902544491426,6.43132995192612,2.11669709335104,0.75336055339496,0.350429871102455
10.4251840827801,7.62307170897106,1.6867885364803,0.512168373533627,0.180389665336904
9.41866408184249,9.32352466603433,1.40202922446524,0.342073965924777,0.181556929313998
10.2467194586526,6.54352220581977,2.05808838276317,0.70275923253149,0.21970764026626
11.4160912903817,12.381633373611,0.851697770962711,0.195090386521513,0.254475466595788
10.1575319790743,12.2827210861513,0.940471133668075,0.194404740111311,0.170698687904827
10.9695540924909,11.7258172298293,0.939851686066799,0.219402092744491,0.264616689999907
11.4261174057716,12.5537001285789,0.839631842575616,0.183576588205089,0.163359111231101
11.2204661210965,7.36514726744377,1.61511411489942,0.574332892443242,0.380225902533009
11.6036730032775,10.3509924130163,1.05017281533244,0.279473638143913,0.259740393770228
10.6135034582599,18.507600100826,0.532687866745146,0.0835352799542876,0.157180545652391
11.5749234083087,8.30103803063045,1.3719870256118,0.44216379182944,0.314760211316407
10.8365048057653,6.08245372682092,2.18571107258351,0.805643957280422,0.194450760567666
4.75471256956812,40.4879576477342,0.197277873205746,0.0126491056276097,0
7.41108596129407,28.1362861528897,0.347543418474163,0.0328399604700531,0.0871063117858819
8.64989966187857,10.4134606510285,1.28218254725324,0.276237950053367,0.227841866718761
7.83143496721581,47.1872910748898,0.144452705926702,0.0113253919679034,0
11.2786818634641,6.87855058040561,1.72965427862607,0.677002827005781,0.477165819835061
11.1713020702472,13.9748437299481,0.746169551389605,0.144003915084941,0.0882413361224553
10.0953852570819,26.4341751705665,0.325247472495491,0.0371706087618619,0
11.4057024872285,7.72229847521661,1.51005959867748,0.517004780784676,0.349947370590797
11.0476156064684,8.80875129664038,1.32209965530163,0.399314810603392,0.345422985827327
11.1103983077733,8.37912113446619,1.3972706252066,0.441936605318225,0.353996670901392
10.9648884148532,16.569613420551,0.603660785903772,0.104539696287128,0.158491357439746
9.37457994700055,7.68407581637361,1.76226702563465,0.529259084713945,0.344367128443978
4.0487818403635,170.267653642291,0.0105172922366449,0.00117185678821499,0.0235978997398397
9.58944708900045,34.9136007723695,0.223716525249599,0.0222245095321819,0.0843697646945586
10.0321557869406,19.6967218585823,0.504909371485755,0.0712657536897396,0.0863149606323938
10.4653955688613,18.6969677554191,0.530425892739946,0.0818754249727308,0.157758048974639
11.0834565833907,12.143634670235,0.896390968580204,0.197308430462082,0.166063908032737
11.5562554368576,7.09912883650758,1.70673150992258,0.583479305013476,0.176769325291375
10.9870469103978,6.81669691518744,1.78161635681756,0.698221174706124,0.508540795058246
10.6994639392522,7.14616626259395,1.79636346527676,0.582085350478838,0.18082378158402
6.82614982112386,49.9827570497647,0.136087724285938,0.00985380126189491,0
10.1388352295641,8.43512333440412,1.51430848437518,0.418162002500553,0.179224963744798
9.6803631019678,37.4074239741678,0.199787525897936,0.0193803998810787,0.0810181423617164
10.06409795426,7.48926210835356,1.76523914958454,0.533129297092588,0.191428639325481
8.9488429368924,39.6885287495144,0.182924957808079,0.0161768936320985,0
10.527169003663,6.68871555963217,1.97663934140763,0.666613427646172,0.18766936778623
9.01129082332586,46.0590064291368,0.142674479981197,0.0121354656798925,0
11.8648642219396,7.23785952825288,1.57028382925804,0.595222458375066,0.409714815559193
11.0049780575338,12.0297519101766,0.908183584937528,0.207943548805758,0.259657074402434
10.8060305677125,6.30915882966629,2.09361743318371,0.747352927013244,0.184273068685743
9.55205275295112,33.0275704100455,0.244342150107086,0.0248400693773711,0.086730026782059
9.39594421204093,34.6822568079481,0.222137715471988,0.0212669784534963,0
5.74537855099595,21.9579448776491,0.531051448435,0.0491061697062802,0.0844593022421365
9.98734082111374,7.47888778794722,1.77549805571163,0.535804834372224,0.199209146786522
9.97919025650016,11.4104327468372,1.04584730913317,0.226293557325764,0.173244090608976
10.1442547145715,6.72259522979,2.00260618142653,0.666259810204076,0.220035865746359
9.43512179719566,21.8469945741396,0.452552778168445,0.0574206041630604,0.0862564659737154
11.3355744814348,7.06544265040465,1.67048350818735,0.639362282796962,0.464448780225735
11.6265810616016,7.223677582129,1.5977933771864,0.603581745434449,0.431416144260932
11.2199610444118,9.14035802930749,1.25118209972638,0.36710820737008,0.318725205601265
7.48134907192308,42.2047571530284,0.176337016327199,0.0138757628792835,0
11.3976489592454,6.14584689502176,1.95540346753415,0.847266823880105,0.49616480875754
9.58579123626342,18.4205145653203,0.569580994625675,0.0818492978138701,0.0887020479087269
10.2673478806595,7.73614282212516,1.67358774853607,0.497696663648968,0.180751993088143
11.8480244347611,6.17215547054409,1.89153061888931,0.824390089435024,0.453510751198795
9.83035055520776,15.9027404291639,0.685500230639803,0.111090173978385,0.090159444596378
10.526520085684,16.3962026440877,0.629948420584195,0.107184427869465,0.161400246779889
7.78709831141786,19.1304352047124,0.599352929236731,0.0733637654242549,0.0821206341564431
11.7932179220702,7.1590046981241,1.59765146654075,0.610543662738627,0.418909196910258
11.3608807888802,8.23236351462013,1.40425569874198,0.4537740082208,0.33601390011758
9.23010765318,16.716365425663,0.668250835211294,0.103276133076406,0.168207507790885
11.052128552537,7.1644248667361,1.67454325887731,0.628957743918336,0.488357578148052
10.7810075975064,9.35978156848446,1.25151595322682,0.355745927504613,0.353002195589975
9.76687046173867,42.9643499381021,0.154260738539754,0.0139988660018413,0
11.1462739553073,6.8512916713967,1.75271338763625,0.68636089142733,0.491187658951663
11.1393490163786,13.0272334747351,0.816180396965623,0.17080002161188,0.16401745553953
10.9230973298375,7.12272517410737,1.77604164602084,0.584609587509929,0.179821160023666
10.0490064612421,14.0321869079968,0.797756205072525,0.148022693556615,0.168159635673546
11.5855900959224,8.20191855190463,1.39071743485125,0.453114982445667,0.317197372655245
10.8420465776046,16.7369481233548,0.600518019362988,0.102519532593251,0.1589339827779
9.92487225094609,9.8077799739509,1.27125671474731,0.30825352844027,0.176806168736639
12.1751879918497,5.70053278784214,2.17504820806501,0.900202968732605,0.180863708330778
11.5230638642515,7.3677226165335,1.571840416594,0.582165254143965,0.435567862825375
10.776063481616,11.9481140157665,0.93013006089741,0.212476963935036,0.275986062616071
10.7041191812151,14.0025823002338,0.765754287259529,0.147986266174579,0.164640707558176
10.9366053322308,9.65985448239657,1.19274819303113,0.330851785220606,0.32853602850567
10.4738086621521,29.457564292956,0.275623127477229,0.0313908438338541,0.0868609158193003
8.55812562517295,12.334581743936,1.04045967930835,0.192164035447886,0.178423780313701
8.0232233861981,37.4067042531065,0.210079039921042,0.0178395960371002,0
9.98987007914018,29.5161308570053,0.281928472999294,0.0310298895611287,0.0773482191199663
11.2638462707602,6.01784827382245,2.0207097339771,0.889208407325266,0.514836126374062
10.2809747705536,19.0332771295356,0.521388061207995,0.0764820468153089,0.0861588469314075
10.3838292346806,8.65488391639937,1.44139977779584,0.396260390153019,0.17742677718487
9.97000223096076,9.55971347731941,1.30865315473929,0.324679501724314,0.17714237313864
9.45614446207741,14.2566809156534,0.81274099116289,0.143450928296429,0.170898630425755
8.65492663658962,27.8272906430862,0.332020300735791,0.0345981044521057,0.0835133050383093
11.6685228305916,13.9776425882504,0.719805027159517,0.146936175683472,0.159162769884594
8.09983065844751,15.3030542785805,0.807421876086996,0.12243318032445,0.176052078048293
8.68695304510463,10.3197919539129,1.2914192136026,0.291076946082045,0.326223463307537
12.0889276489727,6.02906040152746,2.03088685408709,0.804766487853984,0.179226026974124
9.54112679219112,7.35411269657958,1.83747756526147,0.576513930455466,0.339432920104744
10.8546551018218,16.7159569603195,0.600074757808925,0.0997600099610446,0.0865476605321918
10.2137355476142,8.40253857415436,1.51387735044023,0.421262741868594,0.17896029469193
10.2389997391384,6.37257984959153,2.1256250161551,0.742534108206732,0.229382607360683
11.388495050036,5.72667494512814,2.12276811028546,0.978052211653003,0.516262298123706
10.8617585168426,10.5477263263253,1.07784090280359,0.275843993381341,0.308498842323642
9.91748672067869,13.7300273694614,0.827870222894326,0.154879625979532,0.169375386106007
9.91384217260243,29.8734999204442,0.278087595290619,0.0302726170406194,0.0772751938188751
10.954056822365,9.53138862025862,1.21067855762431,0.340015439407662,0.330921116874475
11.1568201226171,7.17485444239245,1.73146726095926,0.57442466027248,0.178470929777602
11.2918573499289,6.56455891006128,1.82428039897725,0.744283335632707,0.48852414121039
8.75207783619032,17.9890565640574,0.61875268687754,0.0850619773138616,0.0807273843295766
9.35162720943437,15.8278587384645,0.709505413179683,0.108062043335547,0
10.3328115806898,24.8290056735717,0.356722614989953,0.0441970199262308,0.080672098964281
10.9576041590146,9.96235455038318,1.14770643496737,0.309852058814584,0.317202668246606
8.8924693722312,19.0569686688829,0.566768503739065,0.0759317502155401,0.0901059865824997
9.98460327386885,12.6035469669101,0.920579955594364,0.184586055731912,0.171004637177573
11.2419854982761,7.23774452750892,1.70200645182962,0.563707690224188,0.177794014387008
7.45335393731656,57.6410206701485,0.104204447413437,0.00773944179317234,0
5.93084112602009,82.348393779165,0.0577985738774791,0.00397098997783229,0
11.4603784577254,7.76695444384579,1.49474748181107,0.509763356251544,0.34343517725511
10.7939536507407,9.95611225737747,1.16106816677376,0.312376738381883,0.33291477103099
9.58394981547093,7.81249384680983,1.72224291440018,0.494587757507289,0.224900422895712
10.8623801161164,17.0065706787018,0.587098400964758,0.0991947365662117,0.158326570972208
11.4139095910651,6.32218365694695,1.8905436710952,0.799396561696362,0.486968051129648
8.94241333836643,7.02787000570107,2.01358651485912,0.646631700793624,0.42718473137835
9.15187101083374,39.1831857801173,0.184896516432861,0.0166378599289471,0
9.14951273946496,24.6896861239322,0.385685397763497,0.0445023350685821,0.0846851665467974
11.5460226803258,7.45124475293566,1.54902853440301,0.56830906334383,0.43042924368229
11.2747724205708,8.46805292220545,1.365507013592,0.42946365661914,0.335789710714549
10.8846521057388,9.66234302132028,1.21292940322831,0.315236350809399,0.172412916464735
11.3464017534342,6.78664218182931,1.74915032724407,0.693865127750038,0.474290631347836
11.7095432234366,14.6409679733852,0.676103887710956,0.13358456523797,0.15763351351532
8.55354670410484,11.9916005173201,1.07919040302769,0.203827739981256,0.182429329972017
11.7280049968459,7.29669098838837,1.56902178138461,0.588769279630645,0.419616344794354
11.1997589536137,6.21619957600367,1.9545342766647,0.83482305646766,0.512315861865577
9.10941370810412,41.2937964693232,0.170115892660862,0.0150057205373236,0
11.03274590135,7.3479971811314,1.62813992552137,0.597692153589562,0.483364652593936
9.44599275215776,8.34808501864498,1.60189750038368,0.431938154600848,0.216764301310753
10.188410742541,6.42470232979935,2.11019975091167,0.731071234067011,0.231232881152418
11.5458766993161,7.10718520512962,1.70548197693498,0.582240547036035,0.17678816699793
12.076627775223,5.95102091529649,2.06800207981311,0.826483911050415,0.179758661994713
11.7043654434922,5.66362686560372,2.10805166310693,0.987218563907504,0.489654369661793
10.8642836903901,14.3089185480172,0.736531759931234,0.1413543164972,0.163169355530601
9.50324096429906,17.0974213275017,0.634356050034376,0.0955307851700124,0.0900414699639825
11.2404756265781,8.16555798842139,1.42869146666401,0.463772971988261,0.349283720728365
10.0284066331502,7.66452003374016,1.71993122003544,0.508445775446325,0.187255455950188
10.4085559309697,18.7182719729337,0.53153348110067,0.0817081232933558,0.15806662691028
10.8162704772876,15.054881688193,0.692138379345695,0.123890017611549,0.0882044319243473
9.23796361829607,8.28897208764073,1.62378245294044,0.453900312844094,0.335271474071617
11.3961487900355,8.75870822587221,1.30180181436262,0.398388972335833,0.315249075856578
10.0998757085752,7.21532699009442,1.84311920503558,0.575744887584041,0.200513088828887
9.71093471299533,9.87139558847204,1.27948807379927,0.304429057471439,0.177688251718685
11.7511014969675,19.6848590101069,0.453825679994402,0.0706916821771729,0.0809345925720759
9.06793715715044,13.6189404323262,0.885280334857655,0.157441496828467,0.173912177878459
10.7951058048547,7.42869898297639,1.69874158565447,0.537739632687906,0.179287341456633
10.920953717196,9.70514687446761,1.18728572214435,0.327836463874968,0.32860005172069
3.12407050709407,169.875689544025,0.011245909359081,0.00111589287515714,0.0283339198878872
5.71200821543236,97.6770648559768,0.0415801018767906,0.00297115607156538,0
9.33427875187509,19.5084648629285,0.534212569768998,0.0725745812929501,0.0885191526541976
11.5142235681385,8.06625477335469,1.42473595551589,0.470397897551199,0.328096275927391
0.404385605766122,116.827675030804,0.017931900746536,0.00104706788100614,0
10.6884782549428,7.34519107605204,1.7358106789224,0.55074292078612,0.180103984998332
9.43958903051274,6.58233202287232,2.1078628759084,0.727586238742329,0.386674734323462
11.4202250416158,9.97369399613974,1.11236568876759,0.303320664117754,0.275356575838314
9.3088354542056,9.54432334518784,1.37115918852798,0.326474043703886,0.184968097328366
9.06769180171072,6.9322825372444,2.02985306882921,0.66226676675743,0.415514980926151
3.09061493044229,45.9678923704767,0.146934541220675,0.00795039460730001,0
10.5971111957671,15.4850417117437,0.676193984563619,0.117069396273776,0.0884206123663496
9.57696447720169,29.9375348019876,0.276974554023516,0.0286935010429823,0
10.5905760590543,10.4393637961539,1.12262151243889,0.270147113105888,0.172130273603725
9.257554983891,6.67936844934545,2.07817270579823,0.733435035519509,0.509860276264616
10.5491153926134,13.7746081874842,0.790318851032712,0.153260145462489,0.165903921742615
10.9365914798651,11.5994954951899,0.954604159926545,0.224824450907267,0.271133437661556
11.6161740888293,10.9197733406958,0.98226658562652,0.25082260905724,0.257540411084114
10.4353681784371,18.1825272329243,0.551847410648298,0.0867192878615824,0.15883170292333
10.8531136131849,12.2518708620326,0.896885017272729,0.20074361934863,0.260474986747947
10.2603768135611,15.5015796574192,0.690493766136179,0.120489053558513,0.164480962439778
10.3369528042993,12.4191015909097,0.92685079638894,0.179705369735371,0
10.9437334521632,7.21299064634581,1.67349299983676,0.62321215380434,0.497456756015645
9.47837663323372,8.22428798402182,1.62821467191636,0.445352533353152,0.218481034622387
8.51025463174508,12.0644851691494,1.07387441348963,0.201403812890478,0.185043275239597
11.3764819237944,8.47689592143949,1.35506488613798,0.42676356443745,0.326319234655003
10.37593772955,18.9926939612095,0.52222537082152,0.0793126446184163,0.157789553238318
9.61600512254304,16.7419365108489,0.650371789538941,0.103021062340513,0.166037390224252
10.1831083827618,18.0007274618169,0.568673658632503,0.0886308176264511,0.160677399958026
9.84776707799966,16.9807262614911,0.626589217820812,0.0969555322752678,0.0891935479145654
10.6350939758368,6.26154128037414,2.12993070927565,0.762387490740163,0.200893265680905
10.2685462589279,8.21841225408601,1.55085165133849,0.440436046373154,0.179236809506942
10.0456213968436,10.605812556863,1.14228957508603,0.262663242304778,0.17450989652081
8.96521768813034,14.2482988998544,0.839999134826057,0.143387340954491,0.173408030657552
10.2995591689642,21.5578249027593,0.437524951356667,0.0591132125973744,0.0838223865386505
9.10459618012558,10.9238835013918,1.17242210048852,0.247457352073887,0.178382796767626
11.5996901218229,7.64093197383423,1.49903794986465,0.538498873631023,0.41877398273082
4.35324575212994,178.290695917998,0.00748491071622906,0.00108176189376627,0
10.8805946437394,8.53055331141473,1.41853073390075,0.406035087060092,0.175348771287011
10.335894946747,6.70094347880784,1.99100600461972,0.667371195523596,0.203712740048258
10.8335463424276,10.2946192200981,1.12388742557093,0.277217971715405,0.171224039498464
6.35507706579466,58.338658631312,0.106068808891291,0.00730796925074503,0
9.26699042334151,26.4168635221702,0.346761662003015,0.0387635234508291,0.082764906388988
10.1292640296994,18.5144611328784,0.546774196768564,0.0810127720905609,0.0870610947484376
10.9158675780046,10.0064683772342,1.1580625039868,0.293446942418961,0.171439461848443
9.83268739530574,7.13041730704478,1.89622716436789,0.594432885307978,0.230032519788579
9.79214876833556,6.46317240928886,2.10890874968752,0.746660621746137,0.352794234525512
11.6125667987141,5.97335789418016,1.99357086485097,0.889654419102755,0.483652081840996
9.47071660103456,20.0848277883683,0.508583259475691,0.0683693336027906,0.0876403974950611
11.1438742686143,8.14766799786793,1.4412354097879,0.467728263607961,0.35887537001495
9.79854758317402,10.1487312430237,1.22816448318375,0.287661689930504,0.176666790419243
11.0971098659964,10.4274808533054,1.07615599983723,0.279860388833664,0.290400653774568
8.91473960920059,24.3604038411039,0.398606528837597,0.0456426053053853,0.0856966777705055
11.3543348086409,7.61375272537271,1.54036559235803,0.533443938516971,0.358562511133923
9.23425846508936,29.1472601922968,0.299941314825018,0.0316875652477877,0.0803767642760181
11.2955984109882,12.5987362859139,0.84307349803573,0.182541724800554,0.163989826404179
5.85359321398449,104.69970033616,0.0356375625522046,0.0026628973314783,0
10.3785034246347,6.54785894404801,2.04300684746943,0.699404172459637,0.20771369403612
11.6188954422239,7.35222486874362,1.56605116304409,0.582337283990443,0.427385683999505
8.67164236716043,10.2359188341337,1.30811222179474,0.286468230765277,0.231832144597796
9.70607963672951,16.826000062414,0.640158633425394,0.0988089761426161,0.0897157037851688
7.7816685244456,59.8577324614665,0.0962160151528458,0.00728511370309215,0
11.1911780481001,13.61797291631,0.768405239302708,0.155898805443724,0.162611412687169
11.6652319296533,6.66949153101694,1.74886088725553,0.709413531022029,0.449243841799025
11.6841852775907,6.73304095275889,1.72764908119168,0.695270255875883,0.444994477099455
9.50154008469612,17.793434923056,0.603619664809537,0.0908487875655057,0.1649893517423
7.31192008833028,55.3833653049096,0.11230732696151,0.00829197350454909,0
11.0158111843442,12.0279793631812,0.907666354714265,0.20797369126708,0.259558553844774
7.89253859954313,14.3224547966198,0.892850782035402,0.139945490327768,0.18218995271839
10.9302125264683,9.91467502489734,1.15644768910932,0.313346206447131,0.321233934202053
9.05532606478809,9.37252253210881,1.42390482422288,0.341952233064691,0.219444703853979
9.30210656328425,19.1801669182527,0.54800145300871,0.0751675420503932,0.0888728321210844
10.1553486390049,6.53111002339357,2.0723390080164,0.707219548999253,0.228728721200948
8.5076928851058,47.9613718418942,0.136481602753718,0.011142598830812,0
10.8619627429526,9.43862116589061,1.2323993539633,0.348380383540457,0.342631520082554
10.4621187892704,16.7466242055066,0.61395720899765,0.0996245681747636,0.0876638888948245
9.19738047736338,15.4956465921762,0.740861530903901,0.120743143314538,0.170283880477933
10.9497104210661,11.3047005355056,0.98451912720645,0.237339733050486,0.278305795698529
7.41859965810108,84.2879705464542,0.0517503862970585,0.00396477560355428,0
8.88113560890944,27.38118500188,0.335997603405197,0.035869036069163,0.0831770450727357
8.42721953027523,14.1974015599762,0.873740988688467,0.143675644127095,0.176119933313018
11.8882701751186,7.10845615037837,1.60130915067725,0.617028705872612,0.412461049002094
8.64683490930702,25.9465094162113,0.368773122717241,0.0399355026838963,0.0851800074222415
10.0166799484929,24.7323328934023,0.365590376010711,0.0445439025613936,0.0818241726277692
9.69058833737291,7.38526207052149,1.83209521770065,0.554667455609968,0.232770022174157
7.85519306490683,27.4648657156606,0.353010028364531,0.0349633806042519,0.086338233065755
9.66805375913387,6.90213173414277,1.96561474002525,0.654676105577098,0.345386216551626
11.3178214707701,6.46664827658498,1.85317140385696,0.766572242738403,0.490081829732395
11.3188482374489,6.69463990751159,1.78020263998109,0.714289449818781,0.480620165210618
8.70783146652603,11.5440038944323,1.12179865929901,0.220513378336873,0.18004965099537
11.3159820482472,6.34810783562865,1.89346196428065,0.79603932492927,0.495259216782703
11.1749810616847,10.2628397013474,1.09158040538125,0.28847536293268,0.288277723156578
9.7523356525653,8.2947574312152,1.58670660493979,0.434012502814404,0.187752509581852
6.63438742018314,97.6067208201625,0.0398416522502288,0.00304767768335797,0
11.4815034177306,7.11094675835392,1.64249899490333,0.627143193073861,0.448958663830385
8.74995983634179,14.5774936031745,0.826701155395564,0.136555145273518,0.173981130625045
8.23642995267342,16.9517172177767,0.698016723164974,0.0993564232283781,0.173043899032013
10.957529590301,13.1241345695426,0.818519149233495,0.168579254828722,0.16485663743564
11.3192029041246,8.46976715748919,1.3613383998557,0.428507205277682,0.331704815585776
9.99434541142541,16.1306328833109,0.665482461833747,0.107839607829981,0.0895186807389524
8.63108631541929,28.3427555476569,0.323381929850066,0.0333090041787878,0.0831355464342524
11.4852191320921,7.61195984572683,1.52833209230819,0.530915373349697,0.346847226284226
9.36523323278982,33.8004645588806,0.238227592939931,0.0236782253662265,0.0866567260774136
7.39310629906158,26.3479982367178,0.384110484773739,0.0375415663300383,0.0885799673522529
10.8963109396651,10.4481890216573,1.09841953522812,0.268798702978319,0.170563988057642
10.0982995857126,21.758070559815,0.437235287178963,0.0580059907971183,0.0842807624626653
8.63252009360962,11.5324753555419,1.12869718991291,0.221496587279533,0.189293599459703
10.686707545663,12.3670515613834,0.899483539619248,0.19090131503461,0.1677595522108
8.70738433037599,45.3320435613258,0.148633530176207,0.0124500850618296,0
11.0709183115803,6.64992556209077,1.82327683582375,0.731768483983594,0.506813201739425
11.5935392552578,8.13262074359895,1.40405341559335,0.460999609399018,0.318877934501145
11.2844180926338,8.79916239934052,1.30388259528444,0.396379532741752,0.323920518524963
11.7028805076758,6.77605023531965,1.7128981323345,0.685756888262509,0.441606740483206
9.71308242938149,6.58553661500895,2.07207201146257,0.720178177075475,0.355254994132597
11.480243142733,11.0437355269512,0.977610312613182,0.245658595371131,0.258400331907428
11.0224024185774,6.80690464740708,1.78041171085261,0.699212719350011,0.505347809034192
10.2533429850223,23.2911019626541,0.393085904221145,0.0504075858248472,0.0823831440502432
9.14824495913082,6.8842362861094,2.03606886780454,0.669962348485478,0.4076277194257
11.6705054696298,6.70900528279033,1.73633105972558,0.700760307355192,0.447185804074245
9.1476455545177,9.1912634496265,1.45019855443599,0.355470564408648,0.215996688525378
11.4957538016422,12.2500168234907,0.862190569127015,0.192798412105885,0.163581250728258
11.5926300346805,7.85878858447139,1.45118944295455,0.508394845607128,0.41182156041545
11.4430942494527,5.92144423981741,2.03535948389018,0.911936743249745,0.50191792921145
10.5161372937077,14.9040681287567,0.715253691762058,0.12677350268258,0.0891722397516063
10.3567330977254,10.2447870677545,1.1682324839327,0.281293132949787,0.173731891507011
8.176928266841,32.7688667768206,0.265177361605324,0.0246073573446467,0.0806772640334023
9.2181473326002,44.264710284035,0.15091600791758,0.013133760202402,0
11.1233976022878,7.83982908870968,1.51015986363488,0.506950906387697,0.371751586605073
9.22527395950789,9.30220636143432,1.42234814085818,0.345722086848506,0.203148166127671
9.92846630585813,7.2138062266985,1.86023437263073,0.578662933877758,0.216739098168957
11.1034004549009,11.3323125518167,0.977319626390373,0.227176274018401,0.16759515492206
9.62964908187685,7.5405176682589,1.79282584395221,0.531979974368514,0.232074779048204
6.10829497571803,88.7554106663652,0.0496397584812272,0.00352350785756742,0
9.53443529322298,28.7961292557746,0.294681319398834,0.0310553008731041,0
11.065246440936,8.69177657975865,1.34175229795374,0.410290626835735,0.347656344048214
11.2659036920124,10.8756646389609,1.01119902436984,0.25429312254731,0.262453991423163
8.18657456382237,34.4093655811197,0.23849958276046,0.0211543464391551,0
11.2664138772765,16.1425790513284,0.612594149341063,0.109967584165344,0.157443587105492
10.8657771824038,15.1953563443783,0.681467405242917,0.121490327431144,0.087934787110278
9.15462562494889,17.3273807527482,0.639780837384746,0.0958688914944261,0.167662750230147
8.78390691457622,11.0058867222907,1.18599758244771,0.244091987325891,0.190319156353187
11.4433490376312,7.4534523777593,1.55878021662095,0.57042400425531,0.43982410510035
9.99925286979686,6.86043575536354,1.96896574232646,0.641227278207143,0.226855869073064
11.1889346870065,7.06993408722748,1.68528441077024,0.642513962888548,0.478440193855805
6.36465807635811,82.4914403024428,0.0566561072431331,0.00401396188892465,0
9.74758788519652,29.8987426854764,0.280405822847474,0.0301997921730674,0.0778524740517218
11.4134952767792,6.03450514146909,1.99513020855079,0.878713237923527,0.499607593964903
11.5793888191745,5.92016557290369,2.01846735463057,0.90717834241219,0.489144337784127
10.9676622704748,6.73192137850957,1.90323663737482,0.654772581950079,0.181266562866167
10.0177483875748,19.9140877661432,0.497710747449239,0.0696688142454399,0.0861684861557614
11.5651488915138,9.60597309335016,1.16611990877505,0.316028641750674,0.169042979188543
10.9361217161904,15.8144855482916,0.643107866269147,0.111799202788455,0.0871517032562827
11.8019128636444,8.80067344202204,1.26204548954819,0.38803282812044,0.279149106977935
8.97682670276208,7.65258169876124,1.81668856498148,0.541276962324885,0.394591312573003
11.0584753279461,8.60049401815654,1.35927052852772,0.419518246071683,0.35135599716867
9.91410971383069,33.1051073306359,0.238525355430755,0.0247702077871411,0.085047112997265
11.2779870212095,12.0373568480762,0.890528999410158,0.206946381216088,0.256963352842521
11.6447291961403,6.22097769569199,1.89824514897993,0.818143130888154,0.469751014402463
10.8272382880663,11.9146184687326,0.930187734450036,0.213303248771386,0.272222269648793
11.6421475712747,12.9214540482962,0.801334825063818,0.168267704078344,0.0879897157336942
6.25299099320173,39.8997242528405,0.200750934019802,0.0146538099154987,0
10.5780610439507,16.3520858804223,0.630050818403461,0.107746591652741,0.16117051168955
8.08226093920963,28.9111863801406,0.322938418171986,0.0316580707291755,0.084411689311451
3.92219783815191,129.64426703334,0.0234421400924002,0.00175294947933266,0
9.21542778164708,19.002484818764,0.558192670746251,0.0765902327182907,0.0892703826910149
8.20652947028746,22.7828410107089,0.457117901761046,0.0518329704149373,0.0890823161758831
11.7544395606299,7.15512364217855,1.60257618070471,0.612208948185022,0.422484770206933
7.09687035682625,55.0066727894121,0.114545424249229,0.00834198772608529,0
10.8701700255175,11.1589449966518,1.01258207413579,0.23509443082891,0.169189971431344
9.07457364770461,17.3571419047938,0.634544329288976,0.0888139502873325,0
9.73178863631146,10.2824308239968,1.21345122348752,0.280137561623282,0.176699788028165
11.8985176840869,16.9837495187554,0.550085459545064,0.0992942734359755,0.172203346236264
9.38331519382718,11.9479941565145,1.02642154603099,0.206179538025463,0.175173301340035
10.7531477867878,19.1585426033614,0.501568041555681,0.0753094608893251,0.0846093667046983
10.8697763464789,9.00998622140563,1.32555607848156,0.363447109174081,0.17410852279705
11.4469432294682,7.57093962076274,1.54173262402337,0.537693479016825,0.351773184800639
10.9659385566028,11.2453520759546,0.989846716983297,0.239845682016148,0.278527399654061
8.76122855563024,14.167609542602,0.857631704745144,0.144848984670525,0.174549992738146
9.57733760620698,43.980761605381,0.14983222691452,0.0133550607974914,0
10.6216873990075,12.2010666499882,0.931953855659003,0.186240818573684,0
5.00083208832758,39.9145996932869,0.202523153201335,0.0133158893644636,0
11.024298071297,9.87983196477799,1.16819627188102,0.30074103917603,0.171190212135355
11.4806448564886,6.18284050148199,1.93166889752411,0.83410334582875,0.486656322438186
10.8892603161699,6.55672883567704,1.97986584889708,0.691089314830603,0.182473189970126
5.71268164879291,124.701344367086,0.0237189277443698,0.00199615362803712,0
9.32173277468758,34.0447689402291,0.22964816214561,0.0220538659344648,0
8.43063049168309,51.234431009528,0.122455450477347,0.0098268837450325,0
9.45058224845323,11.9538207325254,1.02137498700187,0.205983285637076,0.17485007564034
11.2751819302569,10.0938018442581,1.10657913927804,0.297519742389062,0.284413545538249
9.73499479814708,7.5915442346346,1.7680051564626,0.522999503966639,0.219108436075638
11.4266278674754,15.1346204302518,0.659669035804174,0.125262777237821,0.158367554081647
11.6243099652026,7.96621961618813,1.42536822585488,0.493718596061741,0.405296682100144
9.92816898841406,7.96636794420618,1.65031588316104,0.470172920241836,0.184102770670183
9.82520685592028,7.12129676132561,1.89991910705337,0.596144905327455,0.231202278877288
11.0683761073504,6.73019060618629,1.79845638373052,0.714165288574138,0.503805656819811
8.99418885523639,8.29969134864739,1.64737105350691,0.45658530643479,0.365046076263526
6.1583337623063,49.3392521104768,0.141686363326743,0.00979924342388136,0
11.1585417506799,14.8579271217655,0.687823186071799,0.130466020511866,0.160474936861999
10.8211439157895,6.73888075028754,1.92016365554463,0.654418096436314,0.181953747739389
11.5854439898382,7.0821344091385,1.63932632866061,0.62962381391533,0.440464711559269
10.7648244366588,10.3337842658923,1.11213230062195,0.289187587293484,0.32413465398588
9.66225065170132,8.52482381992689,1.54252895766788,0.41071862515929,0.187461500567582
9.41665067415565,18.8459420656091,0.557715220205883,0.0780075082398739,0.088831587335131
9.18321734664287,9.8875964125777,1.32259372588657,0.303847245012747,0.185862322123427
11.0330158467113,8.6871916466431,1.34538624071786,0.411282405735567,0.350847029255259
11.6892562283933,6.95268182202824,1.66386534121434,0.651005540087817,0.43597244148599
9.74757944277602,15.55135584325,0.711315895615861,0.119915491640354,0.167254748183591
11.4971913413008,7.13542446837881,1.63430568266129,0.622338691850574,0.446583112800875
9.03861958884271,19.7486793932887,0.534574327950203,0.0706030111161658,0.0891569314730714
8.79029541168497,46.9598406774125,0.139566315255696,0.011656018206979,0
11.284606690476,12.4250445176298,0.858705537655776,0.187807570411369,0.164389281777798
9.74565745124036,11.5854096020194,1.04214840324287,0.219549601505133,0.174073988544862
8.32495122847425,50.9522043681643,0.124200407678086,0.00990934293138235,0
11.433561278726,9.58129793329001,1.16651448809555,0.329792178901312,0.286027300997142
11.2068706509487,6.33299570796533,1.91210272111393,0.803596782348265,0.506563893556221
10.9346198720966,11.6544562878686,0.949168542713216,0.222592047307526,0.269763743490164
9.91129641347903,29.6941489040577,0.280673289837408,0.0306454967318554,0.0774608782330175
11.5050820958317,6.63616310903931,1.86729751514261,0.669229658934613,0.179030914430908
9.81187203759637,26.913196927599,0.32690114412549,0.037433224296997,0.0804759834344182
11.3218769389011,8.16981996064563,1.42046881897246,0.461735643826084,0.341696275918434
10.3678092061801,16.8295628822601,0.613496487383492,0.0986479298551143,0.087856043257821
8.84121365455672,8.44325161525991,1.63042632443356,0.442878352004831,0.378837117627886
11.2702280160604,7.97839007380258,1.46557264757025,0.485988011928544,0.35311359947526
11.3032308437518,8.52373343398729,1.3524883103491,0.423165306141647,0.331336997197134
10.0419906722939,6.85440416410155,1.9667355045896,0.641695281594671,0.22311576551283
11.6718774162,10.383841969523,1.04116706607064,0.27740127268699,0.258959489175784
10.7278036964134,8.14609659829689,1.51933427281546,0.446598591462517,0.177236729801011
11.4755392872051,13.3548062794297,0.773102282437764,0.161674356569737,0.161495606650237
9.39723648576232,43.5606960644439,0.153609788018789,0.0135773793792171,0
10.2390126721829,25.3909899671884,0.347262725217023,0.0422156446729299,0.0804594521908571
11.2986730308054,6.17170883610448,1.95829322699977,0.843567137462762,0.504571013601153
10.0174917998145,6.76727444918309,1.99979759990368,0.659414503508486,0.229729590945262
11.6850089177572,5.61193465071381,2.13305332712506,1.00649673958984,0.4939235522462
10.6117228276831,15.7614206245585,0.659742249158144,0.112847119127228,0.0881273653038845
10.7906214705011,9.23173185625213,1.29273614513781,0.346222651395972,0.173938589710403
9.73715479529198,16.9951230789442,0.630226474487355,0.0967795552997261,0.0894852995647997
9.6010808226175,17.2293110229464,0.623929574621105,0.0940515289907691,0.0896647434411493
11.0257517330007,15.3230908261203,0.666860255113432,0.119237481087521,0.0873554913061035
11.7545452954442,6.52249536766577,1.78461057599737,0.739637441078386,0.447118305614446
6.39101864039646,23.7104331091165,0.466396595587781,0.0441247464899563,0.0822248943263426
7.03927886406364,68.5623590423234,0.0778463651217949,0.00561980928280242,0
10.1609357901128,8.75786533981493,1.4422903336981,0.387497042238955,0.178230941982216
11.2538163322829,6.55365820357443,1.83230064280995,0.74800976435698,0.492674137173629
11.4943310648752,9.8472810093092,1.13573410622897,0.300796444250807,0.168817270295419
10.814252848408,9.57899274903075,1.21461335585804,0.338449867061084,0.342768124773625
11.0118883844728,12.4898284542425,0.873105036494652,0.181846460455182,0.0901382878381384
12.1150716458627,5.74201582497955,2.16318432760547,0.888021567431098,0.180898150826312
11.6652176963576,12.5085026880324,0.834511936899291,0.179839471136146,0.0883556924217735
10.6301396418497,9.41456887069653,1.27488604359788,0.333236126973016,0.174263880741514
11.3122164595474,6.27692416900354,1.91875836811995,0.814627589014756,0.498672732592597
10.7082609182648,15.4739024487511,0.671983747578301,0.117150721135749,0.0881195882907669
9.75571788628329,9.08374731818405,1.41609891935968,0.360432728391654,0.179304325746816
9.12729633021829,12.2227577635386,1.01414760651392,0.196653820531309,0.175935115261841
11.3523622220028,5.97492543214924,2.02597274205273,0.898866002835373,0.508170162016932
8.45461242582579,13.4549399173113,0.935805389905344,0.160531414364532,0.17712406225271
7.73553725736216,17.3666332958569,0.695760275775157,0.0935078945921504,0.174926748352275
11.6637336261618,6.82897415748695,1.70169379143938,0.676050571316103,0.443070830736444
11.6026664029202,5.86050745817198,2.03925582507832,0.925098409254054,0.489723878382103
10.9474938189814,16.1159142606736,0.626976258267675,0.110683089536902,0.159419391639993
10.9850551836719,11.6398570062969,0.947472117404073,0.222724218984022,0.265635046169272
9.7556385789177,6.82192644892265,1.98245837219876,0.66869903954849,0.339350120188949
9.87344866414091,7.62032503833463,1.74662013396142,0.516865136903386,0.204104997926473
11.293473335707,7.33564269453094,1.6153550424494,0.577406344204104,0.37456531762361
11.6047024204876,10.5926177780965,1.02057295978451,0.266755503936816,0.258824055931979
11.0722250267052,15.6369644266403,0.647126090096054,0.114301771343765,0.0869246739322137
6.60684249810033,24.3161142416518,0.445993481917886,0.0424446784245861,0.0814108607332544
11.0259835480292,19.7672820375988,0.472115323438754,0.0704887700442375,0.0831794857467535
11.1083600792928,5.83781073212185,2.11376018351846,0.951847828622684,0.53859150670616
11.4106465508434,5.92814546549224,2.03687889304295,0.91107863443803,0.504704659512963
10.0358814696099,23.5690200125598,0.391479405856307,0.0491864168267512,0.0828286310169826
8.74153883330082,31.7126580792751,0.270958458291389,0.0265489075414379,0.0796955807860734
11.1861225045164,8.2562752730372,1.41503801873209,0.454280402853824,0.351161616589781
11.5364563550592,5.78227960068324,2.06226571161213,0.981759477761277,0.588195394375692
9.65403764548249,14.55247158786,0.781546485711284,0.129060332227664,0
9.74551259183651,6.61259700398285,2.05807988802315,0.713336875909143,0.350378732882507
11.5136354040593,7.75883097453772,1.49166997784779,0.509781999590391,0.33900007310991
9.98254862215995,7.82743173077685,1.68087985853366,0.48712704903751,0.184707592931819
10.2089778713645,13.8652642942489,0.801756524919172,0.151576902606314,0.167601764796253
8.18107356584878,22.0546887602252,0.479795971029336,0.0554137962891747,0.089722447176921
9.71619935073562,6.33705462625139,2.16826427647805,0.779508453378949,0.36748134714618
11.5519381167895,7.57859379316932,1.51810596065736,0.548738497726606,0.425317466872197
10.4385518670649,12.695604128471,0.88446721349676,0.181324713653175,0.168461996403294
10.1689215237114,6.50249958398098,2.08189546290955,0.713433023941271,0.228959592732748
9.01300775756106,8.63754874214085,1.56845688057773,0.419612195279744,0.349008175761204
6.6391475558244,67.6212216071544,0.0810508409965008,0.00569159633109907,0
10.9964735431537,9.51470923240855,1.2098544171438,0.340663497480908,0.327458150120717
11.7962055244378,6.39403419477994,1.91973204956554,0.718135495595776,0.178736312575737
10.1905849907331,9.26330092841529,1.34147576708557,0.345722388149398,0.176806274841961
8.88016497135988,44.5868829063967,0.15154290277816,0.0128896674437353,0
9.65818787424859,20.294902595624,0.495558462252678,0.0669550649110432,0.0869157336549068
11.0387049752026,6.7577805211917,1.79346051764465,0.709126890881237,0.505672734669264
8.70580655814963,27.6452927607248,0.334393986078527,0.0350919044349679,0.0835106318447607
11.0063282269126,8.99664306987469,1.29273488773183,0.382772206098218,0.343132072634523
11.1560805016391,8.53343507732245,1.36338400365967,0.424705456291424,0.344489863241135
10.3620952612378,7.61426394243358,1.69646607472367,0.51358465768487,0.180716587319117
10.6776904240858,15.6566911581231,0.662848267709288,0.114367350202691,0.0880382748900694
11.5580967058853,11.1858350981334,0.957201135018652,0.239122954646183,0.257153664511737
11.0687966140876,16.6988134838286,0.593342318316992,0.102786074022239,0.15761546143741
10.0307323789086,13.342834386959,0.852632230040534,0.164163226246019,0.169451340979557
11.3240463681117,8.96200567407287,1.27249288360351,0.38090479711282,0.315075185970333
11.6183251438604,20.691617741918,0.427098326755802,0.0638875262570242,0.0803710700146417
10.0861093553124,9.95607743794264,1.23381270178275,0.298732979310724,0.175699075949801
10.9100861391497,6.86268280380131,1.77687194876272,0.690981492695137,0.514580176011645
10.8522991492249,9.88852009004495,1.1661181413383,0.316110703828324,0.329418814269091
10.5200204570812,23.2486128924004,0.38773375103136,0.0505765801492111,0.0815378752554718
10.863744024365,11.274220061326,0.993440651688323,0.239551806908097,0.287052397722421
11.1958735390979,11.6741665154514,0.930579784835208,0.220446213651075,0.258992517313124
11.3690618359999,8.38948745406942,1.37246255142501,0.436178662036553,0.329925594277612
11.5017042761158,7.60865668628958,1.51600903244007,0.545446428440464,0.42885393177978
10.9935935185367,9.12985603142228,1.27133828783464,0.371412585112032,0.340005005909023
9.92226416113293,7.8738825841046,1.67438835525972,0.48193487380275,0.188539906245225
11.249636135116,6.60657232586177,1.81582457665337,0.735984356751959,0.49090609242806
11.1883691465438,12.5891835729281,0.849925884177304,0.18306084971504,0.164597623685574
10.9794648668191,9.6575164844298,1.18974109976532,0.330430857496973,0.32457832445503
11.9972957727222,12.9681565614491,0.775474389597421,0.17043428587785,0.159267315939037
11.0064715372841,8.67193762200432,1.35051047090879,0.413237318775962,0.353873407607744
10.2750026147951,6.223579982384,2.18318880133566,0.779065413343773,0.234189889561154
9.84135561051882,14.9132014963364,0.747040990732854,0.130697750923315,0.167796551065843
11.5234032869358,6.07496436879008,1.96604893204301,0.862911661729565,0.487387599940924
11.0868868130765,9.77583646946192,1.17870891779613,0.307064105351754,0.171107432102281
5.20008346040561,41.3037436753197,0.191881807968672,0.0127350643811771,0
10.0427575295246,12.6614150474289,0.911550677456411,0.182799090069364,0.170598898920224
10.3512393511511,6.76519335161926,1.96670403520902,0.654005103733129,0.19917384539185
11.4093871970282,5.86222231900227,2.06350930060834,0.932007104165739,0.507870275724763
11.7828789618284,6.84957633300178,1.68304927317746,0.668578106141251,0.431569128362942
10.4894832783467,15.1845715062418,0.698788258726684,0.121982101517173,0.0889837658031191
11.7106817623756,7.43224719223619,1.53737194925763,0.567364855798871,0.416240296258673
9.40251352508295,7.13847681401316,1.91986276958475,0.616146042497856,0.365075937475119
9.16611678366483,32.7287891840032,0.252278967478297,0.0250387988848784,0.077210770559087
9.53512467444573,9.24302299559003,1.4065979467685,0.34802628539774,0.179954296108663
11.3303174370642,10.2573924031793,1.0814143991453,0.28698219519705,0.274749249513648
8.35863581930805,14.8807956031668,0.824761715662565,0.130275238104657,0.175434421558506
9.69945687248046,20.3046125595654,0.493956537877596,0.0668937768192751,0.0867836679555605
11.9064862567818,12.5272300269285,0.811942938892453,0.189183354488826,0.249040482084551
10.1452212560454,17.9740496822028,0.57122770391104,0.0889162970552837,0.160949653627671
9.6985678065959,7.67865960251721,1.74734269663609,0.511171635132074,0.218979524267799
11.6320217163476,7.3709673622594,1.56010263443175,0.578987033355898,0.425518411731094
10.6878558353589,11.2619871409254,1.01334441320176,0.231172408323801,0.169928862212374
4.78310327479701,39.3992535220931,0.206181368883334,0.0133340403443533,0
8.37332354110674,21.4076493114205,0.488519698947639,0.0565183217894887,0
11.6547559876528,8.96844680848571,1.24522990047911,0.3752807051282,0.286129608614494
9.04384306011496,10.7969306618251,1.19478177438128,0.253371428819131,0.178904951792458
8.54619903476994,23.2785570771392,0.434881755334289,0.0498850159235156,0.0877125933665071
10.1653314692329,24.6023467174452,0.365156319942125,0.0450344300955306,0.0814527333541119
6.70419732198939,107.69970312347,0.0319085377649502,0.00259183099125742,0
9.79096450015287,6.5661231842321,2.06988350921171,0.72273222034428,0.347769663813091
9.28483117795014,8.25777436656427,1.62626331324016,0.456757422840683,0.330989162280339
10.0082036275399,17.4991074528861,0.595268474118727,0.0910809158922169,0.0882924749445286
11.0527565125299,16.4229872736516,0.607284692810216,0.106381811764756,0.158222694247157
6.68944589102638,22.7019354359684,0.492306603523071,0.0491234883420738,0.0822302495848883
10.4104785983591,21.7082573433555,0.430337999423356,0.0582587764047796,0.0833357808772422
7.85047107510186,30.3788476363938,0.302875349091745,0.0284618368940748,0.0838889689770698
11.6061308028688,6.86537681782269,1.69739788237636,0.670356570180511,0.44688748472605
9.56126987232579,6.97088706872725,1.95528908907184,0.643669843538283,0.354294551631942
11.4170556914344,6.77838986859307,1.74366162923205,0.693521973826413,0.467899421673877
7.37428121261066,64.1930291198482,0.0864577338731546,0.00636579335653418,0
9.02937915349531,20.8878462666039,0.494107865276757,0.0628359779712348,0.08825107718261
8.84266120655477,26.1520883308856,0.360516931378511,0.0393970265268973,0.0843793231140868
11.7506768273486,16.3569754385036,0.583584108063804,0.107403926125232,0.174697172013247
9.60831495042811,15.2043879639305,0.739571672714673,0.125644380456557,0.16857278922228
11.2165322561697,12.4528358716011,0.860210838854298,0.187120499055041,0.164710414050688
11.4873127270494,7.20629127300846,1.61664825235,0.610125836835956,0.444841179235177
10.2372166815996,30.8345768362228,0.260945633408191,0.0286139022550771,0.0862869986978476
9.5219780466179,14.9783659524141,0.758663717298687,0.12958478785691,0.169404532169976
8.97774281094861,47.0229234638067,0.138020549366008,0.0116586777297321,0
8.87092328242467,12.7221514675317,0.979646870504854,0.180880499653487,0.176326061290549
11.1913630271374,6.31656095958028,1.91977129042099,0.808381690258311,0.5087944912794
11.4654506440472,8.63142383729626,1.31889594526694,0.409556566895266,0.3133062350253
8.75100486927627,23.5021267769995,0.423961482829827,0.0490521728775562,0.0869221305205355
8.88165626109538,9.43942732712082,1.42130012498997,0.349514322420611,0.3342849472638
11.4080703178714,6.59722030207751,1.89434447140424,0.678208299259612,0.179702161523546
6.76002382761103,98.8613407571409,0.0385075424199841,0.00299105033143517,0
11.2059637060054,6.95676823786769,1.71522861568988,0.66358593527756,0.481164668422751
9.67171073555779,10.2189322946431,1.22805392912183,0.283740372895863,0.177123530255046
11.6714676478686,7.44795830470874,1.5374253918638,0.565839217011657,0.419182950962257
11.6016917372893,8.05427664638008,1.41950894996292,0.470183024121942,0.320872642458757
10.3716499190546,7.4337057056909,1.74772655471398,0.539047195982522,0.181312304830358
11.6573977799145,6.94552912054986,1.66921451891272,0.653241961173649,0.439118147171009
8.3954476061983,44.4597824615203,0.15571961666458,0.0128499725823749,0
8.01925094509519,31.5182422997259,0.283842230199621,0.0265263515128908,0.082336946435302
11.0844363503805,9.81154451552993,1.15932749503234,0.318258717590574,0.310085223412697
11.3348157136932,5.86915910425184,2.05442591737844,0.960918297912481,0.604078336387049
11.0572715714986,15.3613056808037,0.66327660601969,0.118595069550694,0.087227304617861
6.87573549013731,65.570451746381,0.0849080579835853,0.00604997838306324,0
10.4284657194778,18.4624961879797,0.538684286813935,0.0814168153436821,0.086226736424349
11.2535412384761,6.03949620374941,2.0136870646165,0.883139900079278,0.514868107576042
8.15652630280983,33.418224853601,0.257445636346198,0.0236429000428117,0.0801494291857931
10.2382128584285,14.3351978413884,0.766223837558852,0.141522715700522,0.166622512823946
10.8571174947242,10.313700543766,1.11944582194192,0.276111336921522,0.171058306898112
11.7046086446083,10.247861743694,1.05583079064117,0.284723595496157,0.259159252709403
9.09197635137189,8.67332580479155,1.55232364656163,0.414802567529349,0.337403748837457
9.81651418962353,26.711448689931,0.330460617593633,0.0380144179809649,0.0806489838174555
11.4343925224234,6.46711322728196,1.83920468475096,0.762711617549987,0.478911797443743
10.8408711032913,8.71671062406126,1.35686664046357,0.411648215228175,0.368334743087528
8.80153449625334,42.9852605296845,0.161630035283906,0.0138143597508287,0
8.79562013241866,13.645323800594,0.898918521862743,0.156537761158028,0.175205155369641
10.5357732288029,11.633210368199,0.982582169713773,0.216666201568398,0.169979656365496
9.95675399682661,17.947645664209,0.579333586248255,0.0892323497903731,0.162100766134544
11.2691282771201,6.31137980233233,1.91196348479542,0.807079248048797,0.50138509701523
9.37265847137732,9.9417912707086,1.29725788729968,0.300098636761381,0.179112023885716
10.8171007297112,9.16279309778948,1.28065641767963,0.371353978493519,0.355866985089166
10.2775053083276,6.81923518215903,1.95515260823234,0.644518740123089,0.203105488667014
10.80480000248,10.0040649390439,1.15352849636735,0.309098923158821,0.330389992426701
11.0084001907159,8.82538728234474,1.32248182324632,0.39838550411382,0.34857207895661
9.39576697507962,21.0775151277079,0.477327289790436,0.0618361222783288,0.0870275480586883
4.77900703483261,149.922111743729,0.0160312588396623,0.00148468955128443,0.0321771390668857
11.6001912642895,14.6000013706822,0.683460816110976,0.134541957616013,0.158361289466458
9.75363815653232,15.4796216207804,0.715362639086952,0.121063318461682,0.167335595968242
10.9016701129412,6.06643358193531,2.18624986070982,0.808792310255475,0.190193697441952
9.94045456831469,10.5629687143811,1.1564706205958,0.264984706314475,0.175116864788544
11.3727331190101,7.41077378839047,1.57645413885768,0.578908590633772,0.447997309878184
9.62679462589016,7.24802674191042,1.85970593114679,0.592469088104363,0.334442826214249
10.9194441325192,8.56095948946681,1.408607575066,0.402929423932396,0.175080407929291
10.4309409475492,12.2748450243961,0.924077328009008,0.194298698319476,0.169294828627788
11.4467428168877,8.42997999327372,1.35799295333382,0.430479560142461,0.321645698243776
11.3806226921256,8.57602233690787,1.33614560339963,0.416507902111934,0.322642964552379
11.4444561553911,5.78063007935698,2.07541013173084,0.986188216730419,0.597222470258479
11.3644044857695,8.75992170155055,1.30420201869823,0.398787576799706,0.318030383415487
11.6971232179697,7.44029239561874,1.53675922845633,0.566428387301877,0.417161622703852
9.37787437022519,47.3986102144353,0.133546481742516,0.0115450972222507,0
4.87609539950213,41.8257204825321,0.187593222818755,0.0120761050005011,0
10.8351526935869,10.1866360064415,1.1263305663077,0.297186619980082,0.321893049967378
10.8924856977252,9.89273204619591,1.16242799572629,0.315301132467246,0.325469745611751
8.64818026247112,11.604659636766,1.11862917468814,0.218398408045046,0.184889770296553
8.05563142269297,29.5424978978122,0.312894546011677,0.0302753436411138,0.0839498340308325
10.9146785149932,16.7976317470715,0.594781598041503,0.101697010494843,0.158384408998903
7.52775724185923,71.1791659089978,0.0711657112486813,0.00532343098985183,0
11.5005217935152,14.6598667452096,0.684248060112304,0.133576504072425,0.158829538775788
10.4117655710923,24.7815710383612,0.356008995819502,0.0443712382672594,0.0804456099888015
6.93650969278021,67.8185806675559,0.0797267711326182,0.00571189269173805,0
10.1207305075918,9.09081020355487,1.37997581922449,0.359304902777175,0.17756328515439
6.77286454852954,51.6179749554742,0.129099459010328,0.00926754498796365,0
10.9281062709549,11.2549599812417,0.991286635644857,0.239785061265407,0.28169586538515
11.4124306864937,6.43043282400924,1.85395209203506,0.772305121869635,0.48252814136545
5.86560657522215,94.718640247188,0.0440047690192305,0.0031403426324318,0
8.11377808439768,13.3157784899849,0.969493262308233,0.163789215274306,0.189734516032659
9.32136620722845,35.2016383691861,0.217786154152271,0.0206242892028407,0
9.41795360569047,7.29851890485357,1.86835864231983,0.588182807519776,0.356098708740172
5.93069697972326,86.2278844659991,0.0529130452554332,0.00367712608055726,0
10.9339641245883,11.2372076412672,0.992825667021571,0.240531501207507,0.281669811223845
10.8364322575569,9.51898053624729,1.22200543177475,0.342617227490841,0.342531157967348
10.8471563196961,11.5614000976351,0.96420255538585,0.227239301237981,0.280370205674039
8.01703502630577,45.2370461713591,0.153830052368805,0.0123270764427363,0
11.5620181342614,15.4385909347875,0.63713230467973,0.120079841572161,0.156988275080339
10.8026461464484,9.66700764495122,1.20227799012825,0.33218521331064,0.341108703960066
11.2224118642097,6.25455323232678,1.93786354673525,0.823669697503072,0.508407874667582
10.5437097073815,11.9551446434434,0.948406477273157,0.204882662770086,0.169305887305033
8.51123916903329,10.7667490314428,1.24084537088059,0.258117511238533,0.231767388391367
11.1518159999602,6.96608629166518,1.71865353267419,0.663299203064444,0.486117970810003
10.1267237461844,19.0267086763811,0.526673541344455,0.0765598837076092,0.0866219503986869
7.20944743005854,30.8127730572462,0.305049938522231,0.0271059078553374,0.0855173008786532
11.7453263142781,5.91255445081356,2.13532461802847,0.842087782952681,0.181710381707023
11.2785492065063,8.71426398162023,1.31950178610659,0.404558025811056,0.327239308918501
11.2538310762354,9.19558972624433,1.23951660116599,0.362019463960266,0.313906605242123
7.81731775728201,15.538300020469,0.804745263782582,0.117907177227468,0.177051775691937
10.7772915536282,12.2753445580638,0.902482330412807,0.193654835543591,0.16744608855189
11.4678003751694,11.2995222382382,0.951011799955484,0.234586721592384,0.257615216530705
11.0573685540657,10.0328770010853,1.14325594966528,0.29135440551954,0.170666422327072
11.346165118465,6.43701676260411,1.85964725269974,0.772849512829287,0.488590428754972
11.1449188046158,12.6071365686701,0.850925983933789,0.182631839939558,0.164807339878679
6.58898537384403,51.8700786584053,0.128767621787426,0.00911822680961455,0
9.56233982934673,32.5780358629532,0.2430308744109,0.0241626421313637,0
11.0611358696144,6.47255583316814,1.88235288119161,0.773511896637253,0.51516568962331
11.7197325489466,6.49078169204917,1.79865948434201,0.748102014358424,0.45156093367732
8.15920581408709,34.6379634753923,0.236289803111836,0.0208622634018072,0
11.1401844576348,8.97336430793585,1.28558267538095,0.382750434330822,0.331400837169703
11.6826828925005,5.6879298291828,2.10044917035881,0.979573329413508,0.4904659609718
10.6070745446947,11.5716868693026,0.9841774795345,0.21887303785114,0.169709075766197
9.87500123264882,18.4759513270767,0.55995052990351,0.0840713413443246,0.161700761287961
8.91789669380589,16.472042823289,0.688640001892872,0.0989307849792164,0
7.51477328632542,21.3509928800001,0.519395040977298,0.0578749170341611,0.0813019226604496
8.55581272031334,11.8582728524805,1.09462995511678,0.208873553814445,0.186862389608401
11.1242575314234,5.85311110540021,2.1052358425909,0.946185062386751,0.536273458735727
10.0545902708378,16.0512131968807,0.668419126879736,0.112258962352717,0.164710175058414
6.93240078070279,63.6645448568321,0.0892912029306305,0.00638368194433337,0
8.05757149269422,14.3517588551274,0.881467071400364,0.139637539788751,0.177625466140046
10.864424240373,10.315764938488,1.11850143203946,0.275957090932566,0.17101140899621
8.31748198426236,14.3413071121075,0.868105473953568,0.140490502015032,0.176419242530461
7.64666698582788,39.2590493946463,0.197262312114644,0.0160515297519505,0
8.27144720987727,29.6636201385179,0.307605004442948,0.0301614978389259,0.083152540477316
11.2044071037517,13.2469888286999,0.798495789222058,0.160731151397002,0.088863317255833
10.901859184204,20.5298256043185,0.451373607852017,0.0652409193321058,0.082851026187637
9.59333744848703,7.75824008481944,1.73591101830394,0.501748216153559,0.226280814930175
11.4049378773035,6.26700507682494,1.91089309566228,0.814074136376424,0.490189495515936
9.58247393204252,10.819067432099,1.14948838350615,0.252597196344922,0.176332772850593
8.58623040248148,10.9261018693211,1.21217127061272,0.249445212665768,0.216669860029573
11.3083001367049,6.55733412199856,1.82467187585273,0.74543839251119,0.487234975830344
9.88205700299405,16.2033767715787,0.667697921878366,0.110162158049008,0.165435828047133
11.1434735131472,6.76067009702983,1.78027487521201,0.705352842050824,0.495081050087786
6.89762787465775,57.5980462289812,0.106561742324389,0.00762581370670982,0
10.1842082284697,12.8704423267266,0.892299739604954,0.166886871773306,0
10.2330544268098,15.2870077923156,0.704322080443249,0.120460430432144,0.0896038348203215
11.6686111940633,6.82705625634998,1.70172141103524,0.676299997795931,0.4427022999018
11.5072256048652,7.45561571154731,1.55184138036928,0.568553075091561,0.433834145336136
9.58973656262923,17.5917238406339,0.609553759792036,0.0930206095793428,0.164816442445792
9.01866555232245,20.990396890892,0.491057364657812,0.0621946284563087,0.0882034922635607
6.37566785370558,46.102281556346,0.157829577268596,0.0112274815751909,0
8.70664782284685,10.2013805313797,1.31065974321849,0.288241651818522,0.228885680214007
8.10395589109081,79.0189709730057,0.0567250991127909,0.0044816511442558,0
8.88387153076489,10.1937897770809,1.29723347458281,0.287154343607362,0.208230861977784
9.23682630413691,11.5660181775472,1.08059368668304,0.220298287140572,0.176570540216879
11.9794059441955,5.8888355107594,1.98131306625426,0.902030051459052,0.454537546912005
10.8563093752574,7.8297149848136,1.58272174199135,0.483193125696991,0.177598646469816
11.1452650793572,6.93558073469909,1.72816556982387,0.669461617346043,0.487959912419544
9.43320820341214,8.00788008305,1.68598481596945,0.471652172547862,0.232321303869338
10.2220727327686,13.0759365103193,0.86413183279877,0.170942355109456,0.168926303938304
11.1930622593339,9.51563610111263,1.21052357526771,0.323924706864975,0.171194997930041
10.4619065916616,14.6442623718012,0.734148263790473,0.135256354136494,0.164843707034888
10.0914776720678,26.0546272008065,0.337356652688938,0.0400353074516725,0.0803353267318067
11.8254679210165,9.12994929640696,1.20610926589426,0.359094090844946,0.266876121562667
10.8899489547392,9.87994719488067,1.17906571376232,0.301254208707154,0.171877265594514
9.83734562255072,6.69863642171681,2.01587176192994,0.692441084175248,0.336288404220167
9.13603239109748,7.18151348197304,1.93850348886743,0.614140274405703,0.395377321575779
9.9711802533526,6.70386554524507,2.02744214846171,0.673264314685346,0.237314861820505
10.0785311510533,15.1448820233483,0.720349060106807,0.122877044934941,0.0901494794053094
11.4844318318835,9.63773606829949,1.15458145796684,0.325090553278815,0.279924481830458
8.99102678878216,24.9402432530767,0.383444680983002,0.0435143665179369,0.0849635352465027
8.10158394082925,38.0768813909215,0.203431186644845,0.0172593896177356,0
11.321444409213,7.0849381185274,1.67965620814683,0.61953742655571,0.38170541427979
11.6244188556139,7.04493692135176,1.64530728166094,0.635406657937334,0.438320871535374
10.7649954994109,6.67518646128315,1.95138346537047,0.667416032337997,0.182520325201429
9.38480839138212,25.120700938184,0.370902825683438,0.0430252375575166,0.0835436806771212
10.6289367232209,7.86073766879641,1.59981962728823,0.480490017213817,0.178606392474373
3.06171479322015,83.7907843757964,0.0563174396736814,0.00317054345187393,0
10.8532868268725,12.1381279067569,0.907363145515193,0.204785154517424,0.26361053423423
9.0065696065232,11.3511698766486,1.12391955854438,0.228691443955822,0.178049033588439
8.3529832308292,26.6233439269226,0.360569307306929,0.0376889699991539,0.0855170063223747
11.0747981785432,8.77190683264525,1.3263806803059,0.402369578767714,0.344092822069629
11.7262917010655,7.23167288898023,1.58565237169414,0.599711442688347,0.422158465210489
5.80998593779187,33.7537259602617,0.276586005554351,0.0209825508257109,0.0871067056997611
10.5210344618752,22.7307350592626,0.400411215857564,0.0529781016739884,0.082025067849792
9.9405312875098,24.4258167794387,0.373935451891682,0.045694652258023,0.0823557010772826
0.572207987822781,68.168487705511,0.0421206792050698,0.00195977459634653,0
11.6308577416973,6.77428050273647,1.72122877022836,0.68818265843041,0.448200903963045
8.82114141288248,10.7730621004295,1.2154928834564,0.255385246512357,0.194372713033591
9.4022244811145,11.2033813969836,1.11286348200843,0.235203430768051,0.176443937062426
8.38732107635995,24.5843974124504,0.405001869585793,0.0444416096492598,0.0871089364633063
6.51923794914642,58.455776974227,0.105177370331982,0.00732792405610608,0
11.7026241438676,14.1016900841302,0.710032758392463,0.144233075131669,0.158721892969688
11.0950329123332,6.56553571792764,1.94829153172754,0.687660719433235,0.181414365465452
11.0857728046938,8.1705841133154,1.47644340167278,0.44196137067045,0.175391951713146
9.92083982297005,7.63890083971309,1.73696667754088,0.513540787313448,0.198676873301537
9.64128715518502,11.0564024411719,1.11352586672029,0.241610790878675,0.17556934685063
11.2023977259301,6.13908191482868,1.98256375629886,0.856158857655794,0.515454683363429
10.7824207323246,10.4642125594208,1.09405673538445,0.281434388229546,0.318507836572725
9.07717707093994,19.6185190954056,0.538287786795495,0.0716018827257639,0.0891528186435719
9.06720369641687,11.0846150713191,1.1537968560154,0.240157888941897,0.178256354812656
7.99996108507535,16.2425580683468,0.750102607944249,0.108040795875067,0.175209470875017
9.21127270241291,6.98069304162941,1.99496424170159,0.649557458477402,0.395303094393318
8.39044990161946,36.9934665474612,0.210419419115773,0.0183955202299996,0
10.1466842330179,17.6846653906948,0.581651738279177,0.089088194378364,0.08773713478837
11.0980828924002,19.6469134097504,0.473999627010722,0.0713473883580824,0.0830684038094537
11.9908534975596,6.03554961939148,1.92426402612203,0.857693641821795,0.446947120284953
11.0396541167822,9.41558979993043,1.23936003805393,0.331600472596351,0.172207162253073
11.3449888153432,5.75032181216927,2.11852748808367,0.971690756635527,0.519335200628984
9.54954980877627,6.59232935274976,2.08990507062951,0.722559493768442,0.373348681895301
11.042947933772,7.8048168959616,1.56840461731701,0.485198347831999,0.176749757098324
10.8116858098821,10.255598917529,1.1189142411145,0.293280395878275,0.322028098879672
11.6196645601449,7.47256331321216,1.53659544309138,0.563242741560524,0.422961297503586
7.02554403631912,43.6944323024171,0.169248284929462,0.0127784406680889,0
9.88779434816918,22.2317395895826,0.429548844047399,0.0554728141070894,0.0845219424755121
9.70990064156672,8.39282562866505,1.56789644742174,0.423893896135288,0.187992977036254
3.58466486974445,103.082639099579,0.0390622159636726,0.00244349188941678,0
11.2323790764209,10.9568660238269,1.00421703867322,0.25066491936745,0.263057492761538
9.19062802184638,15.726308090196,0.726787463365205,0.117113009317105,0.169959263281816
11.419340675914,7.2077185879966,1.62337217789056,0.611626121708227,0.451127973829934
11.3206260450237,8.03322766955045,1.44915381759089,0.478164250539794,0.346572183822839
7.57134036842404,57.4915099803955,0.104172635152954,0.00779998716052706,0
11.3765835697173,5.88525884493349,2.05846017391793,0.925896476700078,0.509947566784897
10.1554029359354,13.8482568501904,0.805825141646732,0.152001150772669,0.167911239385687
11.2214909107973,9.54092518626373,1.20402230432667,0.322050016221268,0.170979055702303
10.3630966446673,6.39739900703301,2.10274618957484,0.734236298013348,0.216943460028764
11.1841687278957,6.42414492319267,1.88356747437134,0.781327921076647,0.504925016050233
9.11938073423872,23.6605546398997,0.411062563425119,0.0485767324472904,0.0856665281891329
11.4753815363684,7.65391869139504,1.51939143055587,0.525128804873545,0.346190940391468
10.9373213525111,9.25385771997132,1.25564439728522,0.361943609561187,0.341340958167507
8.63621948767288,10.6419405717865,1.24895925500339,0.263703935514554,0.22103914126536
10.3197113723963,25.222515037857,0.348945572863633,0.0427967054941647,0.0803418454937998
10.653089682416,27.3006000304159,0.304654105601641,0.0363960774600028,0.0771545332794062
11.1230863853935,8.50060862298526,1.37252688556551,0.428697802582148,0.348669725829529
9.84126897821542,26.0552481150567,0.342292743827523,0.0400064291062866,0.0811776404859274
11.2426007506032,6.99720378030751,1.69965712784165,0.65475022254418,0.476019397798595
11.214507575992,7.3362160468141,1.62319823949042,0.579148387444371,0.381889092976153
11.4237365023278,8.3494258066109,1.37552370478582,0.439554376594551,0.326399544205072
9.99515063156355,21.7125659450988,0.441339423585994,0.0582571132767958,0.0846484895980319
8.67144302818075,34.5028432472116,0.238593278707654,0.0223797808841719,0.0772944608235431
7.95653652562707,49.9370606530556,0.130618063586908,0.0102100037189552,0
11.1206111313992,8.64975333816414,1.34470375472077,0.413513745358718,0.343881488703619
11.1837469086721,8.48377316716713,1.37042779880543,0.429402740744572,0.343605387455367
10.0103399335179,7.91819378519408,1.65427899757325,0.475494988592656,0.181381135143775
8.83632511048593,8.2949187379673,1.66592108258213,0.459732717912457,0.385592641492446
9.15660557992117,8.4925314944211,1.5854519222224,0.432589592242712,0.336785921481767
11.7569371784567,7.39805212426743,1.54113635412081,0.571654399400156,0.413363771994253
9.91647557330979,7.86742633304046,1.67657915141663,0.482841965882684,0.18936934851178
10.7617412877583,15.3495705442261,0.676617679152216,0.122517667606444,0.161873453072179
10.1251107535346,7.78901207759538,1.67573882707046,0.491316874585986,0.181257531366233
10.4445193069093,6.39860429066924,2.09388804522961,0.732421840132048,0.20972001651452
11.1375882126916,6.32926874214737,1.9220262954989,0.80692157270191,0.513591995342835
10.6271642149548,16.7551220118927,0.608081586595433,0.102457495721917,0.160176744094631
11.2060862342498,11.0944707477739,0.990669906626223,0.244389886554677,0.261446372349291
11.4572127276694,9.48811685817746,1.17852870938084,0.336289985919911,0.286832555437445
8.36955037225779,13.3975360042309,0.945986435726586,0.16175852341351,0.177598083674382
8.16393595741987,35.1786924351106,0.230461659928326,0.0202275752802679,0
9.90057264275266,25.9928712248182,0.342333617986689,0.0402124367050401,0.0810388478912383
9.84202537966179,18.0671440536771,0.575850454358146,0.0852450131067031,0.0882838971242767
10.7743156598459,13.9958655588071,0.762657583251652,0.148045429798812,0.16425967834136
11.4332206599753,5.6886566802524,2.13310967252056,0.98947450554646,0.513791648425437
10.707402033942,13.3194235984269,0.819179951771401,0.159708769985849,0.0901307344603725
11.0809731048127,13.7270042656455,0.768469788954085,0.149559026335373,0.0887337964740974
11.3009757401162,6.13744784399642,1.97063391317922,0.853073554549309,0.505861176680142
11.1227840637558,8.86125670193847,1.306443368808,0.393193637578978,0.336672393580823
11.883128398348,8.76083145193879,1.26256907170282,0.390439089972803,0.273739859795572
10.6688028642959,8.65104543421314,1.41445062502434,0.395575711988977,0.176065407106331
10.9260347696727,6.9789340773572,1.7407989713484,0.66722057206776,0.508331756673113
9.36705844019023,16.5809754713591,0.669543512352737,0.105065327325754,0.167665672721931
9.2917717835348,17.8602933585641,0.608718647045496,0.0901074291578798,0.166068734503674
9.88020297353414,37.6424097901431,0.195649137589246,0.0191615539743641,0.0798228295389504
10.4011871308864,16.1137111038002,0.650065021596449,0.111180162589218,0.16263154722577
10.1507845660879,25.8511404488457,0.340056851351401,0.0406871050698192,0.0803249887444659
11.6861313866328,7.03392090541896,1.64185677992147,0.635803663664196,0.433152421121725
10.5849638838856,8.10989925114679,1.54294497528831,0.451269722527971,0.178040299762077
11.4582239120492,6.10586244639221,1.96264087317419,0.856398207451645,0.492168962475785
9.50716476535549,6.80804438932129,2.01735969638338,0.677157872863264,0.368053446925591
11.4359598310116,6.20045522469916,1.93080586110941,0.830848042298429,0.490125037841664
11.2944293273101,8.84873644553214,1.29436517984956,0.391608599719234,0.321399908400071
10.8726973154214,6.94259120149088,1.84160217981493,0.615953654750712,0.180811285595145
11.5535355733679,8.03735349932264,1.42728958648935,0.473148413240505,0.325650594807562
10.7316694992302,8.62950277518988,1.41274368826846,0.397329095625799,0.175814800158669
11.6082734989968,14.2839780750259,0.702700755487437,0.140675408620185,0.158920186079844
9.40960024573845,36.4798657189507,0.21098521767012,0.0203346950788686,0.0833511860307682
9.39404031265023,15.0933104766247,0.757377121480829,0.127540152172263,0.169894473673298
10.8877039053755,6.08071372230574,2.18137820948641,0.80512919270359,0.190474267565031
11.5372274658961,7.59381011756926,1.51598683637761,0.546819776357285,0.426117930904826
9.48880600840052,7.26794172167751,1.86935197947646,0.591835169355701,0.349221473763969
11.4864016002834,5.89150363595725,2.04171592028642,0.919690591182474,0.499187002089838
11.8619834060528,6.39827817416655,1.90927195428142,0.716375567114078,0.178379514325376
9.65614869317486,14.8921347723515,0.75765249888572,0.131127128978494,0.168825149898122
11.3062241491861,6.66116510672914,1.88426045647384,0.666069632131559,0.179911104820212
9.56226605802477,43.1852878081949,0.154533623870284,0.0138325325763556,0
9.49830132307294,27.990116646319,0.314032508632852,0.0344903014908563,0.0805471239206161
11.6313086502741,6.93915452275579,1.67377376453866,0.655184403304948,0.441738761571055
11.116205253018,6.93472499328936,1.73171740948997,0.670460431254836,0.490873358058275
11.1654722387931,8.09040660545062,1.45128547949117,0.474191817138987,0.358864567536285
9.76776392378018,8.06620840864893,1.64002610687127,0.460099766090148,0.195599193324052
10.7866619822845,13.9752311138763,0.76348383404861,0.148476779096234,0.164227837361718
10.2373946110746,18.0229189341601,0.563519546874216,0.0856345654679583,0.0871784168857856
7.80092370336836,41.3318275495741,0.18022314907708,0.0145848673578966,0
11.3250899587614,11.1829496180415,0.972945000248039,0.240044159152438,0.259422241739431
11.4823649912282,8.35398488708188,1.36958551428252,0.438012452642046,0.321059864959087
9.30814948192533,25.8544905743074,0.357100518845567,0.04052644835216,0.0831348490494803
10.8326107427095,9.75477247240577,1.18693282680251,0.325542355186878,0.335466303194922
10.8170753139447,16.5259787060489,0.611688757118678,0.105238961075503,0.159460106667286
9.4497245101133,28.3837836297462,0.308395341461926,0.0335097980137488,0.0803466641221253
10.8962555362637,11.3209184925647,0.986272577611345,0.237140493655505,0.282721325115613
11.62113024607,6.8112727168725,1.79138384396938,0.633795888575143,0.177655845509007
11.4373009465929,6.7709791798534,1.74359728927826,0.694477225599564,0.466277404130748
5.68697376786429,125.625076596343,0.023306127052178,0.00197110623163775,0
8.57698617258422,26.8151000697201,0.352486376119046,0.0372822567219919,0.0846535075600564
11.5679721925618,7.49983137795883,1.53515327909929,0.560260023484431,0.426670739431471
11.0602643782768,16.7530447094312,0.591133105512445,0.102114848693583,0.157568926342248
9.41157846772134,17.7121897416159,0.607778876576097,0.0887407839754397,0.0897784618243008
8.82833512774055,27.8289674647165,0.328905494110892,0.034676374553327,0.0829519465000392
11.3510850578467,6.29540129339548,1.90748750241702,0.808452571829032,0.494122635984934
8.54684870254099,14.5243615686176,0.841516866577238,0.137298980963414,0.175052359948648
10.6201496387022,18.4275657345045,0.535579664629915,0.0842769027564256,0.157280647819695
8.88203476093437,9.91047984996368,1.34355218845953,0.305080400160453,0.218992284954584
9.35554756818506,34.5415336677293,0.230470225859115,0.0226682631062949,0.0858477568060484
9.25535694654456,18.4360147657252,0.58076537806313,0.0815891760668109,0.0896217358469647
8.84280915917954,27.456562914053,0.335331040962834,0.0356514074855672,0.0832351662646139
11.4463738666676,7.90741817955025,1.46477111697234,0.491504690700814,0.339673786759886
9.90758586162941,7.58134797511199,1.75414749287107,0.521920311700694,0.202455683262759
11.0696454874448,6.43311509099092,1.8946337893815,0.782908719949474,0.515976692203505
4.14662209068324,121.721383081618,0.0271623845087342,0.00195875437375433,0
10.7776343509241,10.103215209205,1.14193750631189,0.303097131947473,0.329946648637135
11.2138492562736,11.4136115341846,0.955911671010349,0.230693821769124,0.259701101880373
9.22750941348454,28.8093095468587,0.305389739623728,0.0324507673673954,0.080714994042765
8.87698945884872,7.83551557011821,1.77812109975172,0.517124311964243,0.399640829289014
11.0378426743124,8.8205822621265,1.32082327126949,0.398358688232964,0.345951081432329
8.84907717326149,39.8366013270735,0.182692841710026,0.0160335108149894,0
10.9689342475835,6.95840876941752,1.74176426594102,0.670012166559241,0.504751868364662
10.1217111636252,6.52512652747328,2.0781748448109,0.709192477355293,0.232160288050198
11.0655249774628,13.0475644728156,0.822066943072602,0.166092979757727,0.0894439208181026
10.6024087024724,14.920389964818,0.709810578801043,0.130032235706441,0.163567352314683
10.1204548849483,10.2993109116041,1.17923515589984,0.278736930247587,0.174775093559315
8.37456654459407,33.8297367691315,0.242940772119204,0.0219850398764566,0
11.2197105589777,6.78132970609731,1.76517850718571,0.698707807585046,0.486745623891039
11.5055400823337,10.2309072078425,1.07272142089944,0.286576054294877,0.261138133334035
11.3497290684523,6.49215660520139,1.84096206315214,0.759430725212459,0.485942022634046
8.89018991485493,10.7652692657745,1.21128296514604,0.255246833437413,0.186720977306878
10.8315859202791,10.8925063565093,1.04667702752962,0.24707879569021,0.169940192914221
9.65737257535051,6.92002374714374,1.96088826166048,0.651424003871394,0.345764260012708
10.8866883602965,10.1074371422724,1.13313473368191,0.301462013396742,0.319426999056266
9.55492608311843,10.1913940669975,1.24199023716523,0.285345005964806,0.177732811177036
10.6987116562184,8.59180266721175,1.42378729891859,0.40101004542763,0.176082834093663
9.46693705493473,21.4307761347198,0.46422516273908,0.0597640397701923,0.0865163667530345
7.83542460632323,25.612367505913,0.392365908949971,0.0403372253715489,0.0879041050424099
11.4356386099373,6.4683524342796,1.83865173203293,0.762374856886294,0.478742972308775
11.4269012993407,8.2862335040398,1.38767981396173,0.446478203884621,0.328263300180445
10.9325822631289,8.92213465593171,1.31190708300457,0.390663157333053,0.352598277221752
9.102840201452,17.3537791951161,0.633688653050103,0.0888845399381419,0
11.2982574152475,6.71288720327157,1.77696317415267,0.710952622864384,0.481869083408192
11.5583628127015,8.05583227171625,1.42299525428889,0.470813230953769,0.324587649807257
9.53565922933939,18.2338332625637,0.579571072753572,0.0835927310718022,0.0890069524507296
9.41490354231407,7.53848504853278,1.79826501515053,0.549985193894324,0.345923656267519
10.1499656267986,8.90337174637548,1.41389144134067,0.374780861017262,0.177906531087149
11.5529455400664,12.6906744484691,0.821064867400314,0.179246144046287,0.162371752324747
9.48311604450587,9.99706359331973,1.27886915753275,0.296762686905298,0.178489761248638
9.84798879488498,6.33691599915198,2.15176050420897,0.776191364021466,0.353204567774833
9.82298293720931,7.25562484635345,1.85798113583135,0.573419785029374,0.225273105939906
11.2476023849695,6.48307279334169,1.85614261656551,0.76488896806054,0.496215354065046
8.36993030531654,23.3925249443495,0.436030965263421,0.04923377933193,0.0881341086288163
7.53114486751352,78.366095835141,0.0593415278411185,0.0045029866434769,0
8.96001396393848,19.1684292054867,0.560018181185106,0.0750638312068801,0.0898420596989787
10.0973882654839,7.6292575750669,1.72311109207843,0.512387763832184,0.182245747153573
10.8929958646242,8.50100264291073,1.39298743985662,0.432709724520889,0.370577983270436
11.0048898207066,10.930967368252,1.02222523828236,0.254291881480717,0.284033792603841
7.72076500906649,21.3941252692636,0.512632329864813,0.058020981211657,0.0808145975015214
9.78436616946021,18.1230579307016,0.575464083601766,0.0846990054686156,0.0883982499715445
9.87678494972533,15.5323988803072,0.706434246957606,0.120188043180023,0.166576922582353
7.81893282089265,25.6481644112719,0.391879303242844,0.0402038678821151,0.0879237505781836
10.8422210251468,15.7611032181216,0.65000139386847,0.112665259876298,0.0874741888966759
11.2826171428856,6.24667954797028,1.93317897737136,0.823690656765154,0.502864863723434
2.51612903399385,70.2358652570686,0.0710294949390965,0.00373006787322344,0
8.29614356079065,62.9888875950446,0.085845693781871,0.00671040103021922,0
10.7693343952375,10.3007521788164,1.11611898249368,0.291090574691269,0.324705544592046
9.11899679755961,9.78695760417565,1.3447382687074,0.311184420613866,0.196655878635608
11.1349828451877,6.3459971298772,1.91650625733919,0.802693065137784,0.513136304425598
8.88021223638531,10.7969160879885,1.20759020118127,0.25370986558865,0.186726219532188
8.36124455997582,15.41411924207,0.786961789641532,0.121154331313306,0.174640417117703
11.0610771435244,8.77676407079981,1.32668021012792,0.402131073887394,0.345218355167496
10.8873828142671,13.5437871095484,0.792127710369906,0.154045062787821,0.0894394326982794
10.9379782128516,7.08371227630939,1.70963178847311,0.646868508018963,0.503016810369047
9.49892922400817,9.01212281497438,1.4547613187549,0.366826386473164,0.184928756853189
9.39451071303365,7.65327557333283,1.76846565046657,0.533320221695769,0.343351901897645
5.96964475958268,118.87653436404,0.0263485299006005,0.0021707448509235,0
11.5965724545167,9.9509839875046,1.10304288659767,0.302648773055041,0.261341982620074
9.05147370706187,7.66210430492814,1.80518803335827,0.538449790909374,0.384668683163361
9.32008872545065,6.72885997267076,2.05168543797026,0.720622432523616,0.499473853952213
9.99769438230544,15.9039386015876,0.67807316177839,0.111045183739181,0.0897021885091215
7.75676044339608,23.2689653147576,0.445024083002808,0.0466630511543613,0
9.02513863025778,7.06153840698235,1.99156686679491,0.638408579603073,0.414903330528529
10.1740347414033,14.9419402611419,0.728859171979763,0.126324223681532,0.0900681766321617
10.1437350088372,8.28522100630359,1.54810194554689,0.433625367215246,0.179621363683388
10.3084169923041,9.58736459161166,1.2742716800065,0.322079882190357,0.175455749398845
11.6710943592643,9.35809091272928,1.19624988087129,0.332712970516216,0.169111677951833
11.5363413230443,7.17936017986501,1.61860096816111,0.613555361180496,0.441315081182357
11.148980289375,8.96850207403217,1.28568726065742,0.383046137480156,0.330748164079298
11.4496893456929,7.59181549004749,1.53648173122669,0.534587070204632,0.350758909336258
9.37453233930048,15.650919899799,0.719551854083069,0.110658328359983,0
11.7298067691323,6.45559121536556,1.8088790128872,0.75611141957326,0.45209597306684
8.90840557753299,11.6711287437393,1.09179011936332,0.215919410728563,0.177933956304822
9.80343432498949,7.75291318666509,1.71718525774576,0.499498414393847,0.205280724216594
11.1921709962924,6.26361379010608,1.93841601998641,0.822300338146527,0.510998813124766
11.1147134949686,16.3063660881372,0.610513580891707,0.107882648216706,0.158056408640974
11.0537017775397,6.47704512998811,1.88177001215382,0.772667868812396,0.515732071036292
9.7901667285313,27.6163925231912,0.315037760624884,0.0355067803252434,0.0798880574674745
8.95608600211364,9.54309138672209,1.40122676923499,0.330030060428291,0.224302054535271
6.02847402601949,25.796113966049,0.415104445606509,0.0362093728215582,0.0816867663483354
9.99338978440281,11.3130827833002,1.05617416357308,0.230258189939181,0.173355599188936
5.90284206676073,63.3034797662413,0.093193130108478,0.00620988116469594,0
11.3032718752434,8.4809608669717,1.36058041306371,0.427610515122896,0.332768661076477
6.98576512895324,52.8420817834729,0.123189342159832,0.00894485134089671,0
6.03685060962826,57.0596822680538,0.111128191592445,0.00749704516595879,0
9.02903967925677,10.2435545209472,1.27781019505152,0.282938323986739,0.189889335849324
10.7263891096112,8.73219041533636,1.39219090449482,0.387921594128622,0.175547316248629
10.8805312326068,6.28428986259855,2.09362564015859,0.752785429462802,0.18391402373192
11.6790975662652,10.5843980524499,1.01643050968079,0.266852758146161,0.258153822528617
9.48467076888164,11.5570642374882,1.06370617565449,0.220732163263167,0.175385202584886
8.16788439240394,25.7623522052808,0.382388121670988,0.0401767546321461,0.0867998320767509
9.95519461393917,6.78453422367732,2.00008204436699,0.656994696785399,0.234806835399742
11.0377235066142,12.1379945105971,0.904622732372711,0.192819655835735,0.0904340270778497
10.4123218643981,20.2505538624681,0.474383561524269,0.067254102199923,0.0846566667172998
10.2858802463319,6.97648152110245,1.9012613238641,0.614515638154247,0.194753571209902
6.35802539638912,85.6037758907494,0.0527473936899493,0.00377030841679717,0
10.5417231621093,11.4172779030147,1.00584590851683,0.225111599977277,0.170374484385738
8.09370732552601,16.996339708457,0.701529188424209,0.098555092978171,0.173691674234001
4.74407690921881,110.447780762624,0.0332382676101202,0.0023504688561338,0
10.1138708527435,15.3416691539588,0.706829162845929,0.123171959380227,0.165579364468964
12.0089155984664,5.92330547719261,2.09084809989428,0.835344324485272,0.180280919035403
10.6434684480934,14.8831422330724,0.710184120727903,0.130658139811134,0.163398978138802
11.1381634065912,12.1497315957385,0.888772686668399,0.203449474850074,0.257972220045017
11.0298023649104,6.08153719373268,2.02678657581656,0.879068013914273,0.535347497208741
10.0288430419154,27.3273165942955,0.315611677655335,0.0363089139688098,0.0793376211408126
9.24144588092757,8.57608202141737,1.56916318660388,0.410541646137814,0.229747140747385
10.0104363035338,26.0724961771183,0.338612265788892,0.0399699193054736,0.0805939405468255
10.9955030771676,12.0574154706326,0.906166334329932,0.207001400937675,0.259658086610555
9.63384280669666,18.0604983090967,0.586606927847584,0.0881165435295602,0.163805939348316
9.37644366094901,7.89305508857484,1.70660689725964,0.500429818055594,0.335308760654554
10.9151651718076,8.89418702248506,1.31831632601125,0.393510745542638,0.355195048637888
11.529433503231,7.97840336324561,1.43155804587385,0.494134470371996,0.413449386541382
11.6132363830618,7.93955076607425,1.43200169146317,0.497371263284745,0.407196701318887
11.5072855931979,7.88402696203889,1.46432773235511,0.493304648620539,0.335093149193473
10.9515686680084,12.9410002923778,0.83373567880509,0.173496928753543,0.165237716880575
11.507723445328,7.47425318265067,1.5472751437334,0.565634096022726,0.433112521602755
9.51549914437613,6.84329710819647,2.00406393591164,0.66977740700788,0.365442923190548
7.99512580464083,24.6882932604082,0.410926161894621,0.0436883391370465,0.0881738762333335
7.91376936784394,24.3260211254916,0.421786369438002,0.0449557896523005,0.0886950456213275
11.1661190964462,6.65994678951417,1.80879969565671,0.726580698943958,0.496922224713817
11.9580667747963,6.08322847229631,2.02569053935788,0.792152443091471,0.179587217672363
11.484932931967,7.72551416328891,1.49085941488834,0.528996464201434,0.426267042384595
8.33469056770084,37.24632598275,0.208641757828207,0.0181268434229664,0
11.2139397935921,6.18813609204262,1.96297715675019,0.842027100555212,0.512152662097099
10.8681063965256,13.2018932351467,0.8172204666162,0.166701610523069,0.165206423927726
8.74197756435793,21.4769920722903,0.483018434527321,0.0591193159208537,0.0886028021457841
11.4541632877429,6.25637730244058,2.02291720275095,0.754426242937068,0.181194132789848
11.0697743492892,7.06486603618765,1.69997779798669,0.64673795309413,0.490426158649514
11.6571987912682,10.9039328666345,0.981328611384221,0.251405410920396,0.25720723633169
7.26168230110986,32.1957588041218,0.284347189992062,0.0248577806136622,0.0841904388781512
11.359738111463,7.70358412432408,1.51874779396493,0.520576141049813,0.354787636260553
7.5287520480801,36.3481700522039,0.232309178283432,0.0196799558050915,0.0796237578682255
8.90924404568754,28.9352995904501,0.30877956525569,0.0320531574209107,0.0816835064007087
10.7757396471349,8.95696043249943,1.3441228755908,0.368227743550699,0.17471633505303
11.5974618700653,6.83699985588781,1.70652644601243,0.676298173973402,0.448792230530605
8.02304849919189,13.7522550157273,0.934597751522665,0.152791767482249,0.185768444742117
8.67994198368267,58.5603793627653,0.0959762886317115,0.00770693897346998,0
11.1595351630882,9.20206119202913,1.24597893135517,0.362875308226093,0.322260058650018
9.92137745332222,18.9896146075889,0.537862539251323,0.07944803556777,0.160573196229367
7.44512196619926,52.3046202397746,0.123254139536538,0.00924496110759183,0
4.44658551854547,40.1513029173408,0.198423760284617,0.012391391358358,0
11.160077338837,8.35759920975753,1.39708285228131,0.443401109658802,0.350094642338322
10.8490875894177,10.1030667417432,1.13655197251179,0.30220777944007,0.323120105294858
11.5500640065688,7.08206564221308,1.64305837966467,0.630571825275651,0.443715027242006
11.5413761460606,8.19218807239221,1.39651175569188,0.455046073720051,0.321378890097669
7.67730834705713,17.1957339692284,0.707579125069155,0.0952907424824356,0.175440181010616
9.53121154846515,7.88468808916627,1.70833499765564,0.485891731792905,0.227277012009858
10.3084177077444,26.3469963227086,0.322991743767395,0.0374509092740402,0
11.2496236479942,7.93645221101656,1.47663279146981,0.491728051002165,0.356499259369279
11.3061681870587,7.98255190935996,1.4613476808521,0.484751856469338,0.349674695768787
10.6450656065318,29.8328084504524,0.267767399393309,0.0305972813716409,0.0856846058929415
10.1201782406566,7.24074109427014,1.83336817173044,0.571222765706777,0.19746515668388
10.3094272918035,6.49097783003771,2.07171274184875,0.713449247388089,0.216795705454604
8.75083604106006,21.7880963006394,0.472938904025627,0.0573872383751262,0.0883266766787972
11.0053670936959,7.21899516712917,1.66502067584913,0.620506251357473,0.490978173381313
10.9315631003655,8.86453656795013,1.32213945322439,0.395985893998621,0.354600892627294
11.417363429885,7.46387780955887,1.5588651684566,0.569414977928299,0.441871249146174
11.1181734163069,10.5829974569555,1.05550713976436,0.27102023749135,0.283935956823464
10.7584298962555,14.6820083950035,0.717332684143307,0.134216249877966,0.163098570797688
11.4828968776023,7.32152301726679,1.58750325876965,0.590719577240504,0.440970239709864
10.8143004774155,10.5053316242917,1.08654945812289,0.27874637680122,0.314241804286043
10.2233207091129,21.1450744243378,0.451740989495212,0.0615272597100355,0.0844377504310326
11.0993916100221,11.4180658149063,0.962959578744736,0.230937106303985,0.261690126692768
11.5674868134603,17.0763321363438,0.55803302675318,0.0985826173824721,0.174449863456099
10.1971648809237,9.74625176434333,1.25784136750102,0.3117616291812,0.175634132511865
8.97440462928472,9.95008348890686,1.32930014129523,0.301661104329878,0.206865633714233
8.50002286710594,36.7264165878798,0.21181727653381,0.0187034740086843,0
11.1274134902079,11.5537651697815,0.947142617729141,0.225331082430813,0.260057036435063
9.92099261502932,7.99005062120397,1.64501315431811,0.467333202267205,0.183805778041879
11.1012761146042,9.41857794066436,1.21632280408761,0.34646953353195,0.320745228796539
11.4673584132046,5.96420317245928,2.01542328805899,0.897823659602827,0.497660150458283
10.0432475338342,17.6730776822603,0.58822583170462,0.0920896035751031,0.162056636449644
11.3317494265816,5.97333788326034,2.02926244924308,0.900127313353461,0.510240257242291
10.3333496390907,8.28422488827197,1.52827994241942,0.433185895852713,0.178719803020449
10.9925001576009,7.38539536112528,1.68816816065939,0.542918022176005,0.178481436217679
9.53178947720989,11.4142936283722,1.0772763613061,0.226414468412765,0.175421437950495
8.86611036489604,14.3238080137608,0.839789825301171,0.141736369144668,0.173801824006067
11.0842026554104,16.6054646132382,0.597168586050917,0.103960673740578,0.15769202277906
9.41471198495507,8.74173321982871,1.51737482387842,0.392252499728785,0.204276818179078
9.95264511302387,13.9705002117741,0.807616285109611,0.149431438293131,0.168789310031312
5.97154303399661,78.3985696252171,0.0633146978524928,0.00431939306541837,0
10.0136219556802,11.7605570535747,1.00393031655234,0.212685645737967,0.172402279003063
9.94470727760066,7.91987535010298,1.66058966166336,0.475782509638122,0.18445644673802
11.0886392438247,8.67780628780935,1.34229629940342,0.411273483331894,0.345929159355599
10.4566544691553,15.8534522173265,0.661785070118986,0.114922966014796,0.162762627501916
10.9356115186914,11.9495779033306,0.924077736179742,0.204248847254488,0.167240527383851
11.0475608234493,19.0936646549297,0.494568603618434,0.0757004997328926,0.0837471514363274
8.83327206325828,9.09598989878146,1.49148796314937,0.378702424382303,0.353747852299106
10.7937916901054,15.0457309732601,0.693050319103403,0.127600930419883,0.162230927945118
11.7168642365993,9.06455117141536,1.22473230076346,0.366114430459053,0.277890346178254
9.82182748004399,18.4787575991051,0.558920026242496,0.0813474529894996,0.0879875312140514
11.4117152804544,11.2375965710545,0.961286904561265,0.237403944387218,0.258386227671316
10.8603716659784,8.77868849905938,1.34377935089922,0.405293781531576,0.364347175337068
11.4002050925639,15.9193224014704,0.618546544183617,0.11298990522437,0.157057494272364
8.9088830507513,25.92341369422,0.363900259594086,0.0401472714342287,0.0843696590102384
6.14307227122071,41.4741159155632,0.188888453383457,0.0135270935241183,0
10.3521747535698,12.4037037206266,0.91665990209413,0.1903065900402,0.169464693722673
10.9628669361761,9.43024743920706,1.22554683961871,0.347565008312933,0.333286446410291
10.7570079298126,14.3561873873134,0.738722685780229,0.140544686853278,0.16369957891291
10.156651533049,8.36024781331689,1.52951985009704,0.425759748130607,0.179352633536988
10.2310687381092,13.8255384999196,0.803457363447449,0.152448517081622,0.167542676317539
10.8869835491695,12.0989703281403,0.912562097906952,0.199236870574286,0.167206466867459
8.33549292089748,22.406513424921,0.465012004457549,0.0537909367787255,0.0890168771076778
5.92109541602648,68.0372488488742,0.0820462893296534,0.0054867202820285,0
6.99145035115254,59.5145669073885,0.100324236462284,0.00721156152969781,0
9.85965829945221,7.19067066724666,1.87441291944064,0.583667865887388,0.22457995004023
11.8037579961908,5.88422015462917,2.14022694430404,0.84953246597346,0.181589400974351
9.1861843722465,6.72181254789059,2.07294165328152,0.72602547888746,0.517270649132487
11.1447147236053,14.2461761203022,0.728766584060153,0.138435404426851,0.0880508872928893
11.080450649113,7.43338232026675,1.60132160495021,0.582506703719471,0.475435528110304
10.9554396930089,11.536961845572,0.959797377563727,0.227248329643411,0.271194364535656
10.8182383442452,14.4770657938954,0.728778442638259,0.134323014679456,0.0887324463674886
1.34587359954179,74.003842255258,0.0294717587172426,0.00163799903700034,0
11.0726326387034,12.9599731409093,0.825345693118649,0.172742739073822,0.16452425526992
8.53290838451182,22.6578009790222,0.452574174408898,0.0527444225086886,0.0882519241287568
9.31818849978063,6.75142756376334,2.04395854435822,0.715741969224767,0.498681634291109
11.497327329948,5.73089352339429,2.10647367418494,0.972189953155697,0.505676613427943
11.5725321023274,7.13465849034745,1.62662777101868,0.620507452717758,0.439660035024859
11.1546454463323,8.70024882705185,1.33252570246949,0.407968840986839,0.339039641922436
8.87389627350128,21.8697288504671,0.467087928788055,0.0570292912769062,0.087904977435422
11.273109734815,8.4773999600063,1.36386589034973,0.428509709620702,0.335626006208876
9.61458583986521,9.01636514480017,1.44339920024084,0.36600450086754,0.180139868427711
11.3926289662469,5.99229273419947,2.01402791189701,0.892087986829503,0.503504141927062
8.38597083167882,21.8283633235834,0.481527750346424,0.0568465414822471,0.0893286347124989
10.096256665027,15.7599523439881,0.682962400043389,0.116554137399451,0.164966608685097
10.3039055252704,6.18248740978765,2.19760166151344,0.789234444427734,0.233887737652442
11.5933390147864,5.97442690280375,1.99555591588138,0.890038803491353,0.485382861088535
7.13276384243704,39.4691269563056,0.199309371332904,0.0156039681285152,0
11.2165358554224,6.12949530857528,1.98432493785152,0.858365613395264,0.514478302666779
11.2939072884511,6.40467705599696,1.87681398964342,0.782532490079691,0.495001405390297
4.81534974392337,107.635196889423,0.0350695266707054,0.00245689040077598,0
10.6936360057517,8.34043760056986,1.47830481192253,0.425908025762943,0.176818534706899
8.7472617234436,10.5974275481468,1.24659315837152,0.265194090641176,0.209376382732997
9.49731896265105,34.094467551449,0.233328800664163,0.0232919169222461,0.0857378752550099
6.62730247708898,71.7669730755858,0.0727964638102254,0.00513095804270392,0
10.37406133621,15.4334592363165,0.689119736289533,0.118031696468943,0.089088317233643
11.2994144249152,10.5199216118081,1.0593229832686,0.263703286213174,0.168296163046155
11.6076735310644,5.95748882335516,2.00031655833098,0.894645336687695,0.484819876082742
8.91082679495723,10.3498871329336,1.27077148763649,0.277694344925234,0.199393066873666
12.006305138892,5.97060422435927,1.94671464149139,0.876185771101412,0.448503170325736
7.07509231495216,46.25950007215,0.153693903802783,0.011489997004045,0
8.18735201185361,17.45860181736,0.672614351391475,0.0933997799378574,0.17256836108963
11.0111780245097,11.3274656394503,0.983982617590617,0.227631113537799,0.168094222385981
9.45749903274598,11.9465867969718,1.02170619937231,0.206241935576842,0.174829766146031
9.71265150980323,24.8770016247644,0.369113948059939,0.0439730467812013,0.0827011229829447
8.45399194504468,28.2312509858446,0.328433308244718,0.03348004287452,0.0838163349558407
11.4627630116942,9.77636571408052,1.14880258978283,0.305417460477125,0.169168698205663
11.3971608418135,6.82801335645272,1.81378686591614,0.632778440768342,0.17870672683875
9.43840025615932,6.5966231295803,2.10264276186588,0.724372942242268,0.386126588390895
8.81054024981163,23.458432896368,0.423684184012799,0.049280590872979,0.0867803220921601
10.1488472051495,23.2635655803013,0.396206072007246,0.0505278842691337,0.0827456874379672
11.1837710936478,8.60179182211798,1.3481471546768,0.417247548376922,0.339632923918768
11.5433857846218,8.33139739040021,1.36875401913704,0.439390256673196,0.316477768291297
9.75919256842175,19.120757072815,0.535215503073052,0.0757769455100032,0.0876225275431652
9.99114195147714,30.9852775386747,0.262713006113477,0.0283157177798392,0.0871713911132935
10.9195166740878,7.01885067118717,1.73008699641765,0.659673449710219,0.507434501028569
11.5460953773525,6.93828620131303,1.68312342062129,0.65769270122447,0.449575410368719
10.772155205997,9.85003172516323,1.17785305140831,0.319774265124228,0.338317664111672
8.71425132913348,9.27288929601363,1.46897771231053,0.365153616504387,0.362401877935847
3.34678433838627,37.2366622134083,0.207390427126679,0.0117642963676468,0
5.0509196196268,53.8030718516292,0.124428209857791,0.00784134619684935,0
11.40701855985,8.46232882307499,1.35522053797335,0.427759448619723,0.324084152818934
10.072948501986,15.9017506161699,0.675032473992773,0.111068405242719,0.0895029437863757
9.31811317718456,17.1105903870225,0.643937377611628,0.0984548672812455,0.167102200152347
8.90341707707809,12.6138062659883,0.988430248494904,0.184131106570975,0.176350270806405
11.3477953769593,6.70973792024693,1.77224631207126,0.710146870902682,0.47723311477728
8.0157801924289,46.9597326672494,0.144517102119797,0.0114796997204882,0
10.5024453961259,24.615190820364,0.357516124591839,0.0449829247565361,0.080292786332042
9.23584117605292,22.9297213576208,0.427225800097246,0.051879712481027,0.0859350911903108
11.03610063881,7.77984943008987,1.57565872149283,0.488408053650656,0.176873500865365
9.02406702152052,8.35302850711186,1.63157024378538,0.450014248436022,0.359099054442114
11.2123941803681,6.11108782812344,1.99176455608164,0.863774106794939,0.515713039536749
8.67603601929379,10.3031524315756,1.29496673901719,0.292199390806308,0.328258647031303
9.4725100925906,15.8605718086331,0.705516476430258,0.115155360487292,0.16823817927214
9.56074134957485,28.1781058714378,0.304172409246404,0.0324762882515326,0
9.25465260585152,25.6781861985831,0.36187136079264,0.0410848379833393,0.0834719254944467
10.9179643954799,8.41282161080483,1.4080094918444,0.441733784866023,0.371187078250724
8.63245381337874,55.1759778682303,0.106756641709659,0.00859203338189,0
7.90580541391073,54.400888954838,0.113064736046235,0.00869801442212297,0
5.6594209730543,118.156013184281,0.0272509484261526,0.00217543239372297,0
8.81650246923913,8.74079301271137,1.56665139484653,0.412147642249017,0.37000336437148
7.61831250152463,75.2240138361991,0.063895592910034,0.00484241253985034,0
9.91186592665585,18.5864483878233,0.551364249047731,0.0803763432719773,0.0876367333237539
9.60669852317606,6.52320316306565,2.10877975121523,0.737041323148803,0.37014028307914
8.10246078079215,16.3031733670083,0.741652230299098,0.107441944464873,0.174615068630788
10.0477976715642,23.4694671522552,0.393592828190648,0.0496183266411398,0.0828813305444186
9.30214388731594,8.63135751920757,1.55131830228033,0.404270843370157,0.220824984604899
11.441992048392,11.5401784301059,0.928103791052346,0.224882924399423,0.257037311819402
11.4147499129598,8.18482103391383,1.40912224893614,0.458247175872407,0.332817845008709
9.90095368994315,7.1557198631693,1.8811863034511,0.588939947184055,0.222090083601643
8.87244475537723,13.2755902523437,0.926982051449405,0.165737038836482,0.175419541260627
8.82330390856279,53.9456168359079,0.110031357713178,0.00898447931276275,0
9.16240451581243,35.3912701271594,0.217690373969469,0.0203623481436449,0
10.7474918231415,17.1705918757148,0.584000443435004,0.0973455962004273,0.158729666909909
9.02040437725109,9.23493725648325,1.45306966106885,0.353256157070599,0.228742345618513
11.32920067218,6.55251274210162,1.82376514375095,0.745897291874816,0.485419644342236
11.0364303814872,8.92067844068127,1.30331865342851,0.389121656763459,0.342784241052586
11.3334073240807,6.09669334020069,2.11070336339952,0.796153895716106,0.182702153873339
2.38317415505651,131.125677449161,0.0213351679357345,0.00146500662071985,0
11.1150095312589,10.7654604295482,1.0339589889705,0.26144314292006,0.278909734291375
10.5700911321294,16.5023227049569,0.622778020272583,0.105749602024356,0.160952659910333
9.73481216900347,13.5822884059423,0.850067333222811,0.158450552766987,0.170598719617779
11.376964081389,5.95368547930206,2.03112938284359,0.904445284470939,0.506763273847825
10.9427531211995,6.8898930746112,1.76490835331416,0.684459948672856,0.510139008702183
10.9888071949939,12.0561771967222,0.906704376827265,0.207063933627427,0.259726449815146
11.2103672282497,15.194804540526,0.665663970989125,0.124542220204483,0.159539015276426
9.10698351407479,7.54474491930247,1.83194932010475,0.554933057256824,0.382807000963096
10.7868834168342,10.0630866309877,1.14673309217172,0.305527308306163,0.330291511315078
11.4056090552656,6.22669670314097,1.92512105657704,0.82479848322312,0.491870885272253
11.0197371998117,7.21300356694474,1.66503711591335,0.621179585986848,0.489760688341006
11.7127056000667,7.4127882328776,1.54188984986104,0.570378456997572,0.416764252118169
8.82303934505273,22.8800145448809,0.438909603477323,0.0519011342511784,0.0872162815331358
11.4297293052101,5.80243601478363,2.08537471542387,0.95074700129532,0.508712441449555
11.4046998905978,8.4115410973461,1.36512841074482,0.433180101638514,0.32599658749731
9.37867530548127,20.6876097552277,0.490581527636066,0.0642705767546188,0.0874043872080204
8.57829955772096,12.8590956279617,0.984710221770825,0.176466411040456,0.177481717645531
10.8364145160468,11.274468570383,0.995222316056298,0.239811089807775,0.289574405208568
10.418323177745,6.93483740404879,1.9023132194225,0.620066336802613,0.18501474673254
9.4615746379074,20.3749654685889,0.498744814759064,0.0663621878507681,0.0874260602748417
10.382364283632,12.2029056583895,0.934042211355641,0.196724019723139,0.169678450173888
8.14169359855439,25.2564243594639,0.394338621434572,0.0418271932824484,0.0872913024052586
11.250804439554,6.27622091019529,1.9266144864507,0.816925101564995,0.504690021490766
7.87651925475412,15.0833254579955,0.834388484411186,0.125538146758202,0.17741720812525
10.4080319645657,6.40697960058147,2.09430883157842,0.731117831872115,0.212461016888768
9.57691882082616,7.41018801218269,1.8169876420572,0.566805084730364,0.332931833227086
7.88936144160326,26.7943555810718,0.365769672719107,0.0368166945711613,0.0867862748793234
11.2981404137063,11.852086196041,0.91705429581461,0.201899375866265,0.0900523585564849
10.1217806445347,18.0512314763617,0.566402905847545,0.0853809507888535,0.087487086370387
8.76330161252619,17.090343784989,0.668199657537179,0.0983710169064889,0.170128679562627
11.1981377140813,8.79170526720855,1.31240003444016,0.398476424556919,0.332012204779171
8.04436598227083,14.7983504715156,0.847071159716853,0.131060292353613,0.177034763694335
7.77675767154948,23.9181652101758,0.435442028526041,0.0463833014297003,0.0893974641223146
11.2164472717272,8.65393545958445,1.33571542837812,0.411487234269777,0.334890854799682
9.98598065427374,16.7937859555991,0.632195438331162,0.102306402909619,0.163853904110263
10.8359100265999,15.3761639459328,0.671810356990236,0.121996850364592,0.161402483241015
8.41341512953964,15.4589189963199,0.78139235694377,0.120517333065678,0.174322191296142
10.5517847664245,8.97365993152796,1.3618214429982,0.367669156249498,0.17577819414884
6.71549135404186,24.8974294031615,0.428835961862061,0.040676830698242,0.08081241862574
7.46053420167074,42.5688028009015,0.173990564933252,0.0136386543943731,0
11.4582702102178,6.7256210867706,1.84144469444533,0.651817638361483,0.178856398884817
12.021009653967,14.0815241298809,0.696498280255957,0.14402402304291,0.15685984756578
9.74887210595519,7.22683822230714,1.87445607075188,0.579386992000778,0.234037744903959
10.0439121016844,6.22451772085489,2.17335040185718,0.800229988472298,0.338394622236792
10.573938514097,17.6793219924232,0.567996871260261,0.0917934085267533,0.158877042246892
9.3906042569454,26.6914496266268,0.339126949811221,0.0379856636499008,0.0821128908359453
11.0173150515276,17.2779593571001,0.568966662774326,0.0958992556351111,0.156874361589814
9.07798793453864,10.0177789378796,1.30974587814503,0.296380241327369,0.192684061618931
8.89984025041648,8.32851965645091,1.65085348671111,0.454812044829377,0.375924329054611
10.5361955037702,11.8393765984277,0.960705444976626,0.209000164492963,0.169569452027146
11.5814331283415,7.20016498570795,1.60850457944108,0.608776826822569,0.436400383822379
9.85436320957289,34.6531404555996,0.22302077534744,0.0225935705063059,0.083495194552052
11.0736161117257,13.9109860702619,0.753421311213711,0.149446563667057,0.162722077898776
10.577033945829,16.2506482811655,0.635301405315312,0.109127926543827,0.161355637200406
9.73589967529023,14.9033928696573,0.752901170151278,0.122835444773678,0
10.7231244567414,6.09373828434244,2.19219653925946,0.804762577405963,0.202987501033216
10.8695771671865,11.1896569223871,1.00228008091405,0.243350912532708,0.288949615374951
11.6892166677552,7.37856568605267,1.55255590259687,0.576383810253901,0.420098931964702
5.39973821050015,42.4118090411533,0.183790112399094,0.0123322434156284,0
10.7904524797631,9.80821019455893,1.18246081004046,0.322397308173242,0.337854541159182
10.0680044519716,16.6090596559579,0.638154516903304,0.104636427883575,0.163691266194058
7.94848417153202,24.2721691743432,0.422408876123397,0.0451959746215582,0.0886415190084425
11.3398947723831,7.78612951117385,1.50169030051717,0.509662335030909,0.353606195626495
9.70611358986249,26.7693755217648,0.331541424668996,0.0378307545867202,0.080971817703518
11.0078983887763,9.08759740929278,1.27719902889239,0.37480207048554,0.340023628654563
11.1614728060667,6.81608243540341,1.76145260380121,0.693170839994907,0.491086342556669
9.73371962290277,19.2699779012339,0.530312022492876,0.0745640442932776,0.0875695574941381
9.04255234615965,9.44718829508009,1.41119086181026,0.336343519798651,0.218039472216993
10.3292040148139,7.40419650499283,1.76176420573107,0.543548810575054,0.181624525138221
10.8488379995103,12.3617235016627,0.887173677785924,0.197144752919455,0.260084767173099
9.14437482857196,29.684039626822,0.293246679923739,0.0305074244162293,0.0801858972282064
9.82733458605829,19.4400497393016,0.520821623224696,0.0732273049715643,0.0871481806889198
10.2137482945783,7.25171043240197,1.8211996599073,0.567977554989402,0.188484749140581
11.6549076924481,12.4203552311644,0.83815633697046,0.18703053728345,0.162339976206736
0.191473523798313,113.762192496445,0.0225612721185973,0.00114510828618103,0
11.0956773167051,10.6860028670947,1.04466302656437,0.265779580243818,0.28294881696421
6.25552782500716,48.1809360123616,0.147084773394764,0.0102853244559189,0
11.3281826031029,8.23976020773445,1.40566286900942,0.453533770678425,0.338712145332985
9.14161270331686,32.8934442095706,0.250665059298969,0.0247804427942323,0.0771407720067971
10.3339594986807,25.4253440199344,0.340085939984166,0.0403045488588155,0
11.0736913527525,6.61361585943916,1.83453182292241,0.739894843169372,0.508032880576926
7.83425941773788,31.4456492506714,0.287419308174446,0.0265302049135016,0.083009636824957
11.3242067673921,8.05037391185485,1.44518475750122,0.475989455044216,0.345645049576247
10.5607966540733,10.9530986706524,1.05871617211624,0.244973277857814,0.171208996477421
11.5079788619398,14.6329108888878,0.68555094132248,0.134068292403479,0.158837259175632
10.5358619716439,11.8371834665863,0.960950685858547,0.209081287185005,0.169574913550674
8.64961380056004,24.8581292927951,0.392791974931772,0.0436210271706952,0.0860953219496185
11.2386162737515,20.8689716892822,0.432134950427649,0.0629559146742869,0.0814475390719019
11.4013648934724,8.12513234475362,1.42256342008949,0.465501059491189,0.336076315033009
2.96186226932422,63.3307582761985,0.0886483571558573,0.00475384020384523,0
10.7451338865613,11.8913640026581,0.937583856135032,0.214920161983866,0.280451734081406
8.26118777804989,40.1202423331366,0.185550163268599,0.0156344831388173,0
8.21787400577398,14.5838440373903,0.854517318717319,0.135501440440456,0.176540024283586
9.52812197142436,10.3776224690115,1.21620984378298,0.275014939988285,0.177478706202149
11.1319151304606,8.36864190077484,1.39741509048297,0.442696648781613,0.352341645955391
9.11917166454252,18.9601871020307,0.563216729025815,0.0768940518797155,0.0895723284662679
11.4362913313333,8.53565488896897,1.33894632784635,0.419662238605172,0.319041425733074
10.4905733617149,9.94048437790847,1.20248854685609,0.298778765673013,0.173745030294055
11.705912202497,6.81919436951033,1.69998997371723,0.676841401157551,0.439640421946858
10.9447028979913,6.9891082084765,1.73570317806839,0.664704080667448,0.506020111820203
10.9125894766614,9.04113403587044,1.2930692416463,0.380338502145442,0.350606297648014
8.11378012180188,49.0825645134136,0.133586420323459,0.010583786920015,0
8.51505310967471,9.65981389360977,1.41952011697505,0.325914019174683,0.273419656616444
8.68551476304043,39.1290188217563,0.189530883373053,0.0165609918084724,0
11.2163248116,6.31858592679455,1.9159676255853,0.80700535962342,0.506250057973495
11.1628498228607,10.7987539545881,1.02685710825962,0.259231334212327,0.273693104864347
9.10579181406939,23.7204179115672,0.409877253055879,0.0483176822902889,0.0856568768193046
10.6275057588195,9.03489079126857,1.31880146044792,0.385454735609203,0.378898710805585
10.9425177988791,8.43178228127779,1.43336544064672,0.415436389790167,0.175327761977221
9.79537143553766,12.8987682288019,0.90509975134208,0.176148366893551,0.171462378015393
9.68104240188745,6.73315755207639,2.02237346261603,0.688730307323238,0.351748153581894
9.61318797919755,16.7486549604262,0.647970318792142,0.0997461898835857,0.0900337224313005
10.549557764659,16.0490900209998,0.646527577691667,0.108745391909273,0.0880417091784629
10.3373085130914,28.610215275328,0.289538659533296,0.0330867440763221,0.0769905709345067
11.8791011161152,10.1370221255986,1.05754478280977,0.290216967510673,0.257938000051404
11.1654445117999,6.19928052853609,1.96505024228025,0.840673494960029,0.516458359558655
9.04308637064282,27.0451627886567,0.339187256420125,0.0368598444476883,0.0829457371362381
9.55083872019107,8.9880206679821,1.4551486788905,0.368348329149705,0.180559802720971
7.34707634303853,40.6314709695154,0.188643595158696,0.0148656851364116,0
10.7318974739506,13.7203168932729,0.786806176396145,0.150195065059383,0.089690133945975
8.69030706592975,13.0725762284009,0.956876152938267,0.170794996521269,0.176609306147699
11.7837010089109,6.69392151703278,1.72851534993854,0.700679668643181,0.437605195330963
10.4485075011122,11.8488542679987,0.965512743547615,0.208834090340995,0.170009594785409
11.4026643634239,9.97172526132201,1.12497570311043,0.293617965875014,0.168999259811568
9.85845683990794,9.15941892126259,1.39185167798506,0.3543246147496,0.178643985302826
11.7259502973325,6.74964580891617,1.71817992477494,0.690579918621931,0.440569308530017
11.2792997440553,12.156433422182,0.879493417677114,0.202840715045325,0.256549698508487
11.7192352510934,16.5310580119497,0.57671342656859,0.105149889347519,0.174541250930234
11.9849524171632,5.83509359124969,2.00179357160197,0.918744264368926,0.456520841025857
11.6981055412245,10.7753553818459,0.993063724804753,0.257338843340109,0.257280646534088
10.5360939611737,14.9656234484024,0.710477858858578,0.125682755326445,0.0890644631522992
11.9248662617681,5.77873972518583,2.17393157144694,0.879496689497109,0.18164673812875
11.4440586779553,7.31454756412205,1.59326335738688,0.592846341826012,0.444846554707882
10.3616675117152,7.5080767777972,1.72683675884602,0.528365387736417,0.181085600229109
10.41501290181,17.1118413747293,0.598057917002932,0.0952885112821663,0.0874727103197809
9.90402768029337,23.8296126074476,0.388433220807174,0.0480747083332084,0.0830267187270845
8.60414982570601,26.4245283022947,0.359742056887752,0.0384383740777645,0.0849038930322912
9.00230210229602,8.74654668676153,1.54607187068903,0.40883947245739,0.346015381007252
11.2899074846491,6.59742710445295,1.81399873957071,0.736809568308413,0.487365246302084
8.93089240348397,10.7464119520733,1.2108528389637,0.255903825181344,0.182779839217168
10.7220657844845,11.9097021791695,0.941667462391169,0.206139246243713,0.16846316862009
10.3874345478987,18.2841319878595,0.547353264733694,0.0830853134488425,0.0865094414238602
11.4964235014741,5.99975352085816,1.98205769080908,0.912827352649565,0.582445756187525
8.68774001489547,8.40850846639099,1.65561030990104,0.449219962777697,0.400720118301367
8.19947945480386,12.5274662957181,1.04413489160306,0.187086481070705,0.206996948827589
11.1304495343468,11.107969090195,0.99408703721841,0.244519044722524,0.267709077013764
9.32364123110379,9.10290978753629,1.45201158418358,0.360960080555607,0.200054985259347
9.78591222546212,8.04939351986506,1.64249752612747,0.461872286909324,0.194499516719565
9.55196228589981,18.1401533845056,0.586164387398244,0.0873097783707748,0.164147215284725
11.0819721438867,6.82293405377088,1.76860857067962,0.694097115078015,0.498712548977609
9.02698125523471,42.4303342657148,0.163337263597557,0.0142164881186619,0
9.07176451295637,13.0991503216901,0.930843433527377,0.170565162122853,0.174728002573492
10.933705531911,13.5577174505787,0.786194849216668,0.157765003870052,0.164171042927835
11.1211620700373,11.5853029141377,0.944336852358032,0.224108197468949,0.260011064553699
9.99861354735079,16.6436479218214,0.639281893597678,0.104207581936285,0.164032658860604
4.02610183817522,181.857898746422,0.00742330502139645,0.00104589955194201,0.0131717853158964
10.8766084030537,15.9465954599153,0.638472089496815,0.109948270554668,0.0872017786289035
9.30898102987441,10.2918611455094,1.24723176914664,0.279647364890995,0.178678533751577
9.87180070433049,7.61605837924696,1.74795844991445,0.51749519577449,0.204451467015742
8.1383099271187,33.8954503730258,0.244813904554065,0.0217782734250603,0
11.1768145389445,7.52043626222186,1.6287520934803,0.522125753468621,0.177075641941549
10.6304881293525,9.27724121097522,1.29902438588654,0.343379212195703,0.174620103544226
10.1869753060151,22.676650154502,0.410013379819065,0.0532612972924473,0.0831602904177558
11.1664423310417,8.44498777933481,1.37941519958802,0.433815535519166,0.346522105456517
8.85845467403443,43.7808860909291,0.156374821125421,0.0133463141065807,0
6.0653049024467,24.7130777891859,0.442454399090358,0.0396194784116733,0.0822732712011345
8.56429228275988,10.2768045776296,1.31062180541797,0.284935834774771,0.243474706956057
10.7970097357629,10.343021106866,1.10854970617536,0.288257997335733,0.320775358352564
10.0112348739578,18.5834936239099,0.548040627022105,0.0804034666365205,0.0873472880938813
11.5680909386731,9.42836231471475,1.17923626706088,0.339245392960114,0.279162047731419
11.7419818867837,14.880447325314,0.660589851481507,0.129174925420983,0.156973067867445
9.01586538874193,17.034275527256,0.660377246988737,0.0992304971865176,0.168853032608809
9.45395866157832,13.4529752867197,0.876937842137386,0.161632002506995,0.172256639766418
10.6287973293542,15.8678006564844,0.653127477105156,0.111277953387222,0.0879833890653235
11.8304338465975,5.54959883359397,2.14154741210699,1.02336854012695,0.483774842490516
11.2886427936909,9.7529811714095,1.16587259630646,0.307673959324482,0.170118488608211
11.0721688564971,6.51571584159813,1.86660971522284,0.762760920455879,0.512246891813172
11.7865781831472,6.56713053322392,1.76700413645656,0.728461515071268,0.44243964471355
12.0620925481691,6.07843882530351,2.01299681535983,0.791956510355109,0.179078046204256
11.5521700045476,6.35763704260273,1.86192202885437,0.785799852786226,0.472461116544981
9.79297766182487,13.4908827677207,0.854027589000942,0.16063698946293,0.170435781286761
10.0199193187068,6.78365748616743,1.99373754380125,0.656069200997562,0.22868691817926
6.87353358825165,65.4487663906494,0.0851970144454142,0.00606937412804682,0
11.1637423569821,9.00830896793027,1.27770397116629,0.379295907393937,0.328099623088548
8.13706736538444,18.3444411379704,0.623815646587397,0.0807940619817919,0.0818654194573439
11.5766991631057,6.96946857709023,1.67111486344723,0.650857564896564,0.445563241283564
8.43242724125986,38.5473758511844,0.196514679948141,0.0169736667223432,0
6.38545103412493,82.3109283625811,0.0568477511645848,0.00403116068374522,0
8.22872259295919,35.0037460602785,0.231629573602663,0.0204619367371216,0
11.4948984005374,9.75802444354913,1.13671130651972,0.316611453088337,0.275398095993394
9.60326187317011,14.5901826875285,0.781211335373746,0.128334054374981,0
10.0149373006003,7.24019847049912,1.84359259604415,0.572919917907306,0.207261765721763
9.9958707281572,13.8170323300382,0.820874479283251,0.143943545616046,0
9.04986937218035,19.8866800881772,0.529006602191209,0.0695970889136913,0.0890125873831231
9.25529122514774,15.7574626473097,0.718053549598164,0.108985863510192,0
11.1041825063266,15.7203989652433,0.641170814565804,0.11629756633665,0.159202349952118
7.27234988104668,93.993734390232,0.0417039940945135,0.00328633092391185,0
11.0624813513758,6.66142922035081,1.8206537267417,0.729460380620623,0.507196117798348
10.3984539093697,7.04807148400707,1.86676141675136,0.599983120055851,0.182670068750263
11.5531554563179,6.20150595681362,1.9161511981125,0.826511900344677,0.479057271438382
11.4649734344928,5.85305383099807,2.05999115730008,0.932804212993426,0.502994488618343
8.63419385821513,21.4451792144352,0.486983739358059,0.0592123308986831,0.0889292342581434
8.14233318211022,15.8145469628439,0.7708036595577,0.114484594291632,0.175127211947672
10.6072592692739,7.80074242773795,1.61766994801041,0.488095894811691,0.178902589508498
10.5826656645021,13.1119554357851,0.840297243807772,0.169513182685659,0.166920270968969
10.5367287977605,17.8063203902014,0.563916641754443,0.090474370125105,0.158878258161173
9.74407835689237,6.6779944110703,2.03440647473432,0.699048181563502,0.347323982846136
10.4818410629732,6.48440080201755,2.05674100681562,0.711796886185036,0.201996683142794
9.95881851498639,6.29330637268183,2.15558003358809,0.784433927425977,0.343696880780351
8.20288116334957,25.1946862630241,0.394514180057823,0.0420951828549998,0.0871614942301037
10.8026189884338,8.67000363056487,1.36898606972053,0.416940850042286,0.373672811344056
8.77921387905061,10.2976914478625,1.28948090115322,0.281859830619199,0.216640361986253
5.54175665946843,33.6471264283449,0.279104507389551,0.0206789235193287,0.0878747811846336
11.1908966765556,10.9294404011871,1.0170284988253,0.244314362010331,0.167978174965211
9.41863188976546,20.9096375683141,0.48210087096817,0.0628779364575816,0.0871018396178711
11.5756423458591,7.9335871706355,1.43674238015165,0.498930070394099,0.410787595767972
11.0916051469051,7.1491168303356,1.67433429538192,0.6306529684348,0.485011017752433
9.80422395205656,20.4369573392279,0.486282730946953,0.0660127799444182,0.086351033247558
5.93607541786532,59.9483995802338,0.102338620147454,0.00683951204781358,0
10.327659746564,6.20037681837084,2.18741435112979,0.784059302228114,0.230773153300373
11.326485883673,9.5410254891652,1.19540311378492,0.321540645549709,0.170443573108224
8.00948789852425,20.1070793703666,0.551960118474107,0.0665393370607533,0.0810021688511581
8.6807354912581,25.7998433537687,0.371187795183538,0.0404245402842766,0.0851989980488363
9.36824697174756,18.0567838600419,0.596763192818353,0.0881182539118477,0.165317464264732
10.0858414720533,7.52684473564546,1.75256737924265,0.527263080274512,0.18774122779291
11.5994000440392,5.72040421606357,2.09750992143797,0.971688227502473,0.496612466816522
10.9963367009257,7.29643507838627,1.64550325225472,0.60732797671167,0.488959492972231
10.7485615990372,10.8018209758373,1.06385948743156,0.251548833740786,0.17056582749474
5.49624665330608,38.5350961187364,0.214600901280336,0.0148628382511745,0
11.2870636361009,6.56409020576539,1.82499240157286,0.744540802765601,0.489005142838801
11.6314976647789,7.37912122944635,1.55813887028283,0.577686946067958,0.425264364665581
8.57417068720201,33.9670831910337,0.245756071312914,0.0230587961072515,0.0781643426181985
10.7471181330306,14.360501350033,0.738919602596165,0.140468834229643,0.163747986202403
9.98702244200527,17.2969403667183,0.60763901307107,0.0962735057303381,0.163006004107186
9.06914542580788,25.6711105360726,0.365904972118413,0.0410376630791443,0.0840816454780588
9.97365882948726,6.70408715519358,2.02710047649625,0.673173507114644,0.237066187279751
8.49951519796743,57.5680287518228,0.0997578524070473,0.00792909681502426,0
4.55234938434124,151.757442281943,0.0144457583226994,0.00140778457921627,0
10.3788040305417,6.69817646404016,1.98773822280478,0.667198575665499,0.200052759645031
10.2580230022405,19.2994411282813,0.512195821147316,0.0743183822996439,0.0859908820796299
10.1240499776983,6.57803948089857,2.05783362450795,0.697375053816236,0.229221649466803
9.87424269359827,9.64708519192325,1.30251826513164,0.318858222354886,0.177414133668789
9.77216311077695,7.40017231514315,1.8194943391765,0.551091183574045,0.223846893609663
10.199039486323,12.4492221650756,0.921853276422824,0.18907014058939,0.170181944396276
11.0590718163554,6.56937665224626,1.85058806955811,0.750545846523927,0.511326829105658
11.4065453893252,14.2788837509218,0.714225613092125,0.13739216070016,0.0872807646815805
10.4800628049191,18.8859553702648,0.522740057957074,0.0801918185151391,0.157337756452303
9.4580408203333,17.6344738236873,0.609798528204975,0.0895792313067851,0.0897203919992185
9.16102974615209,29.5576412405429,0.288727706361021,0.0293156734114986,0
11.2416785677861,6.86847987381728,1.73676305883358,0.680094722383981,0.481143718936772
11.4952753375686,8.04127860357743,1.43165688446842,0.473791133776801,0.330634378097812
9.72782474486897,12.8792907280483,0.910836771991633,0.176713987555609,0.171831262877535
9.88581738053513,6.42568466647721,2.11195120876308,0.753330652488907,0.34466300879444
11.6020227348961,8.00375125269841,1.43008768683071,0.476347047805684,0.32259899810662
11.2651117244722,6.39864054121055,1.88234767333464,0.784986038410514,0.498052234789454
9.77712658551444,17.0815237856649,0.624222058071309,0.0957712938696819,0.0892950288029654
10.3256489822323,11.1341703727069,1.0536369584595,0.237393609846919,0.172032092345323
7.70166711607585,87.9443938861194,0.0467875263243195,0.0037051680339006,0
10.9071623116213,15.9726123227315,0.63578017910184,0.109546085499062,0.0870876558324876
8.94912984530962,8.20743019244005,1.67451349051346,0.46815560933711,0.374586165697883
10.1866749338337,7.22934801497496,1.83057568788816,0.572066780345388,0.191975253213227
10.7033891341482,8.16046503656436,1.51850704370886,0.445125666860377,0.177310861408637
11.228370667443,6.85356849271094,1.74266266038538,0.683508078582657,0.483034879972911
11.0036523895046,6.69905030842541,1.81586469729683,0.722947704613859,0.511610173412614
11.6729429406523,5.6018649229243,2.13908726063332,1.01066204937,0.495527879465184
6.70227584352778,75.4079642836118,0.0662376202801708,0.00472176754140261,0
11.0259117052259,10.8773318907497,1.02696915795745,0.25673008642145,0.28368155769836
9.76350012774974,17.6227928599779,0.598822385807301,0.0897652425266964,0.0888838574099857
7.39484038771314,27.319200915445,0.363726900640442,0.0348569484627029,0.0878153101211794
9.38906876943091,19.8007696799244,0.521494611250346,0.0703935233796762,0.0881203721547849
11.1077988634059,6.69124611046572,1.80588446459382,0.721452661115047,0.501434598860529
9.91929369459368,6.48010531084526,2.08690818988932,0.73954426039718,0.338396491950842
8.38082946013303,11.541787378505,1.14623388596732,0.222784486462818,0.219636876987092
10.4783469841057,11.346534480176,1.01808830560698,0.228106854855107,0.170835090969795
2.93511103767674,87.2506411542987,0.0519974514280717,0.00293247538782431,0
11.4973844770083,7.34001737139814,1.58137363828407,0.587315284175895,0.438955517853892
11.0211585449997,12.8492085996568,0.837458244228634,0.175916863396286,0.165027763689103
5.919940812171,92.6575021196938,0.0459113883315961,0.00326184779692963,0
7.87368793988792,53.8930679090157,0.115066626836843,0.00884353343225818,0
8.69398190647122,11.6049247353267,1.11529497565683,0.218086337593943,0.17951732803088
11.1496712681059,12.579931730003,0.857253253290593,0.178901789590358,0.0896864423211883
10.8379754390192,8.43796584346498,1.4103831435304,0.440457618498581,0.378131681531946
9.07516746697339,42.1398420470203,0.16481322710126,0.0144170330692939,0
11.4621574352562,7.46104627960462,1.55503861947291,0.568781694866122,0.437802806088696
9.77567059697433,6.89862346869512,1.95406722113254,0.652980230846012,0.333633595786178
11.4037265511108,19.8224724954869,0.459339111556968,0.0698933317814708,0.081924329268235
11.1431355127833,6.97409541900011,1.71734484527866,0.661988218403751,0.486663682326895
9.82598238563568,7.06928804363059,1.91658893030016,0.605277753665015,0.233529485460077
9.90772515282026,8.97026975439446,1.42408915103164,0.369585593336674,0.178886412630772
10.7889321504356,9.66213731057224,1.20410078131851,0.332726370177444,0.342589825655403
9.4927178166272,6.66145470180016,2.07166685370914,0.708622684327822,0.376653001222228
8.44296899818744,28.1619720605923,0.329851010865308,0.0336427635632296,0.0839128914684743
10.9308534728711,9.69867087326587,1.18746445403333,0.328160559777021,0.327866627258387
11.4132647223731,6.44835747549606,1.84789533358351,0.767916730460986,0.481700244242705
8.32694893021992,12.2561894851878,1.06507753592228,0.195609820171028,0.200654487456792
11.4876539514295,7.51035761928148,1.54059048069674,0.560539518442518,0.433658461980898
8.7039881742786,12.7652439007828,0.985932896402245,0.179380686517106,0.177036539239578
11.0076204260887,7.16646276684911,1.67894165985883,0.629790738740554,0.492752012480688
6.54421933001696,31.2592290754161,0.305925660149132,0.0255647718757233,0.0870972377799731
4.30590624133615,141.206631909943,0.0203061401571023,0.00162306195600037,0.0469978522809861
11.3831222231324,7.6842875263346,1.52100140250953,0.522776805476726,0.353367442134796
9.78323008027004,18.4329706747845,0.565028067763321,0.0844790725057525,0.162312558799449
8.37473232151362,39.1239252515737,0.192328054555051,0.0164642490917566,0
11.548094764205,7.16019103485592,1.62242207972619,0.616618797911953,0.440951518243291
10.8741262419728,10.2333772054311,1.11721953575437,0.293860495926222,0.31678272331256
8.94730922859277,9.35162855509525,1.43096684913001,0.355660478747709,0.328987128701933
11.385734208711,8.2644899567605,1.39561171754805,0.449669656412498,0.332680557203434
8.72982287772956,21.3332244180459,0.488015057187081,0.0599404459853769,0.088752579369518
10.9227123166505,10.6205872951043,1.07400917084401,0.259887985757907,0.1700517106248
11.6787908083223,7.52758381387692,1.51774349051857,0.553451326239404,0.415677341386901
9.57773384511187,19.1811316748821,0.538838185004783,0.0752573895909757,0.0880900059102048
11.0432571955018,9.15804127817916,1.26257182533356,0.368269163182455,0.334425665293679
10.9994608177709,9.19646693525662,1.25987189431853,0.365729801014706,0.337302096242105
11.3739610423697,10.8068769214104,1.01172871428016,0.257076879514508,0.260282324626313
11.2465535687462,11.953771615296,0.910127294909029,0.198520865765176,0.0900807637406283
9.99937701584219,6.23131896611002,2.17605015378796,0.799584896013866,0.342662176671597
10.9507504887828,7.21637199223409,1.6717988226781,0.622426367208779,0.49661296638824
6.39706838469247,72.8675995320982,0.0714049794394639,0.00496242114078071,0
11.1012828803778,9.59642786833067,1.20527167951915,0.318794019193724,0.171464854363962
9.44973063550825,28.6231854967435,0.29874615806173,0.0314158767457607,0
10.2429758209967,14.5054094310318,0.754243453024398,0.138124047279089,0.166298722369699
10.656714821408,8.26891630305485,1.49831649392878,0.433572864369397,0.177214233381613
9.05073186963223,11.6491506343552,1.08399827662623,0.21694384044051,0.177294827306705
10.4811547488584,8.44171135068689,1.47727478040619,0.416461271321426,0.17754687610078
11.1804285886987,6.79628981326809,1.7652070871624,0.696735898661435,0.49000892645158
11.112305695154,9.14729798292306,1.25871788945205,0.368134977134572,0.328354810430895
11.8052937800823,6.46737193584789,1.79656183562087,0.750957436774808,0.444845134404472
11.7390072992015,6.47296566791866,1.80222140468225,0.751700010925545,0.450556847825913
10.1414567502235,12.5441438762973,0.916533511150389,0.18622532364903,0.17031088044178
6.81264705015048,31.2319954581544,0.303451229450346,0.0259509060667839,0.0863460505823585
9.83984083230065,6.67808420237079,2.02297323503994,0.696809715631632,0.337027090681542
7.25906522821678,60.4060606972734,0.0967532580201793,0.00707590858807153,0
10.4975029516468,18.351490124217,0.540791595382775,0.0824188478646608,0.0861192788749095
9.81005618394715,14.5305882566326,0.774601207289042,0.137891764007065,0.168608233116294
9.89629629910422,20.9136137937598,0.468159814866272,0.0629481821337464,0.0856591878567329
8.03953300760472,15.4684723278545,0.798886866125993,0.119598301721474,0.176107138835248
7.35036246011691,78.9023228525906,0.0590843961804906,0.00443471295712377,0
10.8817657234919,6.3766607929006,2.05389858802114,0.730999104591517,0.183416353169778
10.9161877272713,7.6924684321961,1.61157398276336,0.50044198482459,0.177755618167445
9.89695414368741,31.2537440260802,0.260671985416924,0.0278157493922925,0.0872612600425584
10.6913186278955,13.3389201973324,0.818518116161662,0.159239677438773,0.0901580615624572
8.88490455965501,17.8818176533541,0.623514109876475,0.0896821781219451,0.168267733762422
10.9368720199563,9.45588077423829,1.223654918822,0.345970485306401,0.334932829425731
11.290016258952,9.52885083108022,1.20030774231341,0.3225420732002,0.170661404199337
9.83576925545433,27.3467611881267,0.318829854556741,0.0362334740855318,0.0799872254363456
6.34448787048592,68.1238813150282,0.0808044642040146,0.00556355659971701,0
8.47492687749165,14.2236418545625,0.869060599556971,0.143224649868139,0.175857456421396
10.3717059591208,6.31719790252977,2.13410819197692,0.753509991736443,0.220480438291341
6.70581383838456,56.3676434311466,0.111323696791648,0.00787700737107918,0
10.5224730686514,9.02711628409697,1.35443901396912,0.363362684296073,0.175784212824631
10.9171149251045,9.51818363150815,1.21564084210854,0.341528103102962,0.334835575111534
11.4262036473427,7.32134129881373,1.5933780289967,0.592163847989539,0.446263717772793
11.1287717311608,6.48144130793257,1.87107116112722,0.769140151579645,0.508004704612051
11.051157497613,7.12973079218031,1.68411980608586,0.635265001505034,0.489789330510303
7.53076390151863,58.3809833263836,0.10159288408737,0.00757813844977904,0
11.3051046352102,5.91893750730779,2.05427831601444,0.917994688136547,0.515314801537614
10.4421857321922,15.1469590555901,0.703366291743337,0.126215933459533,0.164075811441846
11.1548249149292,6.75767510224753,1.86938189957554,0.648294493062851,0.180225708044423
8.63901469194166,11.3241023784405,1.15467913032421,0.230434239201013,0.195948315995858
9.3415350093502,8.39869205135777,1.59990057345408,0.427780124387063,0.225865013315917
11.5078878333576,6.51072862897075,1.81642001155471,0.750031732617323,0.470195312588756
10.9890378642809,6.16540630802365,2.00038224877954,0.85646191722516,0.535772850236833
9.47216856884834,30.2613759631209,0.27962220331802,0.0294203173569904,0.0784793306872339
8.89059864734536,31.575580246719,0.264209769223164,0.0255234062925515,0
8.47912585266153,53.4428462267652,0.113639996336762,0.0090908100515908,0
11.4349179418774,5.76894658344425,2.09867146617376,0.961745877649426,0.509802259626035
10.0209484455123,7.05999760147763,1.89998146218618,0.603754485311248,0.215170897438529
11.0360643428053,16.3771518922582,0.610203711867024,0.107007092375396,0.158408535838557
11.6237354058263,5.80105752197561,2.06072422333212,0.943583614200855,0.490546726478272
10.2069810740517,6.4842305668393,2.08495681309622,0.716891318317822,0.226415524598561
8.37198472827629,25.0155607919467,0.395092277450657,0.0428617336644549,0.0868012743802675
8.36666293017892,52.6600846886233,0.117170747450155,0.00932531640036281,0
9.68200779335926,17.8616449985352,0.590815704897121,0.0872751511456815,0.0889076972474098
11.1887047034974,8.06886064055587,1.45370771132651,0.476364373934195,0.357457245116614
8.26119767148301,16.0119891363683,0.752634809532308,0.111826220334423,0.174267846439243
11.761450536806,6.79793234084018,1.70021432839326,0.679601088413929,0.435494952214698
11.4924292005578,7.8224686736132,1.47930102174366,0.501667710876284,0.338596772845095
10.6139583967912,12.748931157828,0.879456845138811,0.169979282595988,0
11.2170914612387,8.52546154497012,1.35958872968429,0.424473835657709,0.339128207978175
10.6574726848722,22.5941032131473,0.400451330310298,0.0536195597025223,0.0816973202179484
10.2493995291503,7.94855722106384,1.61955582679572,0.471274483153385,0.180153827239339
10.5288193027698,7.9236224785144,1.59472297359294,0.473237340989927,0.178884357599593
9.9189979850117,6.49431759400382,2.081511690272,0.736208144883979,0.337715889024422
10.9614466941193,14.376498378048,0.727347052889707,0.13986629435595,0.162494651530952
7.51617195379719,87.3011922447742,0.0479722652825582,0.00374013673192819,0
10.2619666075794,10.0031046586074,1.21182495142852,0.295541433643802,0.174733631964279
11.3468676927501,11.8763603530285,0.901305016891971,0.212461970181911,0.256818974404385
9.83853746762771,16.2634403550843,0.664723115976338,0.106041741787716,0.0898288148470096
9.65327320948686,32.9694166825526,0.237418513275409,0.0236082219377744,0
11.3908603348147,5.98176500602008,2.01835043945399,0.895341156371835,0.504153815551851
10.91148477632,7.66833182751322,1.61845878605776,0.503655729905938,0.177858921733554
4.07392747421254,167.054077006352,0.0114571682240007,0.00121248697522882,0.0270655904753697
9.56262198042228,14.8825614033675,0.762998474289343,0.131299220923941,0.169342103455365
10.7666709653244,6.98134839939943,1.84204230062889,0.609738318802357,0.181166305414157
10.8737399459039,9.26358885179354,1.25932291917748,0.362107831516707,0.347112858374849
10.8791347428314,10.2306765327191,1.11720610762566,0.293962765754981,0.31639244833963
11.5240691549233,5.81407973916073,2.06824384930893,0.943193443569888,0.499231943911739
10.8071822056016,9.69995951940811,1.19701388008488,0.329761372965977,0.339633072690946
6.10464164991478,80.6054169648584,0.0598153160260763,0.00414007619024233,0
11.084659487712,6.91592762519674,1.82361805003622,0.619238453126576,0.179882275981151
10.8322272816392,11.9340509924992,0.932210057709304,0.205041774382499,0.167829194307291
10.9579572245809,9.30762983341204,1.24529231347835,0.35728101149634,0.337656524702198
7.57892061528183,23.7781611749818,0.434226364626772,0.0443229573025674,0
10.7727429946641,22.7814017998866,0.39304271115013,0.0526981572566117,0.0811431887641116
10.9428603053964,7.79343794440907,1.58271172318307,0.487271538119226,0.177302491414659
11.1937778339164,10.9961479078771,1.00233975853387,0.249167410990174,0.265314384480175
11.2833111946109,8.40153774591434,1.37758360096223,0.436402008035518,0.337261824028651
11.3783909327439,8.11478761540978,1.42676647737709,0.467167685660551,0.338497800678798
11.4971314223145,7.95304232376087,1.45025785498744,0.484691234978353,0.333555690952402
10.0783815519458,6.64647539730525,2.03717362893141,0.683421104892556,0.230015331814852
8.81957343317152,25.3864810406576,0.377197848813871,0.041871001709954,0.0851144072653401
7.66072942584235,24.3975732432975,0.425331717765636,0.0443664426791854,0.0893500647547622
3.35362432330657,157.042707556498,0.0154640762273316,0.00130141882988986,0.0459378733564508
9.60534785791598,18.1626464775168,0.580185036467945,0.0842888257863039,0.0888713425012616
10.3138990005695,13.2374115752249,0.845344967315186,0.166592118339923,0.168150738250056
9.78022397095921,13.6966087832224,0.838278582473506,0.155715089357906,0.170167556189948
11.1479923898928,6.81203459265791,1.76421945549798,0.694409481617732,0.492577688401859
11.3350319354624,7.97310018274295,1.46072895267569,0.485368915947167,0.34737946856005
4.93455525366469,120.918568850198,0.0267747815516428,0.00204918838666003,0
7.78406900676512,79.087681129825,0.057578377658033,0.00445226885945753,0
7.19433610104137,60.9370692810143,0.0955138385910357,0.00695360077626776,0
10.2218568618509,11.9116418199061,0.973875336472045,0.206936486650568,0.171060513761896
9.64820001150364,15.0207352489272,0.748848411645476,0.120787540217249,0
10.7521639653597,20.4495759844769,0.458183754560253,0.0658215508064933,0.0834122453275842
10.9878987971985,9.85518213149809,1.17467536584624,0.302407722998994,0.171425986338518
9.81531377481868,8.22056829273482,1.59850802089577,0.441514847158974,0.184580527878176
11.5969027483078,5.75840128142352,2.081844565316,0.958851000828773,0.495035519152647
5.01364407465181,125.855454680448,0.0241498550143429,0.00192743623801338,0
9.2389904558567,11.9248769075591,1.03908458922659,0.206933402992185,0.175922858057672
9.60944132419987,33.3320087883836,0.240127209210399,0.0243944498478739,0.0861250128765256
11.0871378117561,8.89689158089475,1.30319986664412,0.390485371867121,0.338817182934632
9.32023151935273,29.0995103818326,0.293279695771283,0.0303290684659469,0
11.373548503451,6.2488228506941,2.03759231820593,0.757113149142845,0.181641175708412
9.99150846572696,8.62059837947266,1.48832439075258,0.400464586075204,0.179401729812152
8.75888886786766,22.9575672961326,0.438434059822276,0.0514980760782859,0.0873486475410691
11.4894161082561,8.06638283328258,1.42691770172322,0.470857047629107,0.330279307911154
9.21936970649355,11.9310506315133,1.03974878532364,0.206714157038219,0.176003839145522
9.89590857424585,6.44550257142142,2.10302817068286,0.748317769420422,0.342596321680903
8.63346076195253,20.436304348467,0.515490895330436,0.0626296126136297,0
10.416306914779,7.78127113429119,1.64423782473018,0.491373087864025,0.179883677865861
11.0980566796023,6.90855622905224,1.74139785688566,0.67618120653599,0.49370722261698
9.11721868140334,9.62751699803647,1.3724307926918,0.322321669404287,0.202804945158847
10.4996019681786,23.3350859348413,0.386162066250646,0.0501938173706008,0.0815246636239369
11.4925092179013,6.07381227194349,1.95489592361093,0.89063075854266,0.579640529592573
11.1796569686074,7.06949737623741,1.68643758719052,0.642850990203512,0.479370776045065
11.2971275830052,10.5591013154568,1.05444263031815,0.261715495563374,0.168214349741791
11.1039541639831,6.44116626481829,1.88764820594433,0.779778533950772,0.512180379588883
10.4761665108869,9.0130441233071,1.36132452214562,0.364652772237819,0.176042709773447
9.86930550655898,17.1744338586002,0.616126196398338,0.0947010026422684,0.088966681470204
11.2999198697287,7.74793885681613,1.51421315722152,0.515704566033468,0.358641544129182
9.99204678843832,7.42985735564399,1.78913836052281,0.543129158342446,0.200903651978061
9.74629941733669,19.1172020081509,0.535786751036916,0.0758057025439704,0.0876631229555443
10.0218671396234,9.27782997496984,1.35428856892133,0.34493482990924,0.177577987880658
10.7450701995209,13.3646228018918,0.811124401672313,0.162775970540126,0.165581482582383
11.380716045354,10.4059602481589,1.06806505574971,0.269304005831868,0.168127438030706
9.32969222298303,15.4591354785403,0.736744954028537,0.121385513989572,0.169636609760895
11.4720507743075,7.68275363922579,1.50181377000919,0.535357894508175,0.428957817345227
8.97282352324971,10.2793367425609,1.2767409138895,0.281304821439643,0.194917623863675
10.4786332386625,7.9348340513425,1.59761287633527,0.472100694178867,0.17909941860039
11.1868606250535,11.2968951399659,0.970029256661196,0.235638729282276,0.26035888974067
10.0480271833141,6.66449078776218,2.0337297641574,0.680140620804926,0.23197378877018
11.5467070311986,8.32002499435089,1.37068702287389,0.440577482593489,0.31657194825511
10.9803732165702,9.78830279001628,1.18533100115468,0.306679137677618,0.17161488922355
11.6189773326845,6.79538567839115,1.7163198142483,0.68416713292009,0.448455690122051
8.44562531255599,23.7282791294648,0.425269275688975,0.047867944243194,0.0876397985771483
11.7191574945172,7.04709897671088,1.63486345641159,0.632501476627378,0.429690177521603
11.3156406710255,8.24599640944082,1.40551927332471,0.453054527471907,0.339634496064977
9.62670100154051,8.33524142454968,1.58850855299667,0.431119644471718,0.198667404763656
9.66493316970474,9.03373171371244,1.4350436846976,0.364558477904897,0.179864683643049
11.498774434863,7.57524080660003,1.5241083544555,0.550468233134416,0.430311985813165
11.5838696367198,8.2633244614123,1.37863888963027,0.446196023052199,0.315260012115157
9.41438645685166,9.00638560468949,1.46312205633911,0.368216745826062,0.194035827818491
9.01492453257011,21.5148308941388,0.474208291205153,0.0590829246832677,0.0877851541150533
11.1783876615188,6.18314350121501,1.96931441567668,0.844671435558717,0.515879175795307
10.6322894334556,8.49511727092111,1.45059404084391,0.410592149176863,0.176668843664469
7.86451472494645,43.011479427751,0.168336502203417,0.0135279964256554,0
9.37191038964809,17.8796085885411,0.601458269548944,0.0870057983885682,0.0897512366906704
8.96533103882273,21.2133245214001,0.485262153050955,0.060813340000028,0.0881755596237665
11.2237589586168,8.05982812948927,1.45239035142653,0.476786369322017,0.354523534490095
9.45877344746877,8.7124617097932,1.5196526185655,0.394534147300986,0.200756100816985
9.25315698831999,8.55955674409046,1.57174263395644,0.412074343260681,0.229110028239753
11.7615761372022,8.86752549199962,1.25382487778335,0.382586430561789,0.280370325253515
5.16916723066783,40.8398530836746,0.195401803994234,0.0129676401537142,0
10.6251757975745,6.4919882711326,2.03966807485785,0.707503857535235,0.189419116561526
11.4791825146928,9.8418072683629,1.1261713279046,0.31117935993789,0.274230150305349
11.5234205851362,7.25902319015164,1.59926370867213,0.600167706507413,0.439537420538554
9.45821516363814,23.9891894761595,0.394969642149089,0.0473311743311196,0.0843131292756447
8.74414402831463,9.00853805446945,1.5181664811834,0.387760383190015,0.368846619975994
9.34616136378299,8.98232635465352,1.47390707426251,0.371075795736376,0.202267913213166
8.73008225569343,11.4004744360586,1.13815914305249,0.226456557174735,0.1825264602066
11.4377605877213,10.4022677027662,1.05589697092197,0.277423294802027,0.261282830981588
11.0329223300464,7.00365246440439,1.80094834317152,0.604057316011139,0.179769978921125
11.4614251751306,9.8128348583841,1.13145417920876,0.313334882663516,0.276618992735353
9.44831871095984,15.2496751971563,0.742424265871179,0.116903036990183,0
11.4774527501455,7.55278028704957,1.53150697051917,0.554332553345112,0.433079578171028
11.485237918084,8.27864245705339,1.38411314908871,0.44626833797332,0.323357756703798
11.7716694246445,9.87864467099834,1.09946983866967,0.306255697287532,0.259940857629638
3.63890174016979,171.737254171206,0.0104618628749574,0.0011330528362386,0.024149486086138
9.63795986640239,7.47147167980499,1.81199633533506,0.542202400702715,0.234300232300118
9.96093972760272,7.72346272455332,1.71027209324945,0.50126786180601,0.191176997780555
9.63484209201226,27.4732400339762,0.320331365138472,0.0358586040932992,0.080557149555627
11.6633344086566,8.18192735061203,1.38804350718926,0.453987640426276,0.311180181023684
4.78065485854076,40.2105470852751,0.199555774893828,0.0128428034264347,0
7.29601359572061,55.1846268013744,0.113073695422855,0.00834284060792528,0
9.64759220532287,12.113870180709,0.990911272385387,0.200415630351136,0.173593219813289
11.2955849844896,6.66932360521511,1.79071583567026,0.720535297349211,0.483880876544351
8.19535165078658,34.3479971467331,0.239083206719235,0.0212345478959754,0
10.4754348860739,15.8093748464057,0.662790658737817,0.112233515363073,0.088460747082026
10.456529510645,8.53323670071859,1.46001231821516,0.407551559143777,0.177414751650727
9.51032810623793,6.4423535790934,2.15242293588054,0.758622407794974,0.385157693599103
10.4635780588396,17.3918024045806,0.584732832211277,0.0950014083649951,0.160031677236749
9.16864474557895,13.6313289593322,0.878419693382609,0.157219093693118,0.173392946833777
11.3475846753641,8.50965788059958,1.3513423796795,0.423855350264724,0.327811134004643
7.80112826214623,63.8258212969154,0.0857586608092854,0.00649301504078518,0
10.9064335075062,21.6402903045961,0.419224957320899,0.0585379516586318,0.0817913704254951
11.0663792944833,11.5874926288104,0.947657003439076,0.224177186054877,0.26052553455973
10.1548112746311,13.5235896244285,0.83110819593868,0.159593578110386,0.168489650945563
9.26000921722832,8.3479911968697,1.60775571127408,0.446853884011485,0.330260474958399
8.6270100480915,27.4003699764543,0.340340366493011,0.0356950073202079,0.0839817314017015
11.5002817121232,10.9190776431516,0.990108952605519,0.251291332374698,0.258652238035112
9.30116170935058,38.3364188447219,0.190160955146834,0.0174043204873538,0
10.8326947468054,14.7955437056694,0.707460079669589,0.128406044599494,0.0883956462958893
9.48399114488001,28.3829403391692,0.307811229697807,0.0335210741875256,0.0802283966238838
9.15229453613531,18.1820589680885,0.595676108782011,0.0839216713104578,0.0901030224148817
8.16067333147159,16.4284966959305,0.731579048983224,0.105865746606529,0.174165839902473
9.62271524551317,18.4187363426685,0.571553802813914,0.0846146168682346,0.163286330037397
8.84735468848148,10.1354198269054,1.30955792551026,0.291052563660047,0.214648462693295
11.5828908793359,7.64461232399572,1.49980789933108,0.538344850564367,0.420161094493511
11.5593152665625,7.82449199126865,1.46177257769733,0.513710064403509,0.416016710000213
8.66135900510363,13.4548306532463,0.923526802783724,0.160929750945822,0.176149142529432
10.2078312647184,9.74204108534419,1.25760840253598,0.312011544848844,0.175592076591042
11.1578406757191,7.15909906086654,1.66433694850951,0.627077436002036,0.478081712172447
11.4708116366427,6.0707079073889,1.97420008321179,0.866037719018061,0.492535644532095
11.3993278233185,9.71284942252868,1.15002507705234,0.320942718905494,0.28499639450082
8.55910508699091,21.0134266291492,0.50357533154516,0.0616983658172708,0.0894893136421272
9.28864347340241,35.0210629246096,0.226392317214954,0.022037488436817,0.0855874659200365
8.97481515645311,38.3089608339973,0.193486187361375,0.0173503976955598,0
11.2103613611404,6.9203434052828,1.7252076693763,0.67061635211399,0.482162041644015
11.0570940905417,6.62752609131621,1.83207796470423,0.737255382746272,0.50913074338403
8.69130200798423,16.599041234598,0.698080134196995,0.104410347418955,0.171229728061684
11.2993087122787,10.0499876977256,1.11069845383942,0.299961378723027,0.283598140816686
11.0078052352762,6.70013952254383,1.81502516395055,0.722579624805599,0.511144011193664
11.0437021574332,6.78783981521173,1.78368859285136,0.70258644267574,0.503960227077141
10.9748837417337,7.89468569671632,1.55330401513626,0.474478860868597,0.17679566072946
4.15927497414281,154.259471307006,0.0157523833156201,0.00139940576777661,0.0443290977206114
11.4669259507671,10.1397196160767,1.08714263370945,0.292422692085557,0.266451224513966
11.6161655288417,9.39928657884172,1.18005456458289,0.340784071236915,0.275983318096531
11.5612906927734,7.70503727982335,1.48813751043905,0.530184164475316,0.420001441942337
3.21434321639933,86.8652781548461,0.0533131753573987,0.00306052428925933,0
10.060725823809,12.7839209565628,0.899353232731276,0.179205716601097,0.170296443865735
9.39724818181416,42.6060755618272,0.164684132816947,0.0149642676784629,0.0761055269672856
11.2150525391173,6.3327664258527,1.91116892551376,0.803378489414562,0.505765948474407
8.73611575364988,14.4579045811553,0.836393990537118,0.138890074416117,0.174223149688715
11.0592769942469,9.6425865715108,1.18574588752165,0.330407954249877,0.317616721582893
9.7493260963045,7.7122608340908,1.73330445325632,0.50580735683627,0.21241812995825
9.92897368179298,7.65164166287366,1.73270309359603,0.511633682287289,0.19733862508711
11.9901986730687,5.87996710113551,1.9834716101913,0.90439322391395,0.454001881422946
6.52853982694697,81.6969221527021,0.0573331904658566,0.00409840646439513,0
11.0313990828469,9.98798222199974,1.15156463604247,0.294113840452789,0.170890224434182
11.5292294762459,10.1929822563597,1.07586541309787,0.288622279877966,0.26105523015725
11.9293961028048,18.7802428990457,0.478664338192626,0.0777201813330267,0.0812601995148723
11.5292519913739,5.69235676061863,2.11870448950237,0.984248136733036,0.504510958259427
7.04440902449859,52.5918993145303,0.123935452633426,0.00904085625898024,0
10.7156979188072,14.4923853070255,0.731726060268508,0.137900768801947,0.163688258493842
11.3863955991177,8.39956685132694,1.36901346831368,0.434786349146439,0.328033485454028
10.6390701695713,7.32328760725277,1.74866711402058,0.554366119635102,0.180435752530495
11.5626809364945,11.4656048085343,0.928065906251099,0.227457107302062,0.256137906007015
11.1881835636527,8.83989420174967,1.30471987216924,0.39412473423242,0.331342533249216
10.052828397559,6.58546593806872,2.06258615100314,0.697084359607124,0.235519218003784
9.52417320974055,19.1831505943089,0.540501996588514,0.0752225878477068,0.0882404120251272
11.4821252778983,5.69223143537502,2.12502894861428,0.986218172859708,0.508969057213155
11.1176452946325,6.38610767175272,1.90476458324901,0.793057823781805,0.51315419807116
8.77741403962,21.9787091812345,0.46634944576922,0.0563783154412391,0.0880950901229006
9.48656830645858,6.70208707423758,2.05764620734434,0.6999378804578,0.375439009206415
10.8697482499484,10.6257311499334,1.07704999212562,0.259793633433381,0.170299610218126
11.6973857797177,7.01534511455633,1.64574044329433,0.63895180372978,0.432843987814507
6.19324129682373,82.6208791879471,0.0568824564734721,0.00398285133377427,0
11.7495476770254,14.4701948950278,0.684645942574647,0.136750133258916,0.157726521535009
10.0476889248717,9.25866278862343,1.35541327599258,0.34635992392024,0.177498999758668
6.33585757240851,29.3348714252765,0.339706426234047,0.0287055910427599,0.0891614766972182
10.3207564300568,16.1397429731764,0.651169366299954,0.107601471992504,0.0886057298257683
11.1192992692507,6.52789848907207,1.85684063250072,0.758342169720284,0.507009554769012
10.3083999172578,16.2828216731758,0.64505143155537,0.108876126837401,0.162875685666694
11.0016653022575,14.5484566168436,0.715545107442525,0.132750583828098,0.0881624101847761
11.2637912441162,8.27921947813697,1.40345105197095,0.450243881191021,0.343216624383695
11.0200526373245,7.45066710962079,1.60342067951654,0.581239969531742,0.480812858916448
11.158680778492,12.148136799814,0.891400425584861,0.196979783346352,0.165642517676799
7.86179643496485,78.7211285825822,0.0578730677849056,0.00449393874706033,0
10.3881124344662,17.7393846280154,0.570454114575643,0.0884537637930429,0.0869929722868703
11.4718115610831,14.3131368192302,0.707063889213706,0.140317951720245,0.159651165788163
9.33488968329739,36.2975143904499,0.20723282658014,0.0194030287810966,0
11.2223325960668,6.30383144440131,1.92039035118517,0.810639879298921,0.506285810483438
11.1821944579863,9.0491046021559,1.26933117987271,0.375454767171965,0.325091430620831
11.4599749920899,5.92324240237332,2.03246842268867,0.910732351532219,0.500225478875338
10.3883567773806,6.83827587119674,1.93774221537308,0.638933142534542,0.192313227238354
10.6239208939694,8.33382922226841,1.48698953541638,0.426881997536703,0.177182800772438
9.27137259804467,21.3505929115875,0.47215173012271,0.0601612980115957,0.0871624247416957
9.66152237291109,25.204938604103,0.363207513349822,0.0427938553732331,0.0825705460158015
2.64342441791405,67.8408693836503,0.0765574950373778,0.00403724179939009,0
8.53177318097329,11.6649927930124,1.11966438092464,0.216687860692369,0.196617775878381
8.14084077008586,13.4189421710614,0.957869339200034,0.160859535205423,0.182646450677705
11.764842039469,7.07411392737722,1.62290883918285,0.626377055742992,0.424596776373393
11.4127665632433,9.52722481903059,1.19054925771287,0.322104135124065,0.170030753021915
9.67964369014285,7.40247741595614,1.82809963278011,0.552159354075256,0.233116668581999
11.0935119485313,11.9391924743765,0.92063523444794,0.19936582706844,0.0904886512236088
8.75815923371648,28.2218647464424,0.323284153394556,0.0336647341710257,0.0828315295743648
10.207260225584,6.96349454335778,1.91323270908413,0.618196127713454,0.20250950318462
10.9758955573173,9.44879922625109,1.22162137952559,0.345951366140163,0.331470422879146
9.99422868707314,6.29890756972006,2.14900753882968,0.782135156295121,0.339718766502071
9.37381125851102,15.2430520358127,0.748534342286471,0.124972941192641,0.169757303105204
10.783506177068,18.1332292725708,0.541557941072683,0.087015257421102,0.156789607809355
7.34406502070701,44.3380160908116,0.163361557862901,0.0125674135665085,0
11.2951258787199,8.46858251787765,1.36364334347266,0.429052063626881,0.333923191281358
6.7920596606045,43.6816326340502,0.170600322346756,0.0126641669648033,0
11.578683236712,9.61375144194862,1.16394232600571,0.315438135228941,0.168959546826864
8.97107396420047,9.63560436318472,1.38338717317946,0.323152681005963,0.219051276045217
9.70836513499782,34.8051789486574,0.223316050291331,0.022381537101628,0.0839618502528734
11.2305923945778,8.65266101064555,1.33474449722071,0.411376244705664,0.33363927635942
9.65997084616468,18.0468565705045,0.586220873527076,0.0882550267082164,0.163676883512098
10.2376395426334,14.148219083636,0.779464172512051,0.145386517706707,0.166951995438399
7.55144086450312,47.6093879115824,0.143926214790867,0.0110513534398492,0
11.5337526299241,7.89780730751832,1.45892136819447,0.491006336316026,0.332274585096742
9.37751386581509,20.364574680759,0.501663850660655,0.0664033240909724,0.0876820939739446
11.6906198732347,7.3609294298516,1.55675059712297,0.579183991852401,0.42060768398624
11.144098546292,9.61513072590346,1.18326834422669,0.331224529426837,0.31068681679898
10.6399513718324,7.17978542409339,1.79305481532192,0.576921616673915,0.180980559585676
9.52801096386708,29.7799304464695,0.27996479082875,0.0289904559241738,0
11.5728501293962,7.47875760534848,1.53971842377682,0.563389591645933,0.426981406700891
6.9731355212173,52.7259611707148,0.123705430238767,0.00897712362091399,0
10.9736846163995,10.791717890053,1.048748875334,0.251391632202906,0.16940836611998
7.51139902521301,29.8895739274602,0.315472825264513,0.0291301195296818,0.08536621853231
8.11514202060712,46.338627155696,0.147153708324986,0.0118008819503611,0
10.057441055371,13.7578260029615,0.82248061292327,0.14524195269001,0
8.56857704617964,42.7512038536172,0.164865341198561,0.0139043648933537,0
11.2073564539568,6.17549293418038,1.96844607198578,0.84576473185659,0.513352237766683
11.4838619853435,5.88554235954838,2.04443005787439,0.921677875207228,0.499698828835821
11.8394189007295,5.94286004332005,2.10682420022918,0.832167982824694,0.181037979436872
6.86067489539655,50.9342601966331,0.131669378459224,0.00952830751177894,0
11.4281768738917,9.53404694006194,1.18833405477359,0.32156266827756,0.169941496657189
9.22174377123293,23.0104573616776,0.425420927340354,0.0514990244397575,0.085909176855909
9.46276049043906,15.2758337541901,0.742051641870476,0.124430598341622,0.169232829508057
8.89815128244891,7.80488127689384,1.78391065453524,0.52096994701223,0.398190881129852
9.98145174563794,21.3438943039566,0.45254498668919,0.0603543965218298,0.0850195184208264
10.9021865223661,20.9242844049443,0.439577075192265,0.0627381583918862,0.0824810940432731
9.54230061881969,34.6074518598754,0.227423393881895,0.0226143606406983,0.0849427133451422
10.0817444064265,6.76907651624933,1.99248619384815,0.657898502634653,0.223573217132208
10.8730024131424,11.1692599773969,1.00429803336245,0.244259918714812,0.289221934350253
10.8210795600092,15.6998669267886,0.654317028542822,0.113599708960123,0.0875922033330749
9.12942761033539,19.1459908603596,0.555170069836363,0.0753560831917411,0.0893863323503684
10.039170271685,6.77990373267128,1.99306624905959,0.656479857217886,0.227049290014715
9.10631964347117,19.0040089151769,0.561851742231795,0.076519542184196,0.0895726625377843
4.27746029556784,50.1729840282267,0.138329992383702,0.00824753080548253,0
10.8104077336107,6.33816395820736,2.08052201430806,0.740444728106062,0.183971264242989
11.7090003763694,6.00038335201442,2.09932506729867,0.817802270034975,0.181358900373175
11.6194358045181,9.85535871366335,1.12512340821985,0.299723123124237,0.168154427148209
9.06490412992373,22.1209949019264,0.454395381263547,0.0558054015574508,0.0871334603724384
8.64166017711998,30.2467659292634,0.292891760857058,0.0291802465895965,0.0813949135918142
11.5796526818871,6.31712276023183,1.87249708890437,0.795174420196254,0.471628771880534
11.4058973216244,10.349045108901,1.0646546840921,0.280798361304318,0.265547446902746
6.86988498666194,44.8934139971911,0.162641699920908,0.012063252370426,0
6.87412723278418,88.3773650176558,0.0483534855696195,0.00361888171798043,0
2.7042336279917,112.70535824258,0.0313637639254005,0.00193885587454863,0
9.22464450237674,32.7153378276488,0.251617267711904,0.0250730285152465,0.0770073568026015
11.0863407952166,8.72346140555056,1.33415050987579,0.406844432435424,0.34462186075759
10.7762548081913,15.6592999795625,0.658491742071781,0.11757918596751,0.161241035235743
9.34960992665941,7.99641587656418,1.68310153732029,0.487444173556283,0.334122473373289
10.4163300269775,17.2385281964952,0.592072239699744,0.0938478670312369,0.0873567338401709
8.34732507831673,35.1860693176094,0.235253162606867,0.0214032285144943,0.07782087224913
7.03638205036816,37.8106074790413,0.214430132684044,0.0169014418671114,0
10.9869118344726,8.45226977148409,1.42476058838098,0.413171556906181,0.175055421311759
10.0176410631879,6.65299088390293,2.04112835382898,0.683116487945698,0.235433860464051
5.58218764914065,101.533831450791,0.0385491588330865,0.00277752197102489,0
9.95496864451821,11.7284590951399,1.01149509443602,0.213931793056997,0.172762690743293
9.38617216071067,39.546708395095,0.18584972622233,0.0173227454682723,0.0798255901574325
9.97667580698371,25.3853590538517,0.352794383980416,0.0422159234377034,0.0813499965005533
9.10864291880566,17.9687449584775,0.61078319984779,0.0889148503119278,0.166916387821792
11.0353195079309,6.73430572826007,1.80110039572426,0.714281549343176,0.506966881142814
11.8322917010401,7.29330031488246,1.55956142391377,0.586778649258675,0.410534866218961
11.3874052447349,15.1885051872039,0.658279720960377,0.124407539601537,0.158496097937416
10.8415679430172,13.0129479703652,0.834017129870829,0.171749933767195,0.165707820849515
11.505970561496,5.75981203860822,2.09313260071413,0.961992022219687,0.503487149706555
11.664753720034,10.0253355683932,1.08778824872266,0.297810595406437,0.260398630151129
8.5437969395979,23.8977649838356,0.41856429529181,0.0472431621287265,0.087209175241852
9.90286715071964,18.1959429101107,0.570642221120211,0.0867538252929148,0.162001822469656
11.1243612910503,9.7463442706109,1.17994955576825,0.308777899096591,0.170974493396874
9.4472555720271,18.4848339732152,0.575180138795796,0.0839719722092735,0.164192551006881
10.6421288713161,15.8614251973001,0.652917890786015,0.111360202784401,0.0879516822987704
11.1842210710626,13.1531053223151,0.80381703558294,0.16738681460209,0.163531918007331
11.2436272426367,8.05123894072256,1.4523866921722,0.477451989198942,0.352991178618278
11.6731562803744,5.77917799779251,2.06339399581396,0.948896171135682,0.48701935876565
10.357913466834,12.4438129769986,0.912539444365161,0.189027911998528,0.169365074285132
11.234080530448,8.75655776083309,1.31564631627679,0.401226598298929,0.329884337359052
9.6002449619484,7.11051646150092,1.90545172061249,0.616997692346451,0.343547740857938
8.11969997800082,40.4437620373459,0.184250046110547,0.0153409343957206,0
11.2123961333868,8.83707584144774,1.30319597639269,0.393998127217713,0.329218963852298
11.4337719960715,6.0806364550136,1.97510480992566,0.864505329991228,0.495604220850093
11.3973994393376,5.80780203746462,2.07070103749991,0.978874174309743,0.600623198459617
11.1212581534677,8.76542793607763,1.32358584375972,0.402226167088841,0.339973241964496
7.78855207568272,81.8441067594652,0.0538212465460101,0.00419648409843362,0
7.51819965878238,80.3311644015279,0.0565982001968474,0.00431338933244622,0
9.98726116202116,21.3999780878874,0.450699526476403,0.0600262294898755,0.0849513864509498
11.7115335128108,5.77878086494321,2.05863979683675,0.947524607976701,0.483516478354474
10.9514029419738,7.16694990583072,1.68511275991726,0.631226825490425,0.498436510741034
9.85529542817329,16.454977378244,0.653410327864474,0.103484901886099,0.0896105210913187
9.32300995718118,18.7180149006866,0.569890668035771,0.0818056983005868,0.16452776047209
11.3562777637191,8.7637987645028,1.30418612590465,0.398551878654259,0.318628238262739
10.6671207045524,6.82903916132394,1.9079504984014,0.638043910616665,0.182302672492695
4.83770945802298,56.8923630046163,0.113403258834021,0.00700971428589682,0
10.1800525261116,7.09697427274509,1.87252292088597,0.594653912189343,0.198699231395787
8.40116079766946,44.8345670833164,0.153518590717478,0.0126460145235387,0
11.021414299645,21.5643805475723,0.418347063035283,0.0589291035797907,0.0814900409576384
9.24453540918635,13.6777413091337,0.870147632847378,0.156156288962791,0.172936759971396
8.75553694995173,28.8242217609244,0.313198272277254,0.0322414858044214,0.0823008984379013
9.07306210457344,28.2892223544296,0.316555621564111,0.0336285770849947,0.081714675808571
9.27386396092711,10.8481265816593,1.16939941759892,0.251147594991776,0.177729369593178
3.43469297249293,43.7793283452336,0.163786696140714,0.00918505509832272,0
10.1630045604451,14.3952215934353,0.765887088511152,0.140364198562114,0.166931127458792
11.3249263831895,5.99273667647865,2.00732492550334,0.921736249262525,0.59960599152915
10.8804967776167,12.2790506719909,0.895971377555109,0.193332266398929,0.166893261780072
10.1301499535663,14.811240070164,0.739508690951329,0.132408452144084,0.166396363600805
6.26185690578485,70.1681303664118,0.0768325365448595,0.00527183363375934,0
11.3961373062723,13.281222781972,0.78584811836232,0.159524525578798,0.0883034189251685
8.63674247897854,13.2483262727918,0.943676823771622,0.166085197815284,0.176582299001337
11.3250740968652,12.8055506072909,0.824129332004794,0.176505714920957,0.163423625636134
9.28024572243677,8.17324468775291,1.64690552010081,0.466780546585034,0.334983787776426
9.19824404420762,38.5781601932073,0.189192915818389,0.017167878924929,0
10.6853947501123,13.4988379149547,0.803940108565114,0.15956545574638,0.165661521780125
10.9302362560264,8.78849736886217,1.33586004683567,0.403174089082099,0.357256838694283
11.3054840140851,6.37675809781105,1.99389445074084,0.727427028050361,0.181305901499065
8.8233569473585,12.1829756512313,1.03908876348373,0.197620302369115,0.177446682588141
10.2777395909595,6.27904224248267,2.15970101502054,0.764851658456173,0.230925331776939
10.6690952130125,14.4859368941127,0.735475668130585,0.134320356216434,0.0891424070988386
9.55446670101794,6.43066469939899,2.15139418297667,0.760368847803474,0.38071332141666
9.54019064807379,8.29913982718045,1.60472688617179,0.436147909448907,0.20897267206205
11.0476274891277,7.74037086301024,1.58465922938654,0.493409558907521,0.176953245653083
9.80970804013275,13.4936823173553,0.852882114644147,0.160562824303016,0.170347172633803
11.3330357331651,6.39144659587804,1.876569000675,0.78453541912907,0.491772539721186
9.26808281789664,6.90838354431151,1.99665939610856,0.684097037417055,0.497998898983612
8.71893298055648,52.4968329564253,0.115880026819015,0.009436698363163,0
10.8218776678714,10.17401678536,1.12901461282908,0.298127309472529,0.323541411424745
4.96445982423652,149.014289324938,0.0160991159719435,0.00150770712862103,0.0319547111855091
10.9891070700617,8.95456406300557,1.30143387967238,0.386808106066861,0.34614008509778
11.3502916380416,8.18762757743207,1.41427828712886,0.459125308173483,0.338508734990963
8.0288654826455,45.6124553523828,0.151639101421398,0.0121365217481966,0
10.4944829510174,14.4187952635338,0.747538971932174,0.139603461036774,0.165060065227468
11.5075413137627,7.34537089997092,1.57899713767993,0.58618719738509,0.437820643415298
6.79708783417559,110.824783620436,0.0296618547933696,0.0024762430878075,0
10.0334885593938,6.98626819742712,1.92291042932911,0.616879307178775,0.217514286416414
11.2032979724309,6.93707828854019,1.72117892274344,0.667516434421621,0.482197984289764
6.30936194195546,91.5196314838459,0.0462831343803727,0.00336670565542124,0
11.3181284895913,6.24225560228841,2.04837348957133,0.759283544326068,0.181956916897116
9.83074870826441,13.3467033935939,0.863864633624355,0.164203964352217,0.170491942910383
11.1325358711252,10.8797110557741,1.02682059935071,0.246766615132788,0.16838346987135
11.4014225878354,6.17416196792017,2.06593138217592,0.77541841275958,0.181913284192524
10.6609902812917,7.48158192553123,1.69919590056049,0.530834988119366,0.179744035746554
9.51597905250354,28.9010951216912,0.29899520044507,0.0323125905377813,0.0796243985530166
10.4042906568008,13.555085112773,0.821024897941671,0.149722402875547,0
11.4007868654773,8.35043885449164,1.37731326737759,0.439853955629572,0.328409283326786
7.29532080180575,50.4120211760517,0.131957350069586,0.00985493284928,0
10.5758139870165,15.7341915891423,0.662822438144863,0.113276511059551,0.0882543513392244
1.51048871286208,88.8534940421031,0.019722045704861,0.00128680251104258,0
11.4249452753066,6.35440951519896,1.87813332472892,0.790806136154834,0.484545510855324
11.7769462774677,14.6549314486118,0.672287376796414,0.133212651798763,0.157202029774802
10.9946404468824,7.13021026434348,1.69030896466496,0.636715959947735,0.495452092974455
10.7209608474308,7.23149935502036,1.7668239820194,0.568208653897562,0.180386246908222
11.0330216505722,22.2050989478075,0.401153706274191,0.0554844390892769,0.080834757192543
8.42467444166155,49.6320228401735,0.129292051578218,0.0104292186201067,0
9.19222231759615,10.0412176935213,1.2968290182191,0.293941858756163,0.179741190019093
9.80950587476395,26.3384312221935,0.337524293396786,0.0391266268813114,0.081020619330533
9.39445968737982,8.21230920479262,1.63889753453952,0.447772582791856,0.227822891428054
8.55492014366419,13.5858210123463,0.918083545401967,0.157568864093421,0.176442822556664
10.4386824623384,16.2807480808581,0.638700992310862,0.105622891330423,0.0881463734693267
11.2998243703255,11.6843791904645,0.933683731670722,0.207886506664458,0.090215226141762
11.5423373630585,8.45670599687097,1.34482559961078,0.426004718574265,0.312370474196391
10.2217393331801,17.0404848775353,0.610591657315814,0.0991954885555339,0.162084288144458
11.2119758123862,6.21160591675922,1.95466840386824,0.835649441573681,0.511317592924649
7.62720691713619,18.0608994377447,0.663466350318663,0.0859712732683746,0.174511131661568
11.0357873422382,7.25569905690858,1.65189492691394,0.613293452072771,0.486525190142503
11.0966683460535,11.1850260740843,0.987871753246819,0.241296339760889,0.268512664145267
10.8939210136448,9.03786108056881,1.29521446739377,0.38092239597148,0.352508823538923
11.2973724971606,8.89691728613723,1.28577772458917,0.387156159298166,0.31956948441189
9.35281692114753,33.4111238505098,0.242698441467862,0.0242338489001153,0.0871552507499451
10.477721318646,17.6620630262905,0.570603525715532,0.0892223998375462,0.0867999519591248
8.74328792576371,11.6425825972715,1.107105938936,0.216706019967204,0.178745981282435
10.3684428971333,16.1112597282515,0.650755403776807,0.107978355241767,0.088498840524054
11.4859114681595,7.18721932978606,1.68837614286,0.569719242634464,0.176772687401321
6.27169850170752,96.1387276678596,0.0418962621282642,0.00309884806810741,0
10.3992504455629,9.39231456486288,1.29946409810405,0.335580820057701,0.175473480369512
11.198319523602,6.25414376778966,1.94104383665567,0.824621083490397,0.510811200454209
11.3362744909718,6.17962287127933,1.95069685051852,0.840049429839978,0.500583084912348
11.210739174668,6.17312846114243,1.96888321965621,0.846300964085718,0.513120190239201
9.91332500600988,8.60832547284084,1.49902771403751,0.401736641734666,0.179806549325799
11.7265953750798,9.49006695825767,1.15849865760363,0.332519888258274,0.26400229289555
11.1488647619852,8.62140365550152,1.34751297097953,0.415867616744257,0.342204154620461
10.2893636387611,21.0076929892173,0.454022368702036,0.0623555183955383,0.0843518350632455
11.0512825998638,6.76455110947419,1.88045794453734,0.647792112529219,0.18070708213342
10.6282666381777,30.4248418416853,0.260260642748573,0.0294075463877483,0.0850612731130862
5.26368662823886,101.475900438739,0.0391027206653765,0.00274990776814068,0
11.5946065289056,14.6834957226902,0.678676423913422,0.13299294871117,0.158234323862849
9.43546138026419,9.77038640254338,1.320413151276,0.310923628827453,0.179194350776039
10.4875581943941,15.9157766368676,0.656379456765598,0.110671194112167,0.0883350257628537
10.2342122335687,17.6354717472953,0.580599231223665,0.0895781828076237,0.0875261589129825
11.7492120593692,6.53478561428361,1.78132207836736,0.736970102072499,0.447104201231405
10.6540029484354,8.01792622064033,1.55774969693693,0.461493784132572,0.177987188658361
9.42247983678124,8.13220287586049,1.65585991425946,0.456761444007488,0.228206580621225
11.8570372885248,12.4520924546986,0.820687710473,0.191628334681472,0.249784213894423
8.55737749907099,26.664308987537,0.355843965087991,0.0377042908497003,0.0848458790483577
11.1839484506751,10.1576341310564,1.10464218274713,0.294690255065799,0.290605248980366
11.0240101558267,9.10752238808362,1.27252873831519,0.372843318186688,0.337861240218015
10.8344299832705,9.22704836693468,1.26856674181095,0.365709279881661,0.352092878073339
8.57869151911317,32.8569850083785,0.251986719372382,0.0234170754286193,0
7.57466505972819,77.0432645679734,0.0611810194396954,0.00464167065376809,0
10.7805898409445,10.2519642699542,1.12171237743457,0.293878780145245,0.325111060532766
10.5436711096779,15.9713888164935,0.651539834716606,0.113116686305221,0.162047729527212
9.32897817213121,48.2392910961679,0.129947939492461,0.0111581539214337,0
7.32385782558209,21.4373563745322,0.52113436260502,0.0569908340593329,0.0816675559706755
10.2903109772448,21.6832130672072,0.434211855957323,0.0584127700966533,0.083737905922887
11.8804373954627,7.13353609703157,1.59553349825061,0.612794801817864,0.412209731430208
11.1282394091378,6.88722309138776,1.74418257325847,0.679589488125617,0.491548331970601
11.6609064069314,5.68873035348408,2.10295189455321,0.980176500580195,0.492433922285134
8.55273219393733,18.5033719673639,0.607557835660933,0.0832920859616697,0.169138181390427
4.10923604091571,79.4093346704856,0.0638949191902385,0.00383041345706653,0
10.1335767510496,6.85081749763945,1.958665719316,0.640811686267341,0.214726829358361
9.75115843253078,8.42154744265662,1.55776199169819,0.420344316785384,0.182753999619091
11.5306830125831,7.17194308516593,1.62113701680437,0.615001805048725,0.442112994948129
10.9043538038054,22.2022283681663,0.404408335886153,0.0555338832544469,0.0812634631284343
8.52905899443419,26.6725143071305,0.35622190359567,0.0376622278224817,0.0849280920564105
9.13435004770307,7.5680260023516,1.82204946863244,0.550858559740398,0.37838392389128
11.380490453424,8.14533693907857,1.42025755647294,0.463506754519981,0.337249945761541
10.1534569462115,27.5880084965727,0.304028484350321,0.0340508649436808,0
11.0235807468551,8.49084638059444,1.38321823707373,0.431473597403987,0.358373444679213
10.0301276919144,7.18354447732295,1.85967197745859,0.582139120437782,0.208474140305137
10.6390375761423,7.51219476314303,1.69299926821812,0.526584703804273,0.179740951939913
11.5893891227457,5.78282448554946,2.07266780554025,0.950968133789679,0.494586331657451
2.48294532586377,36.4390977730741,0.184201879591885,0.00952749933032364,0
10.9470290618081,17.3361841162046,0.569068325862858,0.0952988583331814,0.157208441807317
11.5190497786286,7.11221600609256,1.63820938622849,0.625927197089043,0.445433566538334
9.89109567145681,27.0324323672943,0.323305343012431,0.0371082167763114,0.0800953700442199
11.160136967007,6.40288939172921,1.89374735232578,0.787414682987488,0.50820325008896
8.67795856422691,11.6664925723483,1.10893574595707,0.215684510194119,0.179219872508819
12.2673433515394,11.3599326985143,0.895288146879336,0.229210293654732,0.249542254616708
11.4658390755193,5.91911101578441,2.03335315491342,0.91179838425908,0.499858326157861
11.5558561758873,6.21418119336093,1.91129872364323,0.82299560605734,0.478251060752093
9.57711198373527,7.97249215069935,1.68124743397309,0.474101675495992,0.218779213653446
1.74637750650566,59.8620168394692,0.0380064971090373,0.00205795211683498,0
3.49583633955759,44.0359639586471,0.163173191214854,0.00919843411072116,0
11.3801803443744,10.6207469221941,1.04097859629633,0.258322408411574,0.167650603848132
8.58829493759576,10.8749591562058,1.21918880357027,0.251980207594891,0.218289971635629
10.3926570221547,30.0003157319797,0.269486175718229,0.0302517969899898,0.0865819846500641
11.6227818995243,16.7638728162652,0.569738114679577,0.10230346560012,0.17472954820786
9.87300737210473,13.5496694092473,0.844757677155228,0.159170898976146,0.169923395346928
11.0258800217202,8.84937199459994,1.31672903522857,0.395856335441415,0.346126541374267
5.62362655265387,136.428135536611,0.0186202790480116,0.00172245524752875,0
11.9419063245744,12.0336946139983,0.851612534767128,0.205077822773348,0.250373667022927
8.45003452035167,11.3634093765391,1.16383987848788,0.230005871575711,0.217481837020846
8.04406559313184,17.1800395575997,0.69342534356417,0.0962931969084385,0.17368005981287
11.4106945609747,6.37133402385113,1.87407027335377,0.787009345587666,0.485184296746151
9.27740742905843,13.9988093103173,0.842447533685492,0.14889349244115,0.172254338722317
8.54241938900366,13.6817599054936,0.910400382848979,0.155269422227885,0.176355293754359
11.0240597120111,12.0078839960572,0.909050283313459,0.208657999325178,0.259544743699873
11.5011230549332,7.74378213248898,1.48519316554271,0.526074800835078,0.424141000510561
11.6929341002833,7.30502583453982,1.57042714753289,0.588253541724308,0.422442112404612
11.2571112680928,10.4384658205704,1.06366532871468,0.277410991270791,0.275835590125883
10.9488220184842,9.17703855061462,1.26725014873959,0.368123525177292,0.342723478337337
11.3427126946364,5.95635407927682,2.03451760033594,0.904921964739494,0.509952348278574
9.43858669406694,24.3620063746764,0.386668063183585,0.0458467966718016,0.0840451311931224
10.0946980962872,17.0171186378672,0.61492070248849,0.0964914363633167,0.0884633467424276
9.74616416992016,23.586042716211,0.397983852468425,0.0490792869574303,0.0837599963155942
9.61531697691001,17.0933492263455,0.632551903176597,0.0987016848552558,0.165475795810103
11.2707925514248,8.20440575291767,1.41796968069472,0.458666140782238,0.345154452909517
9.11901080249877,43.3067129802341,0.162791338465977,0.0144576176723598,0.0765981032486616
9.16205310813274,21.3937604135896,0.473898847297973,0.0598580373129722,0.08745325068764
10.1792612777541,8.43011604201361,1.51130505384429,0.418588504292545,0.179048110992446
8.87295337427489,10.8574266545352,1.19968709144332,0.250715588572009,0.185390161619334
11.0061203738804,10.0109897480319,1.13735154161764,0.306081330240218,0.311205213113612
9.2409869486122,12.7402225745768,0.954340990524537,0.18069546395282,0.174511338687793
11.2994019682356,8.94248896135661,1.27780571043055,0.38302322134739,0.317912255935046
9.29535605398693,36.3798414811855,0.206903980179142,0.0193066780585881,0
10.4669158358454,20.4428841912535,0.466600951252514,0.0659408350839134,0.0843152877747124
11.2617632894798,7.16650428766756,1.65105355701471,0.622991837981787,0.467678624391763
11.0054730304155,8.78017636616638,1.33083673857081,0.402718862525245,0.350350636852599
11.3428187706156,10.7244920985272,1.02350746698311,0.261180747383079,0.26087352041306
11.203845552948,6.81920472875972,1.75564600453094,0.691276725234983,0.486792230444702
8.68390987668382,29.3726023713321,0.305562938610673,0.0309942797245826,0.082045097654876
10.9024330525521,10.0523772960145,1.1394499007572,0.304745716023362,0.31962418961869
10.4711511435162,7.16541164516826,1.81873487613433,0.580065819995503,0.181850737438114
9.60822193338609,7.05937964810016,1.92082128326185,0.626091668337089,0.344943617490851
11.3512465065724,21.2093204645008,0.419476990571085,0.0608494348907224,0.0807379610910325
8.3048901151435,12.9913930247194,0.988777628866545,0.172147933126288,0.178531783304968
11.6378021351355,7.40612686176726,1.55089114418421,0.573223382940369,0.42371832156123
9.71232662026686,7.72815630557833,1.73251836567792,0.504140917236682,0.215444113803687
9.16474739110651,11.0304473486002,1.15349147111542,0.24267696069728,0.177903083022276
11.4192659560121,9.79258297038681,1.1373118702043,0.315231747326216,0.280859373166667
8.43779368608462,22.5802189065958,0.457177365442927,0.0530386776387967,0.0885796678836159
9.62471779006149,7.22821255296026,1.86598503616817,0.59588167852537,0.335550955138953
11.0013944329236,11.3517460238386,0.981952862281191,0.226667199267197,0.168094238020255
8.95618566370158,9.82495052102314,1.35181423604003,0.31012265418578,0.213626086044655
8.33855858285637,14.4464575807834,0.858687630657756,0.138444770125268,0.176163996133305
10.6296272152421,13.5039708049493,0.80650677042975,0.159513128788733,0.165954822087568
9.90506534914013,23.094469756932,0.406346579015414,0.0512813858383038,0.0836921653426921
8.87420605145195,32.7599129456179,0.249558559210958,0.0236801715379692,0
11.3566508876496,5.99352788864834,2.01815833514285,0.893054886607289,0.506907825701074
11.1513379387755,11.6231462204263,0.938525216628974,0.222531701555625,0.259593537060751
11.2064422291549,10.0300705787592,1.13198436433934,0.290949419880545,0.169897476765608
11.1639220740642,7.32213530504049,1.686102069443,0.551203787140583,0.177854749970098
11.4360986879945,10.2456408965321,1.07563935756341,0.286452057979658,0.265978614286933
8.45443825479071,35.2800784646732,0.232999898406004,0.0213284939612799,0.0773438736803057
10.3793650493432,12.3198018907624,0.922958754690858,0.192930163531476,0.169478520237279
6.78329078039084,81.8382376334158,0.0565136591652937,0.0041138627187882,0
11.8890088437484,5.9087341437982,2.11558482568685,0.841238480830693,0.180993542094882
11.646997002867,7.24285853014485,1.59079716028853,0.599799895301739,0.428862183523112
11.6191625295388,7.04540327615017,1.6457323321696,0.635461297763359,0.438781245253878
8.84830240144623,11.1671130704636,1.15962870401806,0.236208608025191,0.179115036394709
11.1723845303096,6.17689385939952,1.97238695277279,0.846624759788165,0.516754928895701
6.98553670336974,103.586870253521,0.0342920608431949,0.00277885511089079,0
10.9453866980548,8.97951795017934,1.30084347276315,0.385272763014436,0.349484211159363
11.3063411853114,8.9268349999078,1.27991285154645,0.384316492136464,0.317795384106584
11.2676017283499,12.3312595934788,0.868016901485436,0.190784445986594,0.164666216442869
10.4997738828049,12.7147554854757,0.889031874523477,0.171023023618469,0
12.1316213347428,13.3531550412747,0.740299866987621,0.160242194673223,0.157679599664258
9.50832677438127,31.1674721067467,0.266819131199791,0.0277195569988433,0.0774770487158712
10.9891447801497,16.3354862037076,0.614168542272182,0.1076129264074,0.158769974338768
10.575397129787,11.9977409344829,0.955801856386282,0.192906666278744,0
6.87194050599533,53.5378420737712,0.120936861512964,0.00869931761712837,0
11.2442263591107,14.451039183005,0.710447135428849,0.134279806949431,0.0875659833278826
11.8128979646002,5.8285198712108,2.16619379162638,0.865921510980938,0.18189996751733
9.19871278743654,9.47745677898676,1.39231896255284,0.332501478381006,0.19942646256367
8.47138677360178,11.8898218356735,1.09698454227213,0.208198595492791,0.195929748588988
11.4163391210246,6.33870498252473,1.88455884808766,0.795085049684097,0.486037054569154
8.77070040234611,26.8889496357078,0.347317372548716,0.0371783384846178,0.0839658814154857
8.98135877361788,19.6120942868745,0.541589953038151,0.0715890839934171,0.0894221035602175
11.08909668816,16.8302708043365,0.586423700507413,0.101136214539149,0.157247869735443
3.55683843213279,183.627895328951,0.0073666522496735,0.00100630455055402,0.0134818940592445
11.3529497978087,8.06053530196868,1.44042113497724,0.474192080578904,0.342682995458196
8.85566363202885,19.6861777611537,0.547580082727368,0.0735133457795238,0.16569202791197
10.903857104681,6.18123794572237,2.13610959698347,0.778063708370173,0.184370801244631
10.6270368587989,16.1232911672029,0.639820990625383,0.110867480848497,0.161282776670815
10.8243263619036,9.92578551225414,1.16299836955913,0.313988277417277,0.330938001715762
11.4641828638818,9.44343509711302,1.18470489185289,0.33953340290158,0.287603372028344
11.6841241505152,17.2234657858105,0.547610154065302,0.0967445879431359,0.173272827177447
9.92482811656545,7.52672033234381,1.76788310220888,0.529633501436394,0.203162722280495
11.0100810909445,10.6054885120089,1.06953135232562,0.260368709816279,0.169630082876284
9.60086252786108,6.65341165495181,2.06089082239303,0.707732704697449,0.364553800989006
9.84888537417601,17.3697188355754,0.607490756293617,0.0925036686683424,0.0888583730101615
9.58743528968253,11.5094655751762,1.06221182480391,0.222586534112856,0.174992523649367
10.2732621829789,21.2164026760172,0.448203223647075,0.0610997496325038,0.0842130775703647
10.0522662218713,31.112289352702,0.260187100890273,0.0280879582036999,0.086764446082608
10.4343587361969,11.5722661305193,0.995879986168886,0.219201280604759,0.170612722189465
11.565959910692,7.18943580269417,1.61289506086585,0.611035580264037,0.438215062070067
11.5152772953186,7.63723301209474,1.50805739284215,0.540950050732954,0.426590435337199
9.26492254485451,7.7233315787692,1.76376960718382,0.525658334303971,0.355665589663466
11.4575332047801,5.92141616001997,2.01728111444793,0.938937115683639,0.58965609827615
9.88373256642032,9.23712247985575,1.37453018929752,0.348265606085015,0.178322125428072
11.6432275148788,5.70902146374195,2.09661834202569,0.973849730049822,0.493095323636571
11.1562725335395,12.6090384408167,0.850096971795767,0.182549277299212,0.164739678622784
10.8615865142826,9.78070345416292,1.18088318795209,0.323344290774161,0.331883407145596
9.00711280308135,7.59343980953417,1.8298532658115,0.549494412455401,0.393291108931311
11.3109390878947,6.4261556773777,1.86750040636598,0.776658525600862,0.492436347334669
7.11796877847148,59.4262762493701,0.100099117507048,0.00725828859579275,0
11.6495724769034,14.6524974117723,0.678079837450008,0.133471896559669,0.15796829887668
11.190308501427,10.7245257912214,1.04148604157433,0.253921068802641,0.168410687225357
9.9943723336464,14.5369204766793,0.766473426329206,0.129460213463445,0
10.1580052746186,17.9735287558845,0.570775632071658,0.0889174013855268,0.160874278349578
10.365125202462,6.69856564870625,1.98897041358168,0.667358091119868,0.201255600310782
11.1714684313104,6.31684589159659,1.92215683809903,0.808989592817998,0.510758279666959
11.063134846964,9.59086127116819,1.19312903661387,0.334098610762911,0.318869745732669
8.37374901841343,28.5021302182745,0.325103499442642,0.0327851950989764,0.0838391963316095
8.85088275808597,21.0238951336889,0.494754262113111,0.0618733068903056,0.0886557213917114
10.2024469411782,16.1123499456262,0.657670870005769,0.108039877794263,0.0889597025365102
10.5255486225976,9.56360385592814,1.25936548436961,0.323134915607837,0.174442468605692
7.41367664321455,50.2952177226497,0.131899245769225,0.00993251061807627,0
10.9332572575792,22.5483936886447,0.394947028108843,0.0537881948529461,0.080835837883444
11.1726905815687,8.74680584768972,1.32256890491642,0.403165131558547,0.335830852290187
9.83597240718295,29.9216267577083,0.278672065810277,0.030165537109134,0.077512100178367
8.49216256791694,40.5296874295316,0.18060119031021,0.0154022212615278,0
11.1157902294504,16.5499525936133,0.598559874909121,0.104644079952604,0.157598192365333
9.82030636309774,21.1379873874292,0.463288135352574,0.061566107966989,0.0856924480431552
8.95119060601342,23.8768517791097,0.409569086659768,0.0475885582563729,0.0859956846803691
11.5981264064628,6.04936956073227,1.9664174283437,0.867642620146656,0.481574926835491
11.0711926426301,12.2295524524787,0.88908976346756,0.194508276661322,0.165960357926085
11.6103031593595,9.36314998221325,1.18595663115645,0.343621665772021,0.277586322686835
10.8378214511341,19.2690203616232,0.4949568249002,0.074385819639236,0.0842446272771973
11.7055598196412,14.3339884989507,0.695111855104114,0.139506034634419,0.158253827419182
11.7984365330389,6.11811232574564,2.03327707354042,0.785154660638338,0.18020930653507
9.65775068094297,7.81583623878493,1.71430226935246,0.493134909002617,0.217201329410053
11.172279499006,12.247111197806,0.886290280800862,0.189011734212491,0.0899683089096901
10.8405926089197,12.4849374382742,0.879483841908363,0.186938759123941,0.166711298347034
6.20998028570203,22.456158868185,0.508282593016393,0.0487291341975152,0.0833277874279064
11.717921176473,6.76573375850397,1.71429781214364,0.687461253942471,0.44065125974939
11.4272711054322,5.97050158212787,2.00227804290721,0.924611644340175,0.59045930726414
9.66796890626669,6.5652419968002,2.08522372254127,0.725871762056497,0.36122478862459
9.0025694893759,10.0683406467324,1.30766954940573,0.29385987197648,0.199287058179696
8.41673934205946,11.0642348626159,1.20640768536077,0.243988186998792,0.232593487580579
8.78894802179497,19.9038998810738,0.536543518944361,0.0692853041593307,0.0897211153238461
11.3814417912065,10.437383253718,1.05536043186831,0.276084368544497,0.26507964346731
10.8161644873126,6.11450864816081,2.17382421187574,0.797313998136822,0.194260203713433
8.44600604192851,22.2319269070951,0.46741529006587,0.0547853931055284,0.0888396580961623
7.77281975647666,40.024599104586,0.190187121002257,0.0155144257917074,0
8.51706236415262,14.9942184481404,0.808472607827454,0.128535897240183,0.174500927235803
8.35751590747196,13.7830755539322,0.912372704430559,0.15255003755997,0.177076194291554
9.80433764855011,20.8480696219746,0.472835228919862,0.0633484932253408,0.0859914332802882
9.73928349965218,7.2451721775232,1.869760021485,0.576498834682239,0.234173739875665
10.9503731320835,9.21278899494959,1.26125299040434,0.365123389787989,0.341422003138172
10.5471130241485,18.576094937489,0.532280672656088,0.0829302729669608,0.157468013869902
10.7831020277132,10.3086206044176,1.11406485081556,0.290456472243645,0.323147192756924
9.27683616248367,9.24042548251885,1.42953605655502,0.350103819757905,0.199860385386045
11.1444724314175,8.54682994629977,1.36186126667315,0.423523723798625,0.345116138827986
8.33611052532646,65.8297763702522,0.0791054885633268,0.00620359176296346,0
10.6271829954108,15.252803192079,0.688450259326773,0.124255739481908,0.162832941677773
11.2719956793574,6.16878784492392,1.96273168210409,0.845328661565952,0.50730502921418
8.09532396704427,48.0000998010001,0.138819595186255,0.0110334300805737,0
10.5579251749928,12.0628119680576,0.936818957483468,0.201134588127435,0.169033040569345
8.3554388903273,58.1616988815494,0.0986450798168519,0.00776279084918362,0
8.85757684354949,31.6710311113347,0.263397770463555,0.0253538671059276,0
11.2471378009487,10.9061421836404,1.01587888101403,0.245184712635017,0.167731859983665
11.3103293662119,11.5911034316399,0.931450973652462,0.223294334347578,0.258155169473139
9.96414654921427,10.1531801831226,1.21351458149742,0.287207994453643,0.175848117099232
10.5120692304457,6.22439694717147,2.15789721908297,0.774204650817028,0.213330964752247
9.29061397632087,11.5596945079873,1.077379112552,0.220583398694623,0.17631816509737
10.5055953286245,9.32373560450674,1.30180863475732,0.340307451610207,0.175110060080593
8.99799592294199,10.1756639394975,1.29092608067047,0.287285031677328,0.19586188835901
11.0015779438382,11.7933986666238,0.931202933002161,0.216495330964862,0.260461042756092
9.42782002095737,24.9928508297947,0.372763150713619,0.0434918807007874,0.0835206019727991
10.3067014643101,18.7906278578651,0.529826918209414,0.0785302459104072,0.0862973235041319
10.4784820192077,16.2395599496781,0.639250325316436,0.106163279908782,0.0880696733755508
6.59981097732663,25.6825805177323,0.410978866536038,0.0379274862043233,0.0805644903825603
11.6027331837505,7.70714258015394,1.48369927949196,0.528964237842903,0.416171254066228
10.881263557881,21.7456329612251,0.417009394392587,0.0579626472990897,0.0817727721971066
10.1956498929776,8.32935165301672,1.53256151344189,0.428847342693346,0.179258104212556
10.1000801109213,9.57750367082967,1.29434292410544,0.323235008515421,0.176492672117127
8.97967108088573,9.25240449174075,1.44647151706843,0.363368990351936,0.328723867122035
8.6604176728668,11.341585601631,1.15083636354237,0.229515251975414,0.192788314509998
11.0338776516548,21.6799726965873,0.414900915371188,0.0582819152105837,0.0813383709890986
10.7823237136079,9.73062957197886,1.19445076186403,0.327924787039471,0.341073011986314
11.4033840514985,8.28345799004699,1.39028446182351,0.447215996606408,0.330453953629155
10.540350906063,7.67109087293886,1.66004140396137,0.505211200607376,0.179666018757514
11.7090946170159,10.0763740284302,1.07763173632885,0.294556434198277,0.259769162294877
11.4430364887538,5.79389233403796,2.08717366952795,0.953059048006804,0.50784832495024
9.19789081452103,7.22147198451908,1.91825586072725,0.605812017257283,0.385910996566906
11.6697439300238,7.1645783782896,1.60872195417023,0.612714793466308,0.429708975513806
7.90224880229906,15.5701886279553,0.798491320284794,0.117644110334439,0.17661076232525
11.4697397893636,9.84980415082076,1.12574080216816,0.310767514600425,0.274799069352949
11.0682506334794,6.73584943972865,1.79672555013481,0.712947217865644,0.503590228625213
10.8369318122217,21.0718150013434,0.43701385597003,0.0618569144824705,0.0825489008737528
6.97305180617485,42.6820679790618,0.176242752854849,0.0133348176155819,0
11.1881369513681,8.52731747028119,1.36175104399572,0.424783070873879,0.341730417444908
10.866163288761,9.0243201449468,1.29990109017354,0.382558346614147,0.355634164311883
8.34224304080204,12.3729516270774,1.05100976094615,0.191472442671093,0.194591900706688
11.1271632876074,7.35572355695196,1.616006452752,0.594000478658018,0.473700879118723
8.87453874535762,9.6454143296933,1.38996146244117,0.323383286122644,0.229905709191423
10.6723889357978,12.0132557497884,0.934376654905644,0.20261417485227,0.168516951560283
11.4940798313829,11.3135870294958,0.947895688303739,0.2339141143093,0.257318389526177
11.220216819023,6.57879151730658,1.82817598917934,0.743252196091359,0.494915538306286
10.0163542668105,9.394476569119,1.33353256646348,0.336303048846661,0.177315397961395
10.1561928246271,33.3193693221991,0.232941908121008,0.0244716163105917,0.0837212541648982
10.4103965623781,11.6817233120126,0.985710693792352,0.215063739867989,0.170530479816165
6.63282920913055,69.8499061702682,0.0764540735188439,0.005377781249585,0
11.1707814122707,8.60027295414237,1.34955011389403,0.417621932623466,0.340882781189126
9.13672461716812,26.955037965468,0.339064285956148,0.0371482595691852,0.0827146524560443
10.4233495857255,7.49971737043872,1.72199589900295,0.52932133371375,0.180822608687701
11.1592113436106,10.4082787359141,1.08397732774266,0.269995110222968,0.169283769422484
8.53211162984868,24.2959670392641,0.40884134269537,0.0456504958153201,0.0869162496108896
8.32515145471535,48.3855049397022,0.13557378469876,0.0109211704280824,0
11.5538837881721,5.75897744731083,2.08720097693744,0.960362947943488,0.499019068801893
11.1067367273961,9.20108381132544,1.250378354363,0.363736230637569,0.327145162271527
6.75264297780238,38.9256331135348,0.214803938043241,0.0167350149383929,0.0799027000623928
9.72689220160157,6.98115350616196,1.93244100354515,0.638172392051252,0.335246936042446
9.61632567859776,25.8187697479271,0.351563842344548,0.0407235588313981,0.0821598917088536
9.4722090922402,24.6034992542625,0.380412139284584,0.0449312747850679,0.0837249967869854
11.889666725621,12.9496325765172,0.779796728398528,0.176945492831194,0.247786807983817
8.49252434343812,39.9665045998637,0.184768024598086,0.0158287297361178,0
10.8203134802089,9.87539279657732,1.17046297286589,0.317415642385162,0.332885827867454
5.82458508014696,24.3233979600432,0.455475786991341,0.0401428105655194,0.0829611912124265
9.23177705457427,9.2394346589657,1.43364389133178,0.350669313135321,0.204827510673592
10.7485991842332,13.4345287994774,0.805485604393592,0.161035529464773,0.165433025499133
9.44178833164777,35.0970919811315,0.217472868630065,0.0207770023089584,0
8.35743259649062,13.336080922197,0.952379411999623,0.163263748232181,0.177747616895571
10.9596953721376,7.82320132503434,1.57319390107849,0.483399104520647,0.177118923638184
10.7787900152106,9.24821812022567,1.26976535131722,0.364809031169834,0.356828690700025
11.6441894387983,6.83207372443352,1.70289369928332,0.675972833804933,0.444715725900523
11.7996200011695,5.56822123033543,2.13730579963706,1.01774674887515,0.48563984876963
3.01118625669803,164.63621841357,0.0128770226821785,0.00116634128151692,0.0355422799023455
9.62868018717224,7.21588033265505,1.86930684959057,0.597910260867347,0.335652003772631
9.87680164993789,7.00720222419886,1.93178962076388,0.615654860709572,0.231459924216623
11.3442961025678,13.2337331952291,0.789132064498007,0.164992754985599,0.162483338491354
11.7439264498058,5.5677380167765,2.14483132771019,1.02024568159213,0.490700706507351
10.9149342998896,8.44402669476045,1.40212734246,0.438404274761002,0.370405295205901
10.9439546837403,10.987142775982,1.01992731846411,0.252180226205876,0.287962765703855
10.9798415454612,11.5335488002858,0.96370161306056,0.219470330627977,0.167833850158029
11.2553026691826,11.8495512608324,0.909637136796453,0.213705235398252,0.25781938359429
7.63219017820347,64.1155938261882,0.0856960285584828,0.00641806257510454,0
11.3288319263401,8.72985013339025,1.3125030958337,0.402233078245291,0.322195899332858
9.12630329686077,19.4301792617886,0.544022309362517,0.0730850552407921,0.0891685155557719
9.52965137213995,8.58406710541518,1.54112880729693,0.406290415183166,0.198538036751429
11.1415262772641,6.41592042272169,1.89159261856961,0.784782882069207,0.509499030751062
8.68946806865079,12.0775761537467,1.05980525989783,0.200925074124473,0.17823672788687
9.07139547572296,9.29329121444523,1.43739790728592,0.348022056194936,0.220662978520079
6.14549635809047,35.6029793367652,0.252365635584167,0.0193217674122245,0.0846830844183775
8.70326403766633,10.8133155008003,1.21891041035059,0.254228015802389,0.206725549363602
11.493937853725,5.80783054441329,2.07472632729144,0.946429732647227,0.502356824671056
7.09756065299474,51.3578592891633,0.128791906934672,0.00946096043470518,0
11.3705529324038,12.1374964431064,0.875817616713771,0.203249129905048,0.255722929468646
11.035246810722,6.42588180981724,2.01174030220757,0.718619516288991,0.182401763475247
11.0373964849926,7.80856065477751,1.5256446959486,0.51296116113722,0.381075745906135
8.37021603260069,13.5557965277186,0.93161968375661,0.157887864788354,0.177358835883375
10.8372161086135,6.59823973478393,1.97091414470879,0.682715782342201,0.182529795575392
7.11021294207435,30.8735763827524,0.305369227638959,0.0268979453783768,0.0857628614512969
11.4443396068136,8.5579341972579,1.33413272000759,0.417258787175146,0.3175911503328
7.79638120115755,20.974245064063,0.517894000952552,0.0580629582262266,0
10.0679860381783,15.142295218276,0.72101072106056,0.122928472037089,0.0901797330727067
9.98329329498029,25.0853298843484,0.358842312011255,0.0432634300314635,0.0816074982031546
8.61822953950437,37.7115476264036,0.201860902672654,0.0177898911162418,0
6.08377865361525,43.7382133604286,0.173310602853435,0.0121972542144217,0
9.88872339675462,7.26478359506485,1.84853935329507,0.570866062843956,0.218337436441219
11.4758867097773,8.73015979463859,1.30032082065368,0.399810638784084,0.309159061633393
11.7105681456091,7.08372733667398,1.62590912620596,0.626051332178809,0.429073590758692
11.0524027180661,8.86945453881846,1.31093384678572,0.393564503874542,0.342968372536274
9.72255373051603,12.2017469186118,0.976736305902706,0.197437202861155,0.173054559079543
8.41022913900966,12.2736872468655,1.05724529791936,0.194506849831084,0.189755558965945
11.0542004156891,9.63030778556486,1.20358541276605,0.316693944861901,0.171608635955795
10.3386227936118,10.2336620476649,1.17118391008437,0.281962713477022,0.173838723675472
8.82803509906496,13.0055512368739,0.954754168325232,0.17282792148473,0.176064966222527
5.40804327570306,42.3609661056814,0.184143030133889,0.0123676995106623,0
8.6234490518224,8.94059351359692,1.54483325554934,0.395743519994077,0.387760502698893
9.08825372917585,29.2067300465112,0.301445979250427,0.0315142910364894,0.0808192417526161
9.24613612501364,8.58318692325026,1.56714695387385,0.409767355602196,0.228940113495949
10.8747421904138,17.159457071624,0.579670891640515,0.097381976979231,0.157975943487886
11.1335746912899,9.20682649069028,1.24728826227214,0.362865892139974,0.324488878368563
9.94338302301056,7.13490002348065,1.88356625533744,0.59185259354659,0.218962664062642
11.3227340986822,10.2270531805595,1.0858316286967,0.288866022241465,0.276301790748131
11.4289262686303,18.5906071442188,0.500878488973166,0.079740391801422,0.0830404618535897
10.310971329229,7.55804388633683,1.71848562529948,0.521524431546749,0.181154890024625
8.99258263018732,16.6997003382977,0.679332022119835,0.103368187621547,0.16949792748951
9.27396088828711,18.2196484152691,0.589596976937739,0.0836284421078744,0.0897417635144449
11.2389137212117,12.7945429765977,0.833630738139245,0.172600511951076,0.0892259337510901
9.923249134164,19.5802725585316,0.512519536732361,0.0721483139904862,0.0867382593676226
10.6053079986743,6.33945599463347,2.10122968244166,0.743645621971218,0.199153087305585
11.5552936852206,6.1195935952273,1.94557348423359,0.849058704918735,0.48243606431364
8.92466019089604,23.8958041039944,0.409733332627828,0.0474973570743288,0.0860623142873332
10.2230380356017,8.92339420001072,1.40260271184055,0.372886508301464,0.177492421462921
10.8228285551305,10.2683493629259,1.11640549980271,0.29237862170048,0.320579943507399
6.19076178983944,96.5969983146289,0.0416422777897959,0.00306832558894381,0
6.82213717500755,36.6959305131274,0.226602743538432,0.0177536432374057,0
9.96487687399068,7.83561591093715,1.68038619497061,0.486308723361601,0.186055102222798
9.71203502578253,8.55127862160351,1.53242612291757,0.407466647868126,0.181459143239509
9.94581948059647,16.7733258119386,0.634916068164582,0.102574046818804,0.164121839116288
8.34043283254862,11.2410442535052,1.18851297321605,0.236286994852586,0.235777443182522
10.4444586560844,6.44964674654129,2.0739165648235,0.720462162023197,0.207050559548222
11.3815698208577,5.7983806837703,2.09343102844496,0.954007135165002,0.513527965668582
11.6849474428334,5.88460263525214,2.01923745846611,0.914327364720879,0.481041104131417
7.33810707116991,26.8812779765007,0.373650441254806,0.0359575576589091,0.0883213010272052
11.9575631385576,16.5393581336912,0.567428706627456,0.104732817671627,0.172762079066986
11.5622493927543,7.02672390776314,1.65681788601798,0.640444532789758,0.444692732719791
9.94982704541634,16.0436019691836,0.673537319403664,0.112414008461787,0.165320152245277
11.0120958134357,6.81137201591735,1.78026859449929,0.698584378041152,0.506207430090927
10.0490077834002,17.9173210876638,0.57490994096985,0.0867215730960733,0.0878182151761886
10.8249454701765,6.61143186559118,1.86571153400813,0.748316027418263,0.533669411139932
11.0222931204383,6.96668068414516,1.73321921505736,0.666860211160302,0.499015846031647
10.0542227330645,36.6652193866019,0.201931751501319,0.0202051908844946,0.0801880697653971
4.99917177349971,148.848165828055,0.0161113200503629,0.00151184956388854,0.0319154886406278
8.95294271157876,7.38690732477285,1.8972909782569,0.583015046168626,0.40940058098535
11.4213703559877,8.02724114602429,1.44126473652543,0.476939401032996,0.337692878467544
6.17900028472831,23.6560242609038,0.470931803954242,0.0436941403432825,0.082679130808965
10.9712040292113,13.971197819294,0.756232211883317,0.144371232706523,0.0887947603443221
9.55507988306488,9.86718499047664,1.29381690367306,0.304767959211409,0.178433242273953
11.2343941980413,6.39415952898559,1.99674441370224,0.724103253066827,0.181572260624018
11.7155114485236,9.95950022727176,1.09277567339,0.301547045251059,0.260165401745361
11.184979763266,10.3384608413966,1.08120437686014,0.283932557758702,0.285148147998394
11.2879803582405,8.39138792876875,1.37914955313529,0.437415203649744,0.337181514924082
9.28385450924016,15.662453069281,0.726204797867811,0.118143833914602,0.169552538973883
11.125950891475,8.78926392648422,1.31892006360466,0.399881352407276,0.338749373117178
10.9015914325075,8.22679861210557,1.4827281595456,0.436917883025444,0.176140641862377
11.1614763967309,8.34406233920129,1.39964109836528,0.444869814681456,0.350428598860441
9.89035774208802,13.5406155111322,0.844431216330168,0.15937707985564,0.169841451671596
11.4022377587947,7.81720070183273,1.48882362147547,0.504202688483462,0.34684295448726
11.2772567029683,6.02080148137603,2.01783394956032,0.887825997701551,0.513391168356095
11.2749233988446,10.173275755983,1.09614219010646,0.292653922260761,0.282074793622685
9.8278347338149,16.3501076658295,0.660425653145974,0.104874885110474,0.0897857126474345
11.2746751397057,6.02509718446002,2.01650270225646,0.886636490208068,0.513447007770975
11.2801098902484,10.5530625618074,1.04808189185673,0.270842935376645,0.270490907538208
10.9200290339146,7.0179609932522,1.73028126307511,0.659829642860557,0.507416205100244
11.7431342251902,6.83977773391975,1.69007664096499,0.671646305112923,0.43549734992708
7.57086372809803,62.0653836211709,0.0910426942080413,0.00679278582028099,0
9.19679589999438,12.7840175874831,0.952829691963199,0.179393004528521,0.174649699862693
11.2584328093092,8.21332118372044,1.41726056391216,0.457865723594877,0.345978125370699
10.5172211053866,7.89050967363724,1.60463512094114,0.477330103122555,0.179053826545601
9.13786072446672,7.9648374837619,1.71422311689625,0.495138523337305,0.360993273024878
7.47299080463979,40.5896143850782,0.188069767170227,0.0149582471536502,0
10.0808941695632,13.8895935433078,0.806717817677922,0.151134856934569,0.168237738741914
10.1455754981789,7.53128219535879,1.74573999912242,0.525746361879986,0.182026098232771
10.145534671025,9.64146645349474,1.27917446471619,0.318771868200639,0.176105232478436
10.7436563680602,7.73853393330995,1.61901557941481,0.495397168956302,0.178458356449575
10.6456615849519,10.5596281130323,1.10249824572395,0.263757926388058,0.171604372835479
10.8578709454042,12.21444705522,0.903361997833391,0.195470980823657,0.167137644009352
10.7003214351175,17.0512270234668,0.590050534895907,0.095842658145588,0.0866969468138512
9.80654613626049,7.10900571077291,1.90580765425745,0.598608769988898,0.233644177405319
11.1628022730124,8.87604522704492,1.30050732185859,0.39119134932223,0.332490618870788
9.39631471195184,29.3109509261465,0.29472334110175,0.0313709209135099,0.0796589054682862
8.50385863120351,24.1220791265568,0.413824036132451,0.0463115746286901,0.0871455205732121
7.55179728028765,50.279875351626,0.131268069156109,0.00997753128603701,0
8.87610547315481,11.500204016703,1.11473805484771,0.222486140475558,0.17837411676628
11.2593364896174,8.35663239807069,1.38846769233393,0.441714710596274,0.340975048046652
10.5018658068785,15.7720392425809,0.664304125358746,0.116109987143757,0.162642919203532
10.2716144824311,13.2500987075839,0.846506498649131,0.166295859568009,0.168338156461607
9.37908131656631,20.1475663582878,0.509182685472131,0.0678963081344209,0.0878544922810282
6.07005521842425,75.5990467226837,0.0675036885895161,0.00460903180899953,0
10.8170433878739,9.80100112017109,1.18142082703446,0.322537951381892,0.335517014463845
8.16534384867071,48.4506198064352,0.136233196996769,0.0108574828374517,0
10.7733911000761,11.5254912335061,0.995389743359686,0.209457366742361,0
10.7471356586843,7.42767062186908,1.70475961651764,0.538178431611082,0.179526333941335
11.5796616285202,5.81799780876254,2.05944483422919,0.939737241034433,0.493842168585411
11.3052097482445,6.3602836873257,2.00066067058811,0.731238434112687,0.181392587868049
9.19263054158177,27.7349769797792,0.323894070116383,0.0350571965102667,0.0818171617396535
5.81022692367046,122.088055455045,0.026814077439975,0.00214802204163551,0.0448641207901417
11.5116852002869,9.78759317007975,1.13137293043093,0.314395542908192,0.273079334520806
8.2459805037479,45.7165577829808,0.149654763495518,0.0121437324230474,0
10.6610006543412,6.18601617699865,2.15884081724923,0.781293726694699,0.20290454921852
8.62169290561812,27.8685775806594,0.331885851357243,0.0344754041209974,0.0835866767523313
7.45613925418289,44.3100603801861,0.162843622961459,0.0126290525468535,0
11.0833748630676,11.5052491833034,0.954974123670556,0.227383409092788,0.260659318544372
10.9992252758472,8.97749860265307,1.2966195911311,0.384589370520077,0.344429793370329
6.98509589054463,33.8931816063084,0.25614848474571,0.0209357218563731,0
8.69822380007097,50.1577490603446,0.125388587569429,0.0102733535013765,0
7.98650715037295,48.0750744540196,0.139105697190513,0.010974062458762,0
11.7225993208751,7.00181511679823,1.64681199610411,0.640805550824733,0.431097044716524
10.4933228899127,10.6008489966815,1.10863515855509,0.26206164097857,0.172292663221927
8.39625849774515,21.6876307328705,0.485776542638633,0.0576256955515553,0.0894130824450235
10.7987875019876,13.8060640224185,0.776978574321686,0.148192763439808,0.0894281625735492
9.83297215738976,6.59615628494316,2.05370205413745,0.714989520309909,0.341783748712085
11.4848068794804,7.24284729885143,1.60740432119941,0.603895703953978,0.443703348783161
9.93648931532518,7.97893749874301,1.64642185673102,0.468511833283262,0.182782768024694
10.1616486041821,19.7212432434772,0.500029028500605,0.0710752354186533,0.0859066989177331
2.11526438005913,71.8286903652703,0.0612804867297645,0.00316035677247343,0
10.5143324669825,6.78100521748035,1.94534057903546,0.648091116765696,0.184172321495412
10.2204002115803,12.5907367028132,0.90734177098445,0.184729979804737,0.169814863040987
11.0049398239017,9.46961311173615,1.21608988373284,0.343946803565134,0.328085797771259
10.755886678513,13.0722122075439,0.833908317989604,0.170296226059295,0.166062894410792
10.870691650438,6.22720938685504,2.12032356720795,0.766796590963545,0.184277642330334
9.38781080934215,7.71720630585314,1.75180325864774,0.524294718392755,0.341407252801554
7.42671828751613,26.0250348896875,0.390709762156765,0.0385463848604465,0.0887428063512737
10.8196527976871,7.81601306259642,1.59006964912169,0.485107137379136,0.177814592490866
9.39996891632644,8.98300613289051,1.46902118149291,0.370405521291033,0.196466144657778
7.62775848013035,73.353814159362,0.0669698836872679,0.00506021049808137,0
9.92085731358472,17.4901401478376,0.599024388060256,0.0911849317091406,0.0885506497490075
10.2589832922393,6.77926983763675,1.97091553192165,0.65276246832026,0.206739466467214
11.5687361676541,5.68211893539041,2.11788755176438,0.986229848142352,0.501302290313655
11.3811888108238,6.510842436397,1.83114194595539,0.753999697564184,0.48215202098668
11.0905368721631,6.10208952781472,2.14455087495202,0.797019103854499,0.183895511348516
7.07723099309574,28.5402744095066,0.345041509076812,0.0314998398650395,0.0877516369767261
8.90474371211372,52.3214501375134,0.115538813526374,0.00952212452856399,0
11.4991066426352,11.353176847513,0.943485452669648,0.232250263308296,0.257134125250207
11.2171443673148,6.2471609837716,1.94117763496402,0.825835203529492,0.509253582307353
11.0864168834962,7.93268926407046,1.53247938263112,0.469267209064722,0.1761393102029
10.2698626636437,7.27199150385474,1.80980601167604,0.56382665548294,0.182486830498979
11.8054031266419,6.95935882745392,1.64988056161707,0.646596536865973,0.425352063106641
7.16858143989032,55.0208786750452,0.114184444802482,0.00835660523474404,0
9.81292121295234,6.43826455143688,2.11599811688979,0.752100234521088,0.351811042805137
11.4006552879411,10.1591193805338,1.08920537501015,0.292027477146226,0.27155491135914
8.40391190358729,35.1900860763705,0.227829734058245,0.0203270795588082,0
11.1397155386911,11.5786814682003,0.94379731768489,0.224310167236408,0.259855280465452
11.4378899620158,5.82547403188406,2.07479501531746,0.942829547206183,0.506858721193222
9.17359503180031,6.96498145341138,2.0050398970788,0.653441147363065,0.400679801096433
8.7357943303922,9.22303361939216,1.47642349479181,0.369055893369096,0.361503678511044
9.43456502673006,14.550812953804,0.792647244247694,0.137540721131885,0.170555996786883
10.8803901352387,11.6894958225345,0.949063383672227,0.221668232337612,0.273699346619797
11.0481077082948,9.95314429832711,1.15535465859938,0.296160481137024,0.170886782984362
10.7642580427225,9.25707445780309,1.29059544073615,0.344402200876011,0.174004017042242
8.91981501346404,9.8065422605008,1.35801570172905,0.311708902573205,0.218515513442311
7.15972799107591,33.6638796006219,0.257427110497303,0.0213808476481548,0
9.48787269659506,6.54265077081879,2.1165911071468,0.735463820281445,0.382909783188085
11.2837820191014,6.22499491227968,1.94081335085468,0.829489739683582,0.503694279180755
10.6836883474473,7.96921104788298,1.56651415073168,0.467074758543013,0.177995642749607
10.0166299623896,7.63233055206706,1.72979765870252,0.513113723072478,0.189755042453127
11.6639018195962,7.14193077774585,1.61527143380489,0.616852967115656,0.431087762927708
11.1531006944975,6.32269752251423,1.92239008823241,0.808095716143585,0.512326647667193
11.3504764624478,6.5734708296128,1.81453880630761,0.740394254941126,0.48250517455772
11.7824924664871,7.00980938441884,1.63842350078455,0.637720351025646,0.425455046492607
11.407374345425,8.75459542569093,1.3016068483505,0.398597091856369,0.314389342945687
11.3746100139319,12.3211544995292,0.859283269253843,0.197135583681107,0.255077935305378
10.5652383935642,6.36009618971736,2.09699783643471,0.739394195402341,0.201435142702282
10.4924669259387,9.28648481246611,1.30943847522336,0.343136798814106,0.175258601695144
8.77482954891335,9.88283046236223,1.35369723402908,0.318242206278519,0.331148516065475
9.9595418372763,6.8886817954224,1.96335460104822,0.636477572520423,0.229262535273979
9.13141507288337,36.4891525247932,0.207641471507234,0.019150858882521,0
10.5646376557009,12.3887458982915,0.904992693381603,0.190430335306599,0.168376809037138
10.5932969867418,6.46348879133666,2.05370052927993,0.714567120509918,0.193586809848179
9.75527963226868,16.4080690211252,0.660163067706221,0.104108398974234,0.0899242681226242
10.2359847953687,10.2036073214465,1.18408030017214,0.283884161934537,0.174427670326888
9.83380470023598,9.79383722076467,1.28143739538422,0.309247738016656,0.177272161775344
11.1070870045041,12.3298246473908,0.882454566860094,0.186554278891535,0.0900581739660271
9.50527879397487,42.0326377952981,0.162036388056413,0.0145685766844608,0
12.2286743004411,5.66002876336868,2.18779595278772,0.912445039319415,0.180864799059744
9.41634483398777,7.88974893005258,1.70317946322806,0.500175295261098,0.330818160355519
11.4183570389541,9.49402593552146,1.18054775768095,0.336379470650226,0.290021185545063
11.4076001960373,7.96899569043192,1.45496130578319,0.484450060225273,0.340970667353465
9.48703021061494,6.95454607228289,1.96976055337069,0.648490281359852,0.363600336840228
11.4424850456744,15.37003725463,0.645842150957165,0.121341607113087,0.157832004191291
8.72617937244684,12.2049765833764,1.04323349617847,0.196713891230532,0.177861259216922
11.0444881805315,6.66835890012268,1.91634105240471,0.66683499857805,0.181178996274664
0.682381687393518,61.759316535897,0.0467033520116126,0.00216725052829475,0
10.7295451260208,10.1172880335617,1.14367903077068,0.30281603346928,0.334160041776558
10.3084386248804,6.34000756643521,2.13145827911121,0.749117952588561,0.224872475972367
9.76879703225819,18.0385707989505,0.58243925134929,0.0883330450742929,0.163053171591506
9.08284308713814,7.17986394490695,1.9456538869904,0.615578964900998,0.402127837035336
11.5425608445676,7.38121526864288,1.56652414842539,0.579509079910773,0.4332824481638
10.6317333713038,6.12315112945199,2.18872910967125,0.798564505613436,0.208869593669876
11.3283627161486,6.39336957457258,1.87648420753022,0.784211029894699,0.492144981761035
8.39748637756905,14.8454496397149,0.825312157778306,0.130996358270545,0.175294460115418
10.5761105775869,6.61887989670587,1.99713221599,0.680464451225471,0.187020920406242
5.57776901172484,43.9989129017452,0.172883295371682,0.0116781677501263,0
11.6239686106066,9.08257682084825,1.22891388474316,0.365966427328382,0.285139627995462
10.915377837531,21.8003991986513,0.41466041346543,0.0576518057546515,0.0816097940141438
11.7293103150751,6.8179564403277,1.69784234326689,0.676433693924016,0.437586323297237
11.5665952374008,5.8742217624585,2.03836100084768,0.922108551723433,0.492451787631878
10.033862528703,7.46436015323897,1.77520999937035,0.537294485055199,0.195388526109729
10.1091747886083,16.5542523562905,0.639272772732809,0.105334968250065,0.163551049609235
10.1269482422848,7.11587740007091,1.87161326810522,0.592204144906612,0.202651364415989
9.87631711752153,6.92478173937094,1.95953962736886,0.630995415744274,0.235507424766162
9.52755652925954,11.7563421982569,1.03801185744883,0.213134107299913,0.174831475743747
7.6383964474507,49.5319057363767,0.134177053580746,0.0102850973406344,0
11.4020255568441,8.88833428061325,1.27874564674725,0.386291536499647,0.31052237738946
10.2661934398089,14.9172051685628,0.72618457257726,0.126710698092206,0.0898456781993776
10.8868921896173,9.36412577712952,1.24209933764606,0.353835094972602,0.342619129586293
9.78793428876352,13.114543444829,0.886213712380361,0.170250153109594,0.171112705209469
11.8995040680939,16.9990271382848,0.549400864582074,0.0991121527163434,0.172161684158345
11.3179825588703,7.69485259364154,1.52477271995075,0.522687327315827,0.358915250686235
8.94600534974006,32.9835959619546,0.246023567787195,0.0233856856996473,0
9.03218734197069,43.2489502511668,0.158239803936363,0.0137011130476423,0
9.81165649914479,10.3811518924157,1.19246960455113,0.274660654621756,0.176115194484589
8.61746187430104,35.8335650456564,0.219156854776336,0.0196893402949505,0
6.71414530511503,56.2235363711365,0.111784268411269,0.00791587868356929,0
8.45463056726223,18.903871391356,0.593466839229599,0.0795803020728604,0.169075570584949
9.70717333106736,30.4667869515465,0.273155808394297,0.0290619555201612,0.0774453821914219
8.07645796619194,61.3561387066983,0.090877772068957,0.00700849682725832,0
11.4843239067056,10.8094358215423,1.00367748494884,0.256523771192616,0.259204831564931
10.3588911168483,9.46173552967072,1.29112830576892,0.330715389207055,0.175506628730164
11.4072523938065,8.60121974663963,1.32926216914101,0.413527883931454,0.319439257171579
9.65522344890561,16.3163313561795,0.671382408262169,0.108630568184663,0.166506947691202
9.75022557630543,24.5813433099618,0.374772221703764,0.0450763499830689,0.0828472377525987
11.0841473771368,9.06313398670465,1.2749988429134,0.375739486346379,0.333678147758678
9.88632821483557,7.49735628356765,1.77991932298307,0.534532676209219,0.208201621157536
9.12811829274494,8.02809000035132,1.69919835787821,0.487189836389714,0.359545170185823
11.2559589786789,6.48090477183026,1.85585344458762,0.765137872069382,0.495489028264851
8.45414456519535,20.7820997139065,0.514572312178309,0.0630263737118753,0.089954715363992
11.1053593051299,6.63759280418227,1.82307582280054,0.733467855600706,0.503871088501813
10.4852788472352,15.3069788123155,0.691769201695305,0.123486737753863,0.163552879899034
11.0081435109925,7.50177328191829,1.65298055384711,0.525915545164542,0.177969090066682
11.2550914647085,7.92435594856054,1.47877775366895,0.493171037569314,0.356425643019888
11.1741609444689,6.9980793330493,1.78481361017595,0.603964473768417,0.179079743099422
9.37203837273668,34.0673638521036,0.235262722376241,0.0233094408252395,0.0863218670273876
9.05083725498672,8.81011121662358,1.5273769750202,0.401912576203247,0.337008522971116
11.0994911641762,7.65156111117011,1.60214057574579,0.504721430914011,0.176999237666751
9.17171805461303,10.7536231267221,1.19074078747161,0.255599433516401,0.178399032689295
9.66734754054124,8.98334072590837,1.44493002615437,0.36871441069716,0.17997989500198
11.5262134814104,7.82186728076793,1.46547778855787,0.514782213708921,0.419121389162176
8.8402359441039,9.89267955822244,1.35010581803993,0.306655197949922,0.224567290554925
9.20346570688542,24.0533347148358,0.399406788492969,0.0469864739351119,0.0850687166722383
8.68243337763335,21.9432731057483,0.469910096491862,0.0564969557931915,0.0883903745356691
11.0603194608339,7.16409411020099,1.67372878610013,0.628797365504391,0.487555410470138
6.84644694913792,62.808271169363,0.0917546235486862,0.00652208907574599,0
7.34964531163005,64.5283788346558,0.0857443601676503,0.00630335540053377,0
9.61853299402309,19.3275263449267,0.531835715437145,0.0740832893058355,0.0878511017532603
8.03919694328572,26.6708267946254,0.36555711763606,0.0373036769774791,0.086441073710734
8.91908661170311,15.9077394876885,0.728482844279104,0.114212913747946,0.171103021897027
11.6299284884738,6.84063118601689,1.70196754460077,0.674650893108013,0.445687738901256
7.68069543494194,67.3613096465152,0.0782118626086842,0.00588450742916643,0
11.3643871453964,6.23513485693551,2.04481226203845,0.760570756083527,0.181763565645999
10.9272159009455,9.06726295506078,1.28739378356002,0.377825527844265,0.348350362201026
10.5679439490263,6.56196742013147,2.01891674174732,0.692924312378143,0.190622817627896
11.3282504230744,6.37323044698279,1.88335681316157,0.789264887308643,0.493009591562749
11.2328977330788,6.91299586503694,1.72479241362136,0.671430747124795,0.48024859630663
11.1384227395528,12.1614418087135,0.887689978376494,0.203053694727369,0.257931351968418
8.16138072663617,24.2483923607725,0.418355856036224,0.0455147741250474,0.0880507887327986
10.0613770233025,21.558106679012,0.444016892100393,0.0591243719692027,0.0845785058732565
11.0148432678573,8.86196312729231,1.31544112362501,0.394862976320077,0.34675257330172
9.01949566124505,9.38279111571305,1.42510587387279,0.34151425358971,0.22313605789386
11.3830702312845,6.17335963287884,1.94715401045611,0.840131538914817,0.496356381449524
6.43745379708587,73.5572215907469,0.0700806869478646,0.00488915340318741,0
11.3015382778549,6.25141006257621,1.92913642246472,0.821767797156383,0.500817068817503
8.74051787072121,10.5721743858526,1.25085353740496,0.26661635101105,0.211097671904618
10.2735458252289,21.1164769387905,0.451184001631187,0.0616967243882053,0.0843033282354238
10.7781477298136,13.1656273389872,0.825106170859235,0.167801331068487,0.165768884625164
9.08003446457393,19.2057579936667,0.554465675948571,0.0748432434985944,0.0894786107408962
11.0055546189147,11.94685934521,0.916049626681926,0.210885558334393,0.2599219618302
10.7666817219999,9.60916009102803,1.21386532500012,0.336894876075962,0.346427975100496
11.314484273357,7.92265715070523,1.47360991203074,0.492193579357904,0.351037642307623
11.6253827828186,5.82399869615094,2.05113361813872,0.936006927203335,0.48932066826407
11.8740218185111,7.09634153376107,1.60592750947701,0.619553204910808,0.414153036373696
11.2873602009495,6.65486866878646,1.79618454966219,0.723983444698333,0.485270136411039
11.5083405259962,7.62625728469961,1.51126931669618,0.542710134368659,0.427613737041445
11.0688471653016,6.55187632566833,1.8551133242828,0.754320836212273,0.511070985057222
10.3043556821715,12.3271456221445,0.927006708064676,0.192803871572817,0.169861713966784
10.7904783551308,13.5618835716594,0.793525374193541,0.157894038260766,0.164967246180726
9.65055228322091,14.1347165748293,0.811615942391127,0.145998241209477,0.170109789907647
10.8047702133592,11.8058380537497,0.94223970332296,0.217717590538589,0.277347930920516
9.87298627841236,16.5499142700718,0.649513256672716,0.105464174614448,0.164912312521387
8.78462269054639,36.8429422866114,0.207914750809016,0.0186869287242494,0
9.39984880611055,17.4908344997519,0.618902177938483,0.0910872866051851,0.0899983895163052
11.885124634917,6.12980013034907,1.9023282768195,0.834733329672378,0.452072717857945
11.5140717986054,7.8490562385704,1.47141684620222,0.497728590921509,0.335735863685797
11.2964761749285,5.87427176277441,2.07344749265862,0.932525361326094,0.518224265590087
11.1478045748899,6.42123959891841,1.88901334970109,0.783253683919968,0.508651022250546
10.7675052016242,10.8048643738127,1.06213566384891,0.251378574487766,0.170459993239461
9.82042623213133,14.9633291617238,0.744811347403192,0.129802171352819,0.16783013753022
9.92778079322636,7.6608178743613,1.73031542186727,0.510371434585566,0.197060166895002
10.3973289253223,16.7401945745403,0.616776837230472,0.0997289885156948,0.0878520658436504
11.0527961018543,6.56789505040742,1.85183647927492,0.751092260868514,0.512023467582726
11.029315030629,21.0669302838277,0.432050315082216,0.0618250594087929,0.0819399652235245
11.8073075236254,13.5163569733832,0.744727783869064,0.157061688818065,0.159264195197218
10.7273171327166,6.7312388353075,1.93553801462054,0.656499431276185,0.182446663857697
8.90086052068719,43.1560744467536,0.159808418807558,0.0137308302303214,0
10.7270328588525,22.3625475730034,0.404621284787744,0.0547545795561221,0.081687695103198
11.2904266487672,10.929418972034,1.00345075896485,0.251574434768744,0.260645257738031
11.2183081690543,6.2140378634608,1.95298584557127,0.834761923849526,0.510586816332344
11.1610822981404,10.7329482536317,1.0426762350912,0.253620753882854,0.168557077994261
10.8318405950231,10.1269391078972,1.13461207864113,0.300926583740932,0.324030399965487
11.1105824164941,8.88583634322062,1.30316316060096,0.39112473986075,0.33699814728723
8.14452118153037,35.2285187684017,0.230139394049787,0.0201608891020953,0
9.38120400944891,19.6537695241162,0.527217656549897,0.0714886637691802,0.0882652208528142
11.0271737169256,7.0815548380334,1.70011841723328,0.644799065120054,0.494051437050073
10.1684457134684,16.4066538238762,0.644450957611524,0.10726715952763,0.163463948332025
6.15420709569217,54.4450871539988,0.12003312548992,0.00819622179742555,0
10.5316258478374,6.70702971426631,1.96966675336647,0.662756207419487,0.186360703024941
11.1783074215253,11.0772897658362,1.00074321498404,0.237735083134394,0.167730805569012
